#VRML V2.0 utf8
# 3D model generated by easyeda2kicad.py (https://github.com/uPesy/easyeda2kicad.py)

Shape{
    appearance Appearance {
        material  Material 	{
            diffuseColor 0.10196078431372549 0.10196078431372549 0.10196078431372549
            specularColor 0.03137254901960784 0.03137254901960784 0.03137254901960784
            ambientIntensity 0.102
            transparency 0.0
            shininess 0.5
        }
    }
    geometry IndexedFaceSet {
        ccw TRUE
        solid FALSE
        coord DEF co Coordinate {
            point [
                -1.811 1.6848 0.0787, -1.811 2.3319 0.0787, -0.2953 2.3319 0.0787, -1.811 4.1743 0.0787, -1.9685 4.1743 0.0787, -1.9685 5.9252 0.0787, 1.3803 2.7506 0.0787, 1.3846 2.7894 0.0787, 1.6759 2.6655 0.0787, 1.3851 2.3799 0.0787, 1.3851 2.5288 0.0787, 1.5147 2.5288 0.0787, -0.2953 3.4746 0.0787, 1.7023 2.8847 0.0787, 1.6722 2.9136 0.0787, 1.7356 2.9849 0.0787, 1.738 2.7899 0.0787, 1.7356 3.1865 0.0787, 1.3865 2.7028 0.0787, 1.672 2.6584 0.0787, 1.4055 2.6584 0.0787, 1.5147 2.3895 0.0787, 1.5579 2.3895 0.0787, 1.738 2.3319 0.0787, 1.3419 3.1865 0.0787, 1.3419 3.1337 0.0787, 1.4455 2.9305 0.0787, 1.4082 2.907 0.0787, 1.3741 2.8712 0.0787, 1.3528 2.8338 0.0787, 1.3419 2.3799 0.0787, 0.2953 2.3319 0.0787, 1.3419 2.5816 0.0787, 0.2953 3.4746 0.0787, 1.6924 2.9849 0.0787, 1.6353 2.9348 0.0787, 1.6924 3.1337 0.0787, 1.3402 2.7899 0.0787, 1.3371 2.7511 0.0787, 1.3403 2.7039 0.0787, 1.7354 2.8152 0.0787, 1.7223 2.8532 0.0787, 1.3953 2.8188 0.0787, 1.4135 2.8461 0.0787, 1.4398 2.8699 0.0787, 1.5429 2.8985 0.0787, 1.5856 2.8945 0.0787, 1.6194 2.8838 0.0787, 1.6931 2.7962 0.0787, 1.6972 2.7595 0.0787, 1.6825 2.8249 0.0787, 1.6662 2.849 0.0787, 1.6467 2.8675 0.0787, 1.6914 2.7072 0.0787, 1.3527 2.6584 0.0787, 1.7356 2.5816 0.0787, 1.7152 2.6584 0.0787, 1.5932 2.9472 0.0787, 1.5462 2.9513 0.0787, 1.4902 2.9456 0.0787, 1.4702 2.8861 0.0787, 1.5123 2.8966 0.0787, 1.5579 2.5288 0.0787, 1.6924 2.5288 0.0787, 1.6924 2.3703 0.0787, 1.7356 2.3703 0.0787, 1.738 2.7402 0.0787, 1.7402 2.756 0.0787, 1.9685 2.3319 0.0787, 1.7404 2.7667 0.0787, 1.738 5.9252 0.0787, 1.9685 5.9252 0.0787, -0.8536 0.4935 0.0787, -1.9685 0.4935 0.0787, -1.9685 1.6848 0.0787, -0.8536 -0.502 0.0787, -0.2953 -2.5118 0.0787, -1.811 -0.502 0.0787, -1.0179 -2.5118 0.0787, -1.811 -2.5118 0.0787, -1.0179 -3.9173 0.0787, -1.9685 -2.5118 0.0787, -1.9685 -3.9173 0.0787, 1.3419 1.7462 0.0787, 1.7356 1.5925 0.0787, 1.0255 -2.5054 0.0787, 1.348 2.1255 0.0787, 1.3641 2.0795 0.0787, 1.7356 1.6502 0.0787, 1.738 -3.9173 0.0787, 1.0255 -3.9173 0.0787, 1.7356 2.1865 0.0787, 1.7356 2.2935 0.0787, 1.3419 2.2935 0.0787, 1.3419 2.1824 0.0787, 0.2953 -2.5054 0.0787, 1.3419 1.799 0.0787, 1.3929 2.0366 0.0787, 1.7356 1.9478 0.0787, 1.7173 2.0913 0.0787, 1.7311 2.1366 0.0787, 1.6275 1.9962 0.0787, 1.6622 2.0183 0.0787, 1.6933 2.0505 0.0787, 1.7356 1.8902 0.0787, 1.6252 1.8526 0.0787, 1.6252 1.69 0.0787, 1.3932 2.0362 0.0787, 1.4241 2.0083 0.0787, 1.4585 1.9899 0.0787, 1.4976 1.9794 0.0787, 1.5338 1.9766 0.0787, 1.5865 1.9822 0.0787, 1.7324 2.7004 0.0787, 1.9685 -3.9173 0.0787, 1.7079 6.1098 3.7305, 1.7079 6.1221 3.7305, 1.691 6.1221 3.7565, 2.0276 5.9252 2.6378, 2.006 5.9252 2.3426, 2.0171 5.9344 2.4319, 2.0033 5.9386 2.343, 1.9851 5.9441 2.2251, 1.9416 5.9252 2.0537, 1.9401 5.9525 2.054, 1.8358 5.9252 1.7772, 1.8341 5.9665 1.7781, 1.8563 5.9642 1.8221, 1.9314 5.9541 2.0207, 1.7609 5.9742 1.6327, 1.691 5.9252 1.5191, 1.6888 5.9805 1.5204, 1.5101 5.9252 1.2848, 1.5097 5.9941 1.2851, 1.5173 5.9936 1.2928, 1.6471 5.9841 1.4555, 1.3735 6.0027 1.1463, 1.297 5.9252 1.0793, 1.2953 6.0073 1.0814, 1.0562 5.9252 0.9071, 0.793 5.9252 0.7717, 0.8517 6.032 0.7978, 1.0391 6.022 0.8967, 1.0557 6.021 0.9079, 1.2138 6.0122 1.0137, 0.5128 5.9252 0.6762, 0.6546 6.0421 0.7188, 0.7921 6.0351 0.7739, 0.2217 6.0629 0.6234, 0.2444 6.0618 0.625, 0.2218 5.9252 0.6224, 0.4511 6.0521 0.6611, 0.5122 6.0491 0.6784, 0.0381 6.0712 0.6106, -0.0741 5.9252 0.6116, -0.074 6.0762 0.6142, -0.6547 5.9252 0.7188, -0.6538 6.1036 0.7213, -0.5794 6.0998 0.6948, -0.3683 5.9252 0.644, -0.3743 6.0899 0.6451, -0.3682 6.0896 0.6443, -0.1674 6.0803 0.6172, -0.9271 5.9252 0.8346, -0.9262 6.1177 0.8364, -0.7793 6.1099 0.766, 1.8358 5.9252 3.4984, 1.8358 6.0359 3.4984, 1.691 5.9252 3.7565, 2.006 5.9252 2.933, 1.9791 5.9532 3.0787, 1.9416 5.9252 3.2219, 1.9416 5.9748 3.2219, 1.8938 6.0024 3.3621, 2.0221 5.9283 2.7858, 2.006 5.9377 2.933, 1.5101 6.1221 3.9908, 1.5101 5.9252 3.9908, 1.297 6.1221 4.1963, 1.297 5.9252 4.1963, 1.0562 6.1221 4.3685, 1.0562 5.9252 4.3685, 0.793 6.1221 4.5039, 0.793 5.9252 4.5039, 0.5128 6.1221 4.5994, 0.5128 5.9252 4.5994, 0.2218 6.1221 4.6532, 0.2218 5.9252 4.6532, -0.0741 6.1221 4.664, -0.0741 5.9252 4.664, -0.3683 6.1221 4.6316, -0.3683 5.9252 4.6316, -0.6547 6.1221 4.5568, -0.6547 5.9252 4.5568, -0.9271 6.1221 4.441, -0.9271 5.9252 4.441, -1.1798 6.1221 4.2868, -1.1798 5.9252 4.2868, -1.4073 6.1221 4.0974, -1.4073 5.9252 4.0974, -1.6048 6.1221 3.877, -1.6048 5.9252 3.877, -1.7681 6.1221 3.6301, -1.7681 5.9252 3.6301, -1.8938 6.1221 3.3621, -1.8938 5.9252 3.3621, -1.9791 6.1221 3.0787, -1.9791 5.9252 3.0787, -2.0221 6.1221 2.7858, -2.0221 5.9252 2.7858, -2.0221 6.1221 2.4898, -2.0221 5.9252 2.4898, -1.9791 6.1221 2.1969, -1.9791 5.9252 2.1969, -1.8938 6.1221 1.9135, -1.8938 5.9252 1.9135, -1.7681 6.1221 1.6455, -1.7681 5.9252 1.6455, -1.6048 6.1221 1.3986, -1.6048 5.9252 1.3986, -1.4073 6.1221 1.1782, -1.4073 5.9252 1.1782, -1.1798 6.1221 0.9888, -1.1798 5.9252 0.9888, -1.0085 6.1221 0.8789, -0.9706 6.12 0.8577, 1.2831 6.1221 3.971, 1.4716 6.1221 3.7596, 1.6256 6.1221 3.5218, 1.7079 6.1221 3.3498, -0.364 6.1221 0.7003, -0.3942 6.1221 0.7031, -0.4216 6.1221 0.8361, -1.3814 6.1221 1.4067, -0.5264 6.1221 0.7233, -0.5682 6.1221 0.7326, -0.6917 6.1221 0.9216, -0.656 6.1221 0.7521, -1.5532 6.1221 1.632, -1.6885 6.1221 1.8809, -1.7842 6.1221 2.1475, -1.8382 6.1221 2.4256, -1.849 6.1221 2.7087, -1.8165 6.1221 2.9901, -1.7415 6.1221 3.2633, -1.6256 6.1221 3.5218, -1.4716 6.1221 3.7596, -1.2831 6.1221 3.971, -1.0646 6.1221 4.1513, -0.8211 6.1221 4.2961, -0.5583 6.1221 4.402, -0.2825 6.1221 4.4665, 0.0 6.1221 4.4882, 0.2825 6.1221 4.4665, 0.5583 6.1221 4.402, 0.8211 6.1221 4.2961, 1.0646 6.1221 4.1513, -1.1773 6.1221 1.2102, -0.9456 6.1221 1.0473, -0.9686 6.1221 0.8615, 0.2319 6.1221 0.7286, 0.1041 6.1221 0.7067, 0.1416 6.1221 0.7928, 0.0363 6.1221 0.6999, -0.1416 6.1221 0.7928, -0.0265 6.1221 0.6936, 0.5888 6.1221 0.8407, 0.4695 6.1221 0.7944, 0.4216 6.1221 0.8361, -0.1588 6.1221 0.6892, -0.1614 6.1221 0.6893, -0.291 6.1221 0.6936, 0.4238 6.1221 0.7802, 0.3473 6.1221 0.7563, 0.2333 6.1221 0.7289, 0.8183 6.1221 0.9583, 0.7857 6.1221 0.9402, 0.6917 6.1221 0.9216, 0.7052 6.1221 0.8953, 0.6096 6.1221 0.8505, 0.9846 6.1221 1.0711, 0.9496 6.1221 1.0464, 0.9456 6.1221 1.0473, 0.8801 6.1221 0.9972, 0.8233 6.1221 0.9614, -0.7711 6.1221 0.7857, -0.7831 6.1221 0.7892, -0.9073 6.1221 0.8347, 1.6251 6.571 3.5215, 1.7079 6.2574 3.3498, 1.631 6.5716 3.5118, 0.9483 6.1243 1.0489, 0.9455 6.1244 1.0474, 0.7773 6.1343 0.9586, 0.6908 6.1391 0.9239, 0.5974 6.1444 0.8865, 0.4215 6.1539 0.8366, 0.1415 6.1682 0.7952, 0.2231 6.1641 0.8009, 0.4117 6.1544 0.8338, -0.421 6.1964 0.8385, -0.3416 6.1922 0.8192, -0.1528 6.1826 0.7937, -0.1416 6.1821 0.7934, 0.0348 6.1734 0.7877, -0.9444 6.2258 1.0492, -0.8858 6.2223 1.0132, -0.7112 6.2122 0.9295, -0.6914 6.2111 0.9225, -0.5288 6.2021 0.8646, -1.3798 6.2542 1.4081, -1.3373 6.2509 1.3589, -1.2009 6.2418 1.2301, -1.1765 6.2402 1.2113, -1.0499 6.2322 1.1141, -1.6638 6.28 1.8279, -1.5703 6.27 1.6589, -1.552 6.2684 1.6328, -1.4607 6.2603 1.5019, -1.7393 6.2901 2.0063, -1.6865 6.2831 1.8817, -1.8364 6.3123 2.4257, -1.8323 6.31 2.3795, -1.7957 6.3002 2.1913, -1.7825 6.2978 2.148, -1.8491 6.3194 2.5681, -1.8473 6.3262 2.7087, -1.8148 6.3404 2.9897, -1.8248 6.338 2.9443, -1.8466 6.3285 2.7555, -1.7832 6.3479 3.132, -1.7395 6.3551 3.2626, -1.7218 6.358 3.3156, -1.6415 6.3681 3.4919, -1.5437 6.378 3.658, -1.6243 6.3698 3.521, -1.2823 6.3983 3.9701, -1.3038 6.3969 3.9508, -1.4304 6.3877 3.8117, -1.4698 6.3843 3.7582, -1.1637 6.4062 4.0765, -1.0632 6.4124 4.1495, -0.8421 6.4258 4.2855, -1.0091 6.4158 4.1888, -0.6652 6.4359 4.3645, -0.8206 6.427 4.2951, -0.2824 6.4564 4.466, -0.2934 6.4558 4.4648, -0.4813 6.446 4.4245, -0.5575 6.4418 4.3996, -0.1047 6.4653 4.4852, 0.0 6.4704 4.4859, 0.2714 6.4839 4.4682, 0.0827 6.4744 4.4863, 0.6441 6.5037 4.3725, 0.5575 6.499 4.3996, 0.4595 6.4937 4.4302, 0.2824 6.4844 4.466, 0.821 6.5138 4.296, 0.8219 6.5138 4.2956, 0.9902 6.5238 4.201, 1.1463 6.5335 4.0903, 1.0631 6.5284 4.1493, 1.4697 6.5565 3.7581, 1.4162 6.552 3.8287, 1.2883 6.5429 3.9661, 1.2829 6.5425 3.9708, 1.5312 6.5616 3.6767, -1.552 6.5806 1.6328, -1.5703 6.5822 1.6589, -1.5532 6.5945 1.632, -1.6638 6.5922 1.8279, -1.6826 6.5945 1.8678, -1.4607 6.5725 1.5019, -1.3814 6.5945 1.4067, -1.3798 6.5663 1.4081, -1.1773 6.5945 1.2102, -1.1765 6.5524 1.2113, -1.2009 6.554 1.2301, -1.3373 6.5631 1.3589, -1.0499 6.5444 1.1141, -0.9456 6.5945 1.0473, -0.9444 6.538 1.0492, -0.6917 6.5945 0.9216, -0.6914 6.5233 0.9225, -0.7112 6.5244 0.9295, -0.8858 6.5345 1.0132, -0.5288 6.5143 0.8646, -0.4216 6.5945 0.8361, -0.421 6.5086 0.8385, -0.1416 6.5945 0.7928, -0.1416 6.4942 0.7934, -0.1528 6.4948 0.7937, -0.3416 6.5044 0.8192, 0.0348 6.4856 0.7877, 0.1416 6.5945 0.7928, 0.1415 6.4803 0.7952, 0.4216 6.5945 0.8361, 0.4215 6.466 0.8366, 0.4117 6.4665 0.8338, 0.2231 6.4763 0.8009, 0.5974 6.4565 0.8865, 0.6917 6.5945 0.9216, 0.6908 6.4513 0.9239, 1.1758 6.4222 1.2121, 1.1077 6.4266 1.1556, 1.1773 6.5945 1.2102, 0.9483 6.4364 1.0489, 0.9456 6.5945 1.0473, 0.9455 6.4366 1.0474, 0.7773 6.4464 0.9586, 1.3814 6.5945 1.4067, 1.3812 6.4083 1.4069, 1.2535 6.4172 1.2766, 1.6071 6.3887 1.7206, 1.5511 6.394 1.6333, 1.5532 6.5945 1.632, 1.5032 6.3985 1.5588, 1.3847 6.4081 1.4104, 1.6879 6.3793 1.8812, 1.6885 6.5945 1.8809, 1.6941 6.3786 1.8934, 1.7842 6.5945 2.1475, 1.7626 6.3685 2.0746, 1.8408 6.3489 2.4499, 1.8371 6.3501 2.4258, 1.8382 6.5945 2.4256, 1.8116 6.3586 2.2611, 1.7819 6.3646 2.1481, 1.8504 6.3397 2.6378, 1.849 6.5945 2.7087, 1.849 6.3389 2.7087, 1.8382 6.3326 2.85, 1.8165 6.5945 2.9901, 1.8165 6.3201 2.9901, 1.7912 6.5945 3.1022, 1.7842 6.3015 3.1281, 1.777 6.5917 3.1537, 1.7381 6.2748 3.2621, 1.7392 6.5857 3.2625, 1.7134 6.5817 3.3366, -1.1504 6.6466 0.9682, -1.1788 6.6483 0.99, -1.1793 6.7221 0.9895, -1.9676 6.7146 2.1485, -1.9771 6.7169 2.1973, -1.9788 6.7908 2.197, -2.0235 6.743 2.7668, -2.0213 6.7438 2.7857, -2.0207 6.8177 2.7857, -2.0194 6.8192 2.8196, -1.4287 6.8113 4.0765, -1.4064 6.8127 4.0965, -1.4065 6.8865 4.0967, -0.1147 6.8798 4.6621, -0.074 6.8816 4.6624, -0.074 6.9554 4.6634, 1.2561 6.948 4.2294, 1.2957 6.9504 4.1948, 1.297 7.0242 4.1963, -0.0142 7.1808 0.6103, -0.0739 7.1834 0.6138, -0.0666 7.2569 0.6113, -1.773 7.3756 3.6213, -1.7677 7.3761 3.6299, -1.7665 7.4499 3.6293, 0.2214 7.4854 4.6507, 0.0923 7.6843 4.6633, 0.1433 7.4818 4.6603, -0.0741 7.6359 4.664, -0.0621 7.4727 4.6644, -0.074 7.4721 4.6634, -0.0741 9.3898 4.664, -0.3683 9.3898 4.6316, -0.3683 7.9491 4.6316, 0.0923 7.832 4.6633, 0.2218 9.3898 4.6532, -0.0741 7.8804 4.664, -0.2218 7.9176 4.6532, -0.6547 9.3898 4.5568, -0.9271 9.3898 4.441, -0.9255 8.013 4.4378, -0.793 8.0078 4.5039, -0.6547 7.9943 4.5568, -0.5128 7.9747 4.5994, -1.4056 7.9938 4.0957, -1.3523 7.9971 4.1485, -1.4073 9.3898 4.0974, -1.1904 8.0066 4.2791, -1.1798 9.3898 4.2868, -1.1794 8.0072 4.2863, -1.0138 8.0165 4.3937, -1.4981 7.988 4.0041, -1.6048 9.3898 3.877, -1.6035 7.9804 3.8759, -1.7681 9.3898 3.6301, -1.7665 7.9666 3.6293, -1.7462 7.9687 3.6682, -1.63 7.9785 3.8436, -1.8442 7.9587 3.4803, -1.8938 9.3898 3.3621, -1.8913 7.9526 3.3611, -1.9222 7.9486 3.2829, -1.9791 9.3898 3.0787, -1.9789 7.9386 3.0791, -2.0221 9.3898 2.7858, -2.0139 7.9289 2.8724, -1.979 7.9386 3.0786, -2.0221 9.3898 2.4898, -1.9791 9.3898 2.1969, -1.9908 7.9008 2.2537, -2.0198 7.9104 2.4606, -2.0209 7.9117 2.4898, -2.0276 9.3898 2.6378, -2.0274 7.9196 2.6662, -2.0196 7.925 2.7856, -1.8938 9.3898 1.9135, -1.9401 7.8908 2.0487, -1.9769 7.898 2.1975, -1.7675 7.87 1.6459, -1.7753 7.8707 1.6583, -1.7681 9.3898 1.6455, -1.8679 7.8808 1.8492, -1.8915 7.884 1.9143, -1.6639 7.8608 1.4792, -1.6048 9.3898 1.3986, -1.6027 7.8562 1.4002, -1.5361 7.8512 1.3144, -1.4073 9.3898 1.1782, -1.4067 7.8429 1.1787, -1.1798 9.3898 0.9888, -1.1784 7.8294 0.9908, -1.2369 7.8327 1.0312, -1.3943 7.8421 1.1658, -1.0641 7.8229 0.9119, -0.9271 9.3898 0.8346, -0.9261 7.8155 0.8365, -0.6547 9.3898 0.7188, -0.6824 7.8028 0.7285, -0.8783 7.8129 0.8104, -0.3683 9.3898 0.644, -0.4796 7.7928 0.6678, -0.6543 7.8014 0.7201, -0.0741 9.3898 0.6116, -0.2731 7.783 0.6287, -0.3678 7.7875 0.6466, 0.2214 7.7607 0.625, 0.1388 7.7645 0.615, 0.2218 9.3898 0.6224, -0.0666 7.7736 0.6113, -0.074 7.774 0.612, 0.3457 7.7549 0.6399, 0.5128 9.3898 0.6762, 0.5125 7.7469 0.6778, 0.793 9.3898 0.7717, 0.752 7.735 0.7549, 0.5512 7.7451 0.6866, 1.0562 9.3898 0.9071, 0.9447 7.7249 0.8438, 0.7922 7.7329 0.7734, 1.2968 7.7051 1.0795, 1.2939 7.7053 1.0767, 1.297 9.3898 1.0793, 1.1262 7.715 0.9518, 1.0549 7.7189 0.9093, 1.4455 7.6961 1.216, 1.5101 9.3898 1.2848, 1.5081 7.6919 1.2865, 1.5826 7.6868 1.3704, 1.691 9.3898 1.5191, 1.69 7.6783 1.5197, 1.8358 9.3898 1.7772, 1.81 7.6672 1.724, 1.705 7.6771 1.5405, 1.9416 9.3898 2.0537, 1.8956 7.6571 1.9183, 1.8338 7.6644 1.7781, 2.0052 7.6364 2.3427, 2.0035 7.6372 2.3261, 2.006 9.3898 2.3426, 1.9604 7.647 2.1201, 1.9393 7.6503 2.0544, 2.0248 7.6277 2.5329, 2.0276 9.3898 2.6378, 2.025 7.623 2.6378, 2.0251 7.6186 2.7382, 2.006 9.3898 2.933, 2.0054 7.6097 2.933, 1.9416 9.3898 3.2219, 1.9392 7.5958 3.2212, 1.9615 7.5993 3.151, 2.0042 7.6091 2.945, 1.8972 7.5892 3.353, 1.8358 9.3898 3.4984, 1.8339 7.5817 3.4976, 1.8121 7.5791 3.5474, 1.691 9.3898 3.7565, 1.7075 7.5692 3.7312, 1.4487 7.5502 4.0564, 1.5081 7.5542 3.9891, 1.5101 9.3898 3.9908, 1.5855 7.5595 3.9016, 1.6899 7.5678 3.7558, 1.0562 9.3898 4.3685, 1.1301 7.5313 4.3212, 1.297 9.3898 4.1963, 1.297 7.5409 4.1963, 1.2974 7.541 4.1959, 0.793 9.3898 4.5039, 0.9488 7.5214 4.4296, 1.0549 7.5272 4.3662, 0.5124 7.4992 4.5977, 0.5557 7.5012 4.5877, 0.5128 9.3898 4.5994, 0.7563 7.5113 4.519, 0.7923 7.5132 4.5023, 0.3502 7.4913 4.6349, -0.2686 7.4633 4.6475, -0.2218 7.5987 4.6532, -0.3678 7.4586 4.629, -0.3683 7.5671 4.6316, -0.4751 7.4535 4.6089, -0.5128 7.5415 4.5994, -0.6543 7.4446 4.5557, -0.6547 7.5219 4.5568, -0.6781 7.4435 4.5486, -0.8742 7.4334 4.4672, -0.793 7.5084 4.5039, -0.926 7.4306 4.439, -0.9271 7.5011 4.441, -1.0602 7.4234 4.3661, -1.0138 7.4997 4.3937, -1.1784 7.4167 4.2849, -1.1794 7.4905 4.2863, -1.1904 7.4899 4.2791, -1.2332 7.4136 4.2472, -1.391 7.4042 4.1129, -1.3523 7.4804 4.1485, -1.4065 7.4032 4.0967, -1.4056 7.4771 4.0957, -1.5332 7.3951 3.9646, -1.4981 7.4713 4.0041, -1.6027 7.3899 3.8754, -1.6035 7.4637 3.8759, -1.6613 7.3855 3.8001, -1.63 7.4618 3.8436, -1.7462 7.452 3.6682, -1.8661 7.3656 3.4307, -1.8442 7.442 3.4804, -1.8914 7.362 3.3612, -1.8913 7.4359 3.3611, -1.9387 7.3555 3.2313, -1.9222 7.4319 3.2829, -1.977 7.348 3.0781, -1.9789 7.4219 3.0791, -1.979 7.4218 3.0786, -1.99 7.3455 3.0264, -1.9769 7.3813 2.1975, -1.9788 7.3075 2.197, -1.9799 7.3077 2.201, -2.0194 7.3359 2.8195, -2.0139 7.4121 2.8724, -2.0207 7.3344 2.7857, -2.0196 7.4082 2.7856, -2.0274 7.3267 2.6139, -2.0274 7.4028 2.6662, -2.0196 7.3211 2.49, -2.0209 7.395 2.4898, -2.0145 7.3174 2.4077, -2.0198 7.3937 2.4606, -1.9908 7.384 2.2537, -1.9237 7.2977 1.9971, -1.9401 7.3741 2.0487, -1.8913 7.2935 1.9145, -1.8915 7.3673 1.9143, -1.8461 7.2876 1.7995, -1.8679 7.364 1.8492, -1.7666 7.2794 1.6462, -1.7753 7.3539 1.6583, -1.7675 7.3533 1.6459, -1.7485 7.2776 1.6114, -1.1784 7.3127 0.9908, -1.1793 7.2389 0.9895, -1.1941 7.2397 0.9992, -1.6328 7.2677 1.4357, -1.6639 7.344 1.4792, -1.6034 7.2656 1.3998, -1.6027 7.3395 1.4002, -1.5012 7.2583 1.2749, -1.5361 7.3345 1.3144, -1.4056 7.2523 1.1798, -1.4067 7.3261 1.1787, -1.3557 7.2492 1.1301, -1.3943 7.3253 1.1658, -1.2369 7.316 1.0312, -1.0178 7.2298 0.8842, -1.0641 7.3062 0.9119, -0.9258 7.2249 0.8371, -0.9261 7.2988 0.8365, -0.8291 7.2198 0.7875, -0.8783 7.2962 0.8104, -0.6542 7.2109 0.7199, -0.6824 7.2861 0.7285, -0.6543 7.2847 0.7201, -0.6311 7.2097 0.711, 0.2214 7.2439 0.625, 0.2216 7.1701 0.6237, 0.1916 7.1715 0.6193, -0.427 7.1997 0.6557, -0.4796 7.2761 0.6678, -0.3679 7.197 0.6461, -0.3678 7.2708 0.6466, -0.2203 7.19 0.6222, -0.2732 7.2663 0.6287, -0.074 7.2572 0.612, 0.1388 7.2478 0.615, 0.3984 7.1619 0.6498, 0.3457 7.2382 0.6399, 0.5122 7.1564 0.6788, 0.5125 7.2302 0.6778, 0.6031 7.152 0.702, 0.5512 7.2283 0.6866, 0.7928 7.1423 0.7722, 0.752 7.2183 0.7549, 0.7922 7.2162 0.7734, 0.8022 7.1419 0.7757, 0.9923 7.1318 0.8696, 0.9447 7.2082 0.8438, 1.0549 7.1283 0.9092, 1.0549 7.2021 0.9093, 1.1705 7.1219 0.9822, 1.1262 7.1982 0.9518, 1.2958 7.1146 1.0808, 1.2939 7.1886 1.0767, 1.2968 7.1884 1.0795, 1.4455 7.1794 1.216, 1.5081 7.1752 1.2865, 1.4818 7.1032 1.2539, 1.5088 7.1013 1.2859, 1.3342 7.1124 1.1111, 1.8338 7.1476 1.7781, 1.8356 7.0738 1.7773, 1.8338 7.074 1.7728, 1.6154 7.0938 1.4124, 1.5826 7.1701 1.3704, 1.6889 7.0878 1.5205, 1.69 7.1616 1.5197, 1.7335 7.0841 1.5862, 1.705 7.1604 1.5405, 1.81 7.1504 1.724, 1.9142 7.0639 1.9693, 1.8956 7.1403 1.9183, 1.939 7.0597 2.0544, 1.9393 7.1336 2.0544, 1.9734 7.0539 2.1725, 1.9604 7.1303 2.1201, 2.0044 7.0459 2.3429, 2.0035 7.1204 2.3261, 2.0052 7.1197 2.3427, 2.011 7.0442 2.379, 1.9392 7.0791 3.2212, 1.9407 7.0053 3.2216, 1.9471 7.0062 3.2031, 2.0269 7.0348 2.5855, 2.0248 7.111 2.5329, 2.0256 7.0325 2.6377, 2.025 7.1063 2.6378, 2.0218 7.0257 2.7909, 2.0251 7.1019 2.7382, 2.0037 7.0191 2.9327, 2.0054 7.0929 2.933, 1.9953 7.0161 2.9978, 2.0042 7.0924 2.9449, 1.9615 7.0826 3.151, 1.8774 6.9961 3.4035, 1.8972 7.0725 3.353, 1.8333 6.9912 3.4972, 1.8339 7.065 3.4976, 1.8121 7.0624 3.5474, 1.7871 6.986 3.5955, 1.69 6.9772 3.756, 1.7075 7.0524 3.7312, 1.6899 7.051 3.7558, 1.6778 6.9761 3.7761, 1.5518 6.9665 3.9427, 1.5855 7.0427 3.9016, 1.5084 6.9636 3.9893, 1.5081 7.0375 3.9891, 1.4116 6.9573 4.0933, 1.4487 7.0334 4.0564, 1.2974 7.0242 4.1959, 1.0549 7.0105 4.3662, 1.0555 6.9367 4.3672, 1.085 6.9383 4.3506, 1.1301 7.0146 4.3212, 0.9006 6.9283 4.4544, 0.9488 7.0047 4.4296, 0.7919 6.9226 4.5013, 0.7923 6.9965 4.5023, 0.7564 6.9946 4.519, 0.7057 6.9182 4.5386, 0.5127 6.9086 4.599, 0.5557 6.9845 4.5877, 0.5124 6.9824 4.5977, 0.5035 6.9081 4.6018, 0.2973 6.8983 4.6434, 0.3502 6.9746 4.6349, 0.2215 6.8949 4.6507, 0.2214 6.9687 4.6507, 0.0906 6.8889 4.6633, 0.1433 6.9651 4.6603, -0.0621 6.9559 4.6644, -0.3678 6.9418 4.629, -0.3679 6.868 4.6298, -0.3215 6.8703 4.6397, -0.2686 6.9465 4.6475, -0.5274 6.8604 4.5956, -0.4751 6.9368 4.6089, -0.6539 6.8541 4.5543, -0.6543 6.9279 4.5557, -0.678 6.9267 4.5486, -0.7289 6.8503 4.5298, -0.9228 6.8403 4.4432, -0.8741 6.9166 4.4672, -0.927 6.84 4.4408, -0.926 6.9139 4.439, -1.1057 6.8303 4.3373, -1.0602 6.9066 4.3661, -1.1782 6.8261 4.2846, -1.1784 6.9 4.2849, -1.2751 6.8206 4.2142, -1.2332 6.8969 4.2472, -1.391 6.8875 4.1129, -1.8914 6.8453 3.3612, -1.8929 6.7715 3.3618, -1.8867 6.7724 3.3805, -1.5673 6.8021 3.9241, -1.5332 6.8783 3.9646, -1.603 6.7993 3.8757, -1.6027 6.8732 3.8754, -1.6915 6.7925 3.7557, -1.6613 6.8688 3.8001, -1.7661 6.7855 3.6289, -1.7677 6.8594 3.6299, -1.7987 6.7825 3.5736, -1.773 6.8589 3.6213, -1.8661 6.8488 3.4307, -1.9539 6.7624 3.1794, -1.9387 6.8387 3.2313, -1.9764 6.7575 3.0781, -1.977 6.8313 3.0781, -1.99 6.8288 3.0264, -1.9995 6.7525 2.9736, -2.0261 6.7338 2.5615, -2.0274 6.81 2.6139, -2.0198 6.7306 2.49, -2.0196 6.8044 2.49, -2.0077 6.7244 2.3548, -2.0145 6.8007 2.4077, -1.9799 6.791 2.201, -1.8913 6.7768 1.9145, -1.8924 6.7029 1.9141, -1.9058 6.7046 1.9459, -1.9237 6.781 1.9971, -1.823 6.6945 1.7504, -1.8461 6.7709 1.7995, -1.7657 6.6889 1.6468, -1.7666 6.7627 1.6462, -1.7485 6.7608 1.6114, -1.7206 6.6845 1.5652, -1.6045 6.6751 1.3988, -1.6328 6.751 1.4357, -1.6034 6.7489 1.3998, -1.6005 6.6747 1.3931, -1.4653 6.6654 1.2364, -1.5012 6.7416 1.2749, -1.4056 6.6617 1.18, -1.4056 6.7356 1.1798, -1.3159 6.6562 1.0953, -1.3557 6.7324 1.1301, -1.1941 6.723 0.9992, -0.9258 6.7082 0.8371, -0.9262 6.6344 0.8364, -0.9706 6.6367 0.8577, -1.0178 6.7131 0.8842, -0.7793 6.6267 0.766, -0.8291 6.7031 0.7875, -0.6538 6.6203 0.7213, -0.6542 6.6941 0.7199, -0.6311 6.693 0.711, -0.5794 6.6166 0.6948, 1.3342 6.5956 1.1111, 1.3533 6.5945 1.1279, 1.297 6.5945 1.0793, 1.0562 6.5945 0.9071, 1.1705 6.6052 0.9822, 1.2958 6.5979 1.0808, 0.7928 6.6256 0.7722, 0.8022 6.6251 0.7757, 0.793 6.5945 0.7717, 0.9923 6.6151 0.8696, 1.0549 6.6116 0.9092, 0.6031 6.6352 0.702, 0.5128 6.5945 0.6762, 0.5122 6.6396 0.6788, 0.2218 6.5945 0.6224, 0.2216 6.6534 0.6237, 0.3984 6.6452 0.6498, -0.3743 6.6067 0.6451, -0.427 6.683 0.6557, -0.3682 6.6064 0.6443, -0.3679 6.6802 0.6461, -0.1674 6.5971 0.6172, -0.2203 6.6733 0.6222, -0.1107 6.5945 0.6133, -0.0739 6.6667 0.6138, -0.0741 6.5945 0.6116, -0.0142 6.664 0.6103, 0.1916 6.6548 0.6193, -1.3237 6.6173 3.7166, -1.3202 6.6176 3.7213, -1.4438 6.7098 3.8227, 0.3471 6.9767 0.9661, 0.3356 6.9773 0.9632, 0.367 7.0696 0.8065, 0.1765 7.0793 0.7784, 1.7079 6.2574 2.6378, 1.6991 6.2666 2.4644, 1.6967 6.2675 2.4493, 1.6722 6.2763 2.2901, 1.6643 6.278 2.2602, 1.6269 6.2863 2.118, 1.6103 6.2889 2.0742, 1.5636 6.2964 1.9507, 1.5356 6.2999 1.895, 1.4833 6.3064 1.7912, 1.4414 6.3107 1.7259, 1.3875 6.3163 1.6419, 1.33 6.3213 1.5699, 1.2781 6.3258 1.5049, 1.204 6.3314 1.4294, 1.1569 6.3349 1.3814, 1.0633 6.3415 1.3036, 1.0224 6.3443 1.2697, 0.907 6.352 1.1924, 0.8752 6.3541 1.1712, 0.7376 6.3629 1.0985, 0.7174 6.3642 1.0879, 0.5581 6.3739 1.024, 0.5514 6.3743 1.0214, 0.38 6.3843 0.9727, 0.3718 6.3847 0.9713, 0.2059 6.394 0.9423, 0.1824 6.3953 0.9407, 0.0321 6.4033 0.9302, -0.006 6.4054 0.9314, -0.141 6.4125 0.9357, -0.1946 6.4155 0.9429, -0.3153 6.4221 0.9592, -0.3835 6.426 0.9758, -0.4881 6.432 1.0011, -0.5694 6.4369 1.0301, -0.6565 6.4421 1.0611, -0.7485 6.4479 1.1052, -0.8176 6.4522 1.1383, -0.9174 6.4587 1.1996, -0.969 6.4621 1.2314, -1.0731 6.4693 1.3113, -1.1084 6.4717 1.3384, -1.2133 6.4793 1.4375, -1.2343 6.4808 1.4574, -1.339 6.4894 1.5786, -1.3482 6.4902 1.5893, -1.4494 6.4999 1.7343, -1.5356 6.5099 1.8903, -1.7556 6.6123 2.0004, -1.6793 6.6022 1.8203, -1.5422 6.5109 1.9057, -1.6082 6.5945 1.688, -1.6362 6.5945 1.7496, -1.6664 6.5945 1.8266, -1.4904 6.5945 1.4787, -1.5479 6.5945 1.5723, -1.5875 6.5945 1.6481, -1.4068 6.5945 1.3596, -1.481 6.5945 1.4635, -1.252 6.5945 1.1822, -1.3251 6.5945 1.2605, -1.3758 6.5945 1.322, -1.0984 6.5945 1.0434, -1.1559 6.5945 1.091, -1.2463 6.5945 1.1768, -0.9481 6.5945 0.9302, -1.0545 6.5945 1.007, -0.5681 6.5945 0.7325, -0.6272 6.5945 0.7555, -0.7474 6.5945 0.812, -0.7578 6.5945 0.8177, -0.8368 6.5945 0.8607, -0.9354 6.5945 0.9223, -0.1668 6.5945 0.6228, -0.2518 6.5945 0.6373, -0.3704 6.5945 0.6661, -0.3793 6.5945 0.6682, -0.5044 6.5945 0.7076, -0.8539 7.8319 4.1169, -0.9339 7.9242 4.2553, -1.0027 7.8221 4.0204, -1.0966 7.9143 4.1497, -1.0147 7.8212 4.0107, -1.2457 7.9048 4.0294, -1.1391 7.8126 3.9104, -1.1606 7.811 3.8891, -1.2619 7.8035 3.7887, -1.38 7.8957 3.8964, -1.2908 7.801 3.7535, -1.5016 7.8863 3.7486, -1.5069 7.7798 3.4368, -1.4709 7.7842 3.5058, -1.6086 7.8765 3.587, -1.4071 7.7906 3.6021, -1.3731 7.794 3.6535, -1.5535 7.7741 3.3475, -1.6988 7.8664 3.4139, -1.5879 7.7688 3.2604, -1.7707 7.8563 3.232, -1.823 7.8463 3.0443, -1.6484 7.7579 3.0762, -1.6192 7.764 3.1812, -1.7053 7.737 2.6987, -1.6964 7.7443 2.8354, -1.8552 7.8366 2.8539, -1.6876 7.7473 2.8878, -1.667 7.754 3.0095, -1.7077 7.735 2.6617, -1.8676 7.8273 2.6639, -1.7022 7.727 2.5108, -1.8606 7.8181 2.4745, -1.6342 7.7063 2.1416, -1.677 7.7162 2.3142, -1.8339 7.8085 2.2839, -1.678 7.7166 2.3213, -1.7014 7.7258 2.4885, -1.6314 7.7058 2.1337, -1.7872 7.7986 2.0952, -1.7207 7.7885 1.9113, -1.6354 7.7784 1.7355, -1.563 7.6949 1.9519, -1.5734 7.6962 1.9735, -1.3682 7.6733 1.6188, -1.4016 7.6762 1.6619, -1.5328 7.7685 1.5706, -1.4746 7.6839 1.7792, -1.4954 7.6861 1.8128, -1.294 7.6667 1.5231, -1.415 7.7589 1.4187, -1.2465 7.663 1.4733, -1.2844 7.7498 1.2818, -0.959 7.6426 1.2273, -1.0419 7.6482 1.2845, -1.1394 7.7404 1.1578, -1.1107 7.653 1.3433, -1.1745 7.6575 1.3978, -0.8963 7.6384 1.184, -0.9802 7.7307 1.048, -0.7935 7.6318 1.1278, -0.8091 7.7206 0.9544, -0.6286 7.7105 0.879, -0.6169 7.6209 1.0471, -0.7399 7.6284 1.0985, -0.244 7.5993 0.9481, -0.404 7.6083 0.9783, -0.4418 7.7005 0.8231, -0.4326 7.6099 0.9869, -0.5748 7.6183 1.0295, -0.2301 7.5985 0.9455, -0.2516 7.6907 0.7871, -0.0561 7.5891 0.9308, -0.0613 7.6814 0.7711, 0.1169 7.5799 0.9339, 0.1278 7.6722 0.7744, 0.1331 7.5791 0.9358, 0.2912 7.5704 0.9549, 0.3184 7.6627 0.7974, 0.3224 7.5686 0.962, 0.5078 7.6528 0.8404, 0.6912 7.5469 1.0784, 0.6335 7.5504 1.0517, 0.6928 7.6427 0.9033, 0.5097 7.5578 1.0096, 0.4643 7.5605 0.9942, 0.7958 7.5404 1.1266, 0.8703 7.6326 0.9852, 0.8637 7.5359 1.167, 1.0375 7.6227 1.0847, 1.1919 7.613 1.1998, 1.0238 7.5253 1.2736, 0.9487 7.5304 1.2176, 1.2988 7.505 1.5316, 1.2176 7.5116 1.4402, 1.3316 7.6038 1.3281, 1.169 7.5151 1.3955, 1.0899 7.5208 1.3228, 1.3331 7.5023 1.5702, 1.4579 7.5946 1.4703, 1.4146 7.4946 1.6835, 1.5706 7.5849 1.627, 1.5943 7.4729 2.0262, 1.5246 7.4826 1.8681, 1.6673 7.5749 1.7961, 1.5139 7.4838 1.8494, 1.4362 7.4926 1.7135, 1.5968 7.4725 2.0317, 1.7462 7.5648 1.975, 1.6513 7.4625 2.2017, 1.8058 7.5547 2.1609, 1.6533 7.4619 2.2111, 1.8455 7.5449 2.3507, 1.7057 7.4411 2.589, 1.7056 7.4432 2.5494, 1.8652 7.5354 2.5412, 1.6902 7.4513 2.3999, 1.6876 7.4526 2.3753, 1.7058 7.434 2.7224, 1.8654 7.5263 2.7303, 1.7003 7.4311 2.777, 1.8462 7.5168 2.9207, 1.6258 7.4098 3.1534, 1.6523 7.4147 3.0701, 1.8069 7.507 3.1106, 1.6738 7.4206 2.9662, 1.6882 7.4246 2.8965, 1.5981 7.4047 3.2402, 1.7477 7.497 3.2966, 1.5567 7.3989 3.3348, 1.6692 7.4869 3.4757, 1.3609 7.3773 3.6669, 1.4383 7.3846 3.5589, 1.5729 7.4769 3.645, 1.4678 7.388 3.507, 1.5264 7.3946 3.404, 1.3355 7.3749 3.7024, 1.4605 7.4672 3.802, 1.2387 7.3671 3.8119, 1.3345 7.4579 3.9446, 1.2203 7.3656 3.8327, 1.1023 7.3571 3.9416, 1.1951 7.4487 4.0731, 1.0928 7.3564 3.9503, 0.9519 7.3468 4.0558, 1.041 7.4391 4.1885, 0.7993 7.3368 4.1472, 0.783 7.3358 4.1547, 0.874 7.4291 4.2884, 0.6967 7.419 4.3707, 0.4203 7.314 4.2913, 0.4681 7.3167 4.2803, 0.5119 7.409 4.434, 0.6053 7.3249 4.2333, 0.6371 7.3268 4.2224, 0.295 7.3068 4.32, 0.3226 7.3991 4.4775, 0.2316 7.3033 4.3278, 0.132 7.3895 4.5009, -0.0572 7.3804 4.5047, 0.0426 7.2931 4.343, 0.1207 7.2972 4.3414, -0.3346 7.2726 4.3104, -0.2263 7.2787 4.3307, -0.2474 7.371 4.4891, -0.1454 7.2831 4.3373, -0.0523 7.2881 4.3449, -0.4002 7.2689 4.2982, -0.4376 7.3612 4.4535, -0.5217 7.2618 4.2621, -0.6246 7.3512 4.398, -0.8752 7.24 4.1033, -0.7363 7.2488 4.1788, -0.8052 7.3411 4.323, -0.7031 7.2509 4.1926, -0.5712 7.2589 4.2474, -0.893 7.2388 4.0936, -0.9766 7.3311 4.2299, -1.0349 7.2293 3.9961, -1.136 7.3213 4.1203, -1.3073 7.2091 3.7351, -1.2915 7.2105 3.7554, -1.4123 7.3028 3.86, -1.179 7.2191 3.8728, -1.2814 7.3119 3.9966, -1.1717 7.2197 3.8804, -1.0388 7.229 3.9935, -1.3994 7.201 3.6169, -1.5304 7.2932 3.7085, -1.4214 7.1987 3.5816, -1.6333 7.2833 3.5438, -1.597 7.1769 3.2369, -1.5719 7.181 3.3057, -1.719 7.2733 3.3682, -1.5187 7.1878 3.4146, -1.4935 7.1911 3.4663, -1.6331 7.1709 3.1377, -1.7859 7.2632 3.1845, -1.6546 7.166 3.0519, -1.8331 7.2533 2.9958, -1.7056 7.1452 2.6743, -1.701 7.1514 2.7909, -1.8602 7.2436 2.8052, -1.6908 7.1553 2.8631, -1.6762 7.161 2.9652, -1.7078 7.1422 2.6177, -1.8676 7.2344 2.6158, -1.6995 7.1351 2.4862, -1.8557 7.2251 2.4259, -1.8239 7.2154 2.2354, -1.6723 7.1247 2.2968, -1.6969 7.1329 2.444, -1.5551 7.1031 1.9316, -1.6204 7.1132 2.0981, -1.772 7.2054 2.0476, -1.6236 7.1138 2.1097, -1.6678 7.1232 2.2699, -1.5534 7.1029 1.9284, -1.7006 7.1953 1.8656, -1.6107 7.1853 1.6923, -1.3537 7.0813 1.5987, -1.3754 7.0832 1.6252, -1.5041 7.1755 1.5304, -1.4624 7.092 1.7572, -1.4729 7.093 1.7732, -1.2645 7.0737 1.4897, -1.3828 7.166 1.3823, -1.2299 7.0712 1.4553, -1.2488 7.1569 1.2489, -1.1 7.1474 1.1283, -1.092 7.0611 1.3273, -1.1419 7.0646 1.3678, -0.771 7.0398 1.1164, -0.8573 7.0453 1.1606, -0.9375 7.1376 1.0224, -0.9383 7.0507 1.2134, -1.0059 7.0551 1.2575, -0.6984 7.0352 1.0792, -0.7638 7.1275 0.9334, -0.5932 7.0289 1.0385, -0.5814 7.1174 0.8629, -0.2193 7.0074 0.9455, -0.3597 7.0152 0.9682, -0.3934 7.1074 0.812, -0.408 7.018 0.9813, -0.5316 7.0252 1.0147, -0.1855 7.0055 0.94, -0.2029 7.0978 0.7811, -0.0304 6.9972 0.931, -0.0131 7.0885 0.7701, 0.1614 6.987 0.9375, 0.1578 6.9872 0.9374, -0.0119 6.9962 0.9299, 0.508 6.9674 1.0072, 0.5556 7.0597 0.8546, 0.5339 6.9658 1.0168, 0.7389 7.0496 0.9225, 0.8853 6.944 1.1797, 0.8359 6.9472 1.1484, 0.9141 7.0395 1.009, 0.7144 6.9549 1.0884, 0.6757 6.9573 1.0692, 0.986 6.9374 1.2432, 1.0782 7.0296 1.1127, 1.0436 6.9334 1.2886, 1.229 7.0201 1.2314, 1.3144 6.9132 1.5507, 1.2482 6.9187 1.472, 1.365 7.011 1.363, 1.1866 6.9232 1.4125, 1.1239 6.9278 1.3518, 1.3607 6.9093 1.6056, 1.4881 7.0016 1.509, 1.4281 6.9027 1.7047, 1.5969 6.9918 1.6691, 1.6892 6.9818 1.8409, 1.5248 6.8918 1.8722, 1.4602 6.8995 1.752, 1.6593 6.87 2.2355, 1.6124 6.8794 2.0746, 1.7633 6.9717 2.0219, 1.6024 6.8809 2.0502, 1.5447 6.8895 1.9091, 1.6623 6.8694 2.2458, 1.8179 6.9617 2.2091, 1.6939 6.8596 2.4198, 1.8525 6.9519 2.3994, 1.6943 6.8594 2.4245, 1.8671 6.9425 2.5896, 1.7073 6.8503 2.5937, 1.7069 6.8492 2.6134, 1.703 6.8411 2.7668, 1.8624 6.9334 2.7788, 1.6986 6.8392 2.8016, 1.8381 6.9238 2.9694, 1.7937 6.9139 3.1586, 1.6691 6.8287 2.9908, 1.6808 6.8315 2.941, 1.5462 6.8069 3.3577, 1.5814 6.8116 3.2828, 1.7294 6.9038 3.3431, 1.6181 6.8179 3.1774, 1.6402 6.8216 3.114, 1.5054 6.8015 3.4445, 1.6462 6.8937 3.52, 1.4546 6.796 3.5284, 1.5456 6.8838 3.6864, 1.2214 6.7753 3.8291, 1.3072 6.7819 3.737, 1.4295 6.8742 3.8399, 1.3455 6.7854 3.6864, 1.4133 6.7915 3.5967, 1.1891 6.7728 3.8638, 1.3003 6.865 3.9785, 1.0828 6.7652 3.9568, 1.1571 6.8557 4.104, 1.0581 6.7634 3.9785, 0.9285 6.7547 4.0703, 0.9995 6.846 4.2156, 0.9139 6.7537 4.0806, 0.7586 6.7437 4.168, 0.8296 6.836 4.3112, 0.5945 6.7336 4.2389, 0.5819 6.7329 4.2429, 0.6501 6.8259 4.3887, 0.4638 6.8159 4.447, 0.207 6.7114 4.3314, 0.2505 6.7138 4.3272, 0.2739 6.806 4.4853, 0.3961 6.722 4.2979, 0.4241 6.7236 4.2922, 0.0763 6.7043 4.344, 0.0835 6.7966 4.5037, 0.0183 6.7013 4.3437, -0.1056 6.7875 4.5025, -0.3591 6.6807 4.3052, -0.2708 6.6857 4.3241, -0.2962 6.778 4.4819, -0.1699 6.6912 4.335, -0.0966 6.6952 4.343, -0.4443 6.6759 4.2869, -0.4858 6.7681 4.4412, -0.5456 6.6699 4.2539, -0.6715 6.7581 4.3807, -0.85 6.748 4.3009, -0.7258 6.6589 4.1816, -0.614 6.6658 4.2315, -1.0541 6.6374 3.9802, -0.9314 6.6457 4.0694, -1.0186 6.738 4.2034, -0.8963 6.648 4.0897, -0.7773 6.6557 4.1586, -1.0741 6.6361 3.9657, -1.1746 6.7283 4.09, -1.1966 6.6273 3.8559, -1.3161 6.7191 3.9631, -1.2034 6.6268 3.8497, -1.4249 6.6079 3.5795, -1.5582 6.7002 3.6676, -1.4357 6.6067 3.561, -1.6569 6.6902 3.4999, -1.7379 6.6801 3.3219, -1.5305 6.5959 3.3923, -1.5151 6.598 3.4261, -1.6606 6.574 3.0275, -1.6459 6.5778 3.094, -1.7999 6.6701 3.1367, -1.606 6.5849 3.2133, -1.5892 6.5879 3.2634, -1.6843 6.5679 2.9207, -1.8419 6.6602 2.9472, -1.6938 6.5634 2.8385, -1.864 6.6507 2.7566, -1.6967 6.5432 2.4616, -1.7067 6.5493 2.5735, -1.8664 6.6416 2.5675, -1.7057 6.5533 2.6499, -1.7045 6.5584 2.7464, -1.6912 6.5399 2.3994, -1.8495 6.6321 2.3771, -1.6665 6.5327 2.2725, -1.8125 6.6223 2.1871, -1.6054 6.52 2.055, -1.6148 6.5219 2.0859, -1.6574 6.5301 2.2256, -1.6074 6.5945 1.6863, -1.9685 1.6848 3.9295, -1.9685 0.4935 0.2362, -1.9685 -2.5118 3.9295, -1.9685 -3.9173 4.8819, -1.9685 -0.2534 3.9295, -1.9685 5.9252 4.8819, -1.9685 5.9252 1.1221, -1.9685 4.941 1.1221, -1.9685 4.941 4.6654, -1.9685 4.1743 3.9295, -1.9685 -0.2534 0.2362, -1.9685 5.9252 4.6654, -1.0179 -3.9173 0.3937, 0.3448 -3.9173 1.426, 0.1162 -3.9173 1.3833, 1.0255 -3.9173 0.3937, -0.1162 -3.9173 1.3833, -0.3448 -3.9173 1.426, -0.5616 -3.9173 1.51, -0.7592 -3.9173 1.6324, -0.931 -3.9173 1.789, -1.0711 -3.9173 1.9746, -1.1748 -3.9173 2.1827, -1.2384 -3.9173 2.4063, -1.2598 -3.9173 2.6378, -1.2384 -3.9173 2.8693, -1.1748 -3.9173 3.0929, -1.0711 -3.9173 3.301, -0.931 -3.9173 3.4865, -1.7717 -3.9173 5.0787, -0.7592 -3.9173 3.6432, -0.5616 -3.9173 3.7656, -0.3448 -3.9173 3.8495, -0.1162 -3.9173 3.8923, 1.7717 -3.9173 5.0787, 0.1162 -3.9173 3.8923, 0.3448 -3.9173 3.8495, 0.7592 -3.9173 1.6324, 0.5616 -3.9173 1.51, 1.1748 -3.9173 2.1827, 1.0711 -3.9173 1.9746, 0.931 -3.9173 1.789, 0.5616 -3.9173 3.7656, 0.7592 -3.9173 3.6432, 1.9685 -3.9173 4.8819, 0.931 -3.9173 3.4865, 1.0711 -3.9173 3.301, 1.1748 -3.9173 3.0929, 1.2384 -3.9173 2.8693, 1.2598 -3.9173 2.6378, 1.2384 -3.9173 2.4063, 1.9685 5.9252 1.1221, 1.9685 4.941 1.1221, 1.9685 4.941 4.6654, 1.9685 5.9252 4.6654, 1.9685 5.9252 4.8819, -1.7717 5.9252 5.0787, -2.7559 5.9252 4.6654, 1.7717 5.9252 5.0787, 2.7559 5.9252 1.1221, -2.7559 5.9252 1.1221, 2.7559 5.9252 4.6654, -1.9436 9.4685 2.4955, -1.6535 9.4685 2.6378, -1.6321 9.4685 2.3726, -0.1993 9.4685 4.2793, -0.0712 9.4685 4.5853, 0.0666 9.4685 4.29, 0.2131 9.4685 4.5749, 0.3308 9.4685 4.2579, 0.4929 9.4685 4.5232, 0.5864 9.4685 4.1839, 0.7622 9.4685 4.4314, 0.8268 9.4685 4.0698, 1.0152 9.4685 4.3013, 1.0458 9.4685 3.9186, 1.2466 9.4685 4.1358, 1.2377 9.4685 3.7343, 1.4514 9.4685 3.9383, 1.3976 9.4685 3.5216, 1.6253 9.4685 3.7131, 1.5212 9.4685 3.2859, 1.7646 9.4685 3.465, 1.6055 9.4685 3.0335, 1.8662 9.4685 3.1993, 1.6482 9.4685 2.7709, -1.9488 9.4685 2.6378, -1.9436 9.4685 2.7801, -1.6321 9.4685 2.903, -1.9022 9.4685 3.0615, -1.5684 9.4685 3.1614, -1.8202 9.4685 3.334, -1.4641 9.4685 3.4062, -1.6995 9.4685 3.5916, -1.3219 9.4685 3.6312, -1.5425 9.4685 3.8289, -1.1454 9.4685 3.8303, -1.3526 9.4685 4.0408, -0.9393 9.4685 3.9986, -1.1339 9.4685 4.2228, -0.7089 9.4685 4.1317, -0.8911 9.4685 4.371, -0.46 9.4685 4.2261, -0.6292 9.4685 4.4822, -0.354 9.4685 4.5542, 0.0666 9.4685 0.9856, -0.0712 9.4685 0.6903, -0.1993 9.4685 0.9963, -0.354 9.4685 0.7214, -0.46 9.4685 1.0495, -0.6292 9.4685 0.7934, -0.7089 9.4685 1.1439, -0.8911 9.4685 0.9046, -0.9393 9.4685 1.277, -1.1339 9.4685 1.0528, -1.1454 9.4685 1.4453, -1.3526 9.4685 1.2348, -1.3219 9.4685 1.6444, -1.5425 9.4685 1.4467, -1.4641 9.4685 1.8694, -1.6995 9.4685 1.684, -1.5684 9.4685 2.1142, -1.8202 9.4685 1.9416, -1.9022 9.4685 2.2141, 1.9281 9.4685 2.9215, 1.9488 9.4685 2.6378, 1.6482 9.4685 2.5047, 1.9281 9.4685 2.354, 1.6055 9.4685 2.2421, 1.8662 9.4685 2.0763, 1.5212 9.4685 1.9897, 1.7646 9.4685 1.8106, 1.3976 9.4685 1.754, 1.6253 9.4685 1.5625, 1.2377 9.4685 1.5413, 1.4514 9.4685 1.3373, 1.0458 9.4685 1.357, 1.2466 9.4685 1.1398, 0.8268 9.4685 1.2058, 1.0152 9.4685 0.9743, 0.5864 9.4685 1.0917, 0.7622 9.4685 0.8442, 0.3308 9.4685 1.0177, 0.4929 9.4685 0.7523, 0.2131 9.4685 0.7007, 2.7559 4.941 4.6654, 2.7559 4.941 1.1221, -2.7559 4.941 4.6654, -2.7559 4.941 1.1221, -1.1235 -2.0611 3.2079, -1.1235 -0.7108 3.2079, -1.1748 -2.0611 3.0929, -1.2384 -2.0611 2.8693, -1.2598 -2.0611 2.6378, -1.2384 -2.0611 2.4063, -1.1748 -2.0611 2.1827, -1.0711 -2.0611 1.9746, -0.931 -2.0611 1.789, -0.7592 -2.0611 1.6324, -0.6299 -2.0611 1.5467, -0.6299 -0.7108 1.5467, -0.8727 9.0748 1.7292, -0.931 -0.7108 1.789, -0.7592 -0.7108 1.6324, -0.9281 9.0748 1.7917, -1.0072 9.0748 1.881, -1.0711 -0.7108 1.9746, -1.0677 9.0748 1.9767, -1.1155 9.0748 2.0523, -1.1748 -0.7108 2.1827, -1.1716 9.0748 2.184, -1.195 9.0748 2.2388, -1.2384 -0.7108 2.4063, -1.2364 9.0748 2.4068, -1.2598 -0.7108 2.6378, -1.2435 9.0748 2.4357, -1.2598 9.0748 2.6378, -1.2435 9.0748 2.8399, -1.2384 -0.7108 2.8693, -1.2364 9.0748 2.8688, -1.195 9.0748 3.0368, -1.1748 -0.7108 3.0929, -1.1716 9.0748 3.0916, -1.1155 9.0748 3.2233, -1.0677 9.0748 3.2989, -1.0072 9.0748 3.3946, -0.9281 9.0748 3.4839, -0.8727 9.0748 3.5464, -0.7572 9.0748 3.6407, -0.7157 9.0748 3.6746, -0.5607 9.0748 3.7641, -0.5401 9.0748 3.776, -0.3505 9.0748 3.8479, -0.3447 9.0748 3.8491, -0.1519 9.0748 3.8885, -0.1161 9.0748 3.8899, 0.0507 9.0748 3.8966, 0.1158 9.0748 3.8887, 0.252 9.0748 3.8722, 0.3436 9.0748 3.8456, 0.4467 9.0748 3.8158, 0.5599 9.0748 3.7621, 0.6299 9.0748 3.7289, 0.7576 9.0748 3.6408, 0.7968 9.0748 3.6137, 0.9301 9.0748 3.4856, 0.943 9.0748 3.4732, 1.0648 9.0748 3.3111, 1.0703 9.0748 3.3006, 1.159 9.0748 3.1316, 1.1722 9.0748 3.0921, 1.2232 9.0748 2.9393, 1.2347 9.0748 2.8687, 1.2558 9.0748 2.7392, 1.2558 9.0748 2.6378, 1.2558 9.0748 2.5364, 1.2347 9.0748 2.4069, 1.2232 9.0748 2.3363, 1.1722 9.0748 2.1835, 1.159 9.0748 2.144, 1.0703 9.0748 1.975, 1.0648 9.0748 1.9645, 0.943 9.0748 1.8024, 0.9301 9.0748 1.79, 0.7968 9.0748 1.6619, 0.7576 9.0748 1.6348, 0.6299 9.0748 1.5467, 0.5599 9.0748 1.5135, 0.4467 9.0748 1.4598, 0.3436 9.0748 1.43, 0.252 9.0748 1.4034, 0.1158 9.0748 1.3869, 0.0507 9.0748 1.379, -0.1161 9.0748 1.3857, -0.1519 9.0748 1.3871, -0.3447 9.0748 1.4265, -0.3505 9.0748 1.4277, -0.5401 9.0748 1.4996, -0.5607 9.0748 1.5115, -0.7157 9.0748 1.601, -0.7572 9.0748 1.6349, 1.6103 6.1413 2.0742, 1.6269 6.1386 2.118, 1.7791 6.0464 2.0693, 1.5356 6.1522 1.895, 1.5636 6.1487 1.9507, 1.7099 6.0564 1.8864, 1.4414 6.1631 1.7259, 1.4833 6.1588 1.7912, 1.6221 6.0665 1.712, 1.4281 6.755 1.7047, 1.4602 6.7519 1.752, 1.5969 6.6596 1.6691, 1.3144 6.7655 1.5507, 1.3607 6.7617 1.6056, 1.4881 6.6694 1.509, -0.2193 6.8597 0.9455, -0.1855 6.8578 0.94, -0.2029 6.7656 0.7811, -0.408 6.8703 0.9813, -0.3597 6.8675 0.9682, -0.3934 6.7753 0.812, -0.5932 6.8812 1.0385, -0.5316 6.8775 1.0147, -0.5814 6.7852 0.8629, -0.771 6.8922 1.1164, -0.6984 6.8876 1.0792, -0.7638 6.7953 0.9334, -1.6995 6.9875 2.4862, -1.6969 6.9852 2.444, -1.8557 6.893 2.4259, -1.7056 6.9975 2.6743, -1.7078 6.9945 2.6177, -1.8676 6.9023 2.6158, -1.6908 7.0077 2.8631, -1.701 7.0037 2.7909, -1.8602 6.9114 2.8052, -0.7031 7.1032 4.1926, -0.7363 7.1012 4.1788, -0.8052 7.0089 4.323, -0.5217 7.1142 4.2621, -0.5712 7.1113 4.2474, -0.6246 7.019 4.398, -0.3346 7.125 4.3104, -0.4002 7.1213 4.2982, -0.4376 7.029 4.4535, -0.1454 7.1355 4.3373, -0.2263 7.1311 4.3307, -0.2474 7.0388 4.4891, 1.3609 7.2297 3.6669, 1.3355 7.2273 3.7024, 1.4605 7.135 3.802, 1.4678 7.2403 3.507, 1.4383 7.237 3.5589, 1.5729 7.1447 3.645, 1.5567 7.2512 3.3348, 1.5264 7.247 3.404, 1.6692 7.1547 3.4757, 1.4146 7.347 1.6835, 1.4362 7.345 1.7135, 1.5706 7.2527 1.627, 1.2988 7.3574 1.5316, 1.3331 7.3547 1.5702, 1.4579 7.2624 1.4703, 1.169 7.3674 1.3955, 1.2176 7.3639 1.4402, 1.3316 7.2717 1.3281, 1.0238 7.3777 1.2736, 1.0899 7.3731 1.3228, 1.1919 7.2809 1.1998, -0.6169 7.4732 1.0471, -0.5748 7.4706 1.0295, -0.6286 7.3784 0.879, -0.7935 7.4842 1.1278, -0.7399 7.4807 1.0985, -0.8091 7.3885 0.9544, -0.959 7.495 1.2273, -0.8963 7.4908 1.184, -0.9802 7.3985 1.048, -1.7053 7.5894 2.6987, -1.7077 7.5874 2.6617, -1.8676 7.4951 2.6639, -1.6876 7.5996 2.8878, -1.6964 7.5967 2.8354, -1.8552 7.5044 2.8539, -1.6484 7.6103 3.0762, -1.667 7.6064 3.0095, -1.823 7.5141 3.0443, 1.8581 6.0267 2.4481, 1.8677 6.0175 2.6378, -1.2814 6.9798 3.9967, 1.7263 6.5945 1.6804, 1.6921 6.5945 1.6112, 1.596 6.5945 1.4378, 1.5912 6.5945 1.4308, 1.5225 6.5945 1.3298, 1.4709 6.5945 1.2639, 1.365 6.6788 1.363, -0.9339 7.592 4.2553, 1.8331 6.5945 2.9685, 1.6808 6.6839 2.941, 1.8305 6.5945 2.9782, 1.6691 6.681 2.9908, 1.6402 6.674 3.114, 1.6181 6.6702 3.1774, 1.5814 6.6639 3.2828, 1.5462 6.6592 3.3577, 1.5054 6.6538 3.4445, 1.4546 6.6484 3.5284, 1.4133 6.6439 3.5967, 1.3455 6.6378 3.6864, 1.3072 6.6343 3.737, 1.2214 6.6276 3.8291, 1.1891 6.6251 3.8638, 1.0828 6.6176 3.9568, 1.0581 6.6158 3.9785, 0.9285 6.6071 4.0703, 0.9139 6.6061 4.0806, 0.7586 6.5961 4.168, 0.5945 6.586 4.2389, 0.5819 6.5852 4.2429, 0.4241 6.576 4.2922, 0.3961 6.5744 4.2979, 0.2505 6.5661 4.3272, 0.207 6.5638 4.3314, 0.0763 6.5567 4.344, 0.0183 6.5536 4.3437, -0.0966 6.5476 4.343, -0.1699 6.5436 4.335, -0.2708 6.5381 4.3241, -0.3591 6.5331 4.3052, -0.4443 6.5282 4.2869, -0.5456 6.5222 4.2539, -0.614 6.5182 4.2315, -0.7258 6.5113 4.1816, -0.7773 6.5081 4.1586, -0.8963 6.5004 4.0897, -0.9314 6.4981 4.0694, -1.0541 6.4898 3.9802, -1.0741 6.4884 3.9657, -1.1966 6.4797 3.8559, -1.2034 6.4792 3.8497, -1.3202 6.4699 3.7213, -1.3237 6.4696 3.7166, -1.4249 6.4603 3.5795, -1.4357 6.4591 3.561, -1.5151 6.4503 3.4261, -1.5305 6.4482 3.3923, -1.5892 6.4402 3.2634, -1.606 6.4373 3.2133, -1.6459 6.4302 3.094, -1.6606 6.4264 3.0275, -1.6843 6.4203 2.9207, -1.6938 6.4158 2.8385, -1.7045 6.4108 2.7464, -1.7057 6.4057 2.6499, -1.7067 6.4016 2.5735, -1.6967 6.3956 2.4616, -1.6912 6.3922 2.3994, -1.6665 6.3851 2.2725, -1.6574 6.3824 2.2256, -1.6148 6.3742 2.0859, -1.6054 6.3724 2.055, -1.5422 6.3633 1.9057, -1.5356 6.3623 1.8903, -1.4494 6.3523 1.7343, -1.3482 6.3426 1.5893, -1.339 6.3418 1.5786, -1.2343 6.3332 1.4574, -1.2133 6.3317 1.4375, -1.1084 6.3241 1.3384, -1.0731 6.3216 1.3113, -0.969 6.3145 1.2314, -0.9174 6.3111 1.1996, -0.8176 6.3046 1.1383, -0.7485 6.3002 1.1052, -0.6565 6.2945 1.0611, -0.5694 6.2893 1.0301, -0.4881 6.2844 1.0011, -0.3835 6.2784 0.9758, -0.3153 6.2745 0.9592, -0.1946 6.2678 0.9429, -0.141 6.2649 0.9357, -0.006 6.2577 0.9314, 0.0321 6.2557 0.9302, 0.1824 6.2476 0.9407, 0.2059 6.2464 0.9423, 0.3718 6.2371 0.9713, 0.38 6.2366 0.9727, 0.5514 6.2266 1.0214, 0.5581 6.2262 1.024, 0.7174 6.2165 1.0879, 0.7376 6.2153 1.0985, 0.8752 6.2065 1.1712, 1.1181 6.1044 1.1417, 0.9572 6.1142 1.034, 0.907 6.2044 1.1924, -1.0966 7.5821 4.1498, 1.229 6.6879 1.2314, 1.4416 6.5945 1.2265, 1.662 6.5945 1.5505, 1.7764 6.5945 1.8027, 1.6892 6.6496 1.8409, 1.8178 6.5945 1.9272, 1.7633 6.6395 2.0219, 1.8358 6.5945 1.9965, 1.8506 6.5945 2.0536, 1.8748 6.5945 2.1819, 1.8179 6.6295 2.2091, 1.8764 6.5945 2.1953, 1.8525 6.6197 2.3994, 1.8916 6.5945 2.3266, 1.8904 6.5945 2.3118, 1.8949 6.5945 2.5826, 1.8975 6.5945 2.4553, 1.8947 6.5945 2.3939, 1.8464 6.5945 2.9124, 1.8645 6.5945 2.8333, 1.8624 6.6012 2.7788, 1.8729 6.5945 2.7795, 1.8671 6.6103 2.5896, 1.884 6.5945 2.7086, 1.8944 6.5945 2.5889, 1.6986 6.6916 2.8016, 1.8364 6.5945 2.9566, -1.38 7.5635 3.8964, -1.2457 7.5727 4.0294, -1.5015 7.5541 3.7486, -1.6086 7.5443 3.587, -1.6988 7.5342 3.4139, -1.7707 7.5241 3.232, -1.8606 7.4859 2.4745, -1.8339 7.4763 2.284, -1.7872 7.4664 2.0952, -1.7207 7.4563 1.9114, -1.6354 7.4462 1.7356, -1.5328 7.4363 1.5706, -1.415 7.4268 1.4187, -1.2844 7.4176 1.2818, -1.1394 7.4082 1.1578, -0.4418 7.3683 0.8231, -0.2516 7.3586 0.7871, -0.0613 7.3492 0.7711, 0.3184 7.3305 0.7974, 0.1278 7.34 0.7744, 0.5078 7.3206 0.8404, 0.6928 7.3105 0.9033, 0.8703 7.3004 0.9852, 1.0375 7.2905 1.0847, 1.6673 7.2427 1.796, 1.7462 7.2326 1.975, 1.8058 7.2226 2.1609, 1.8652 7.2032 2.5412, 1.8455 7.2127 2.3507, 1.8654 7.1941 2.7303, 1.8462 7.1847 2.9207, 1.7477 7.1648 3.2966, 1.8069 7.1748 3.1106, 1.3345 7.1257 3.9446, 1.1951 7.1165 4.0731, 1.041 7.1069 4.1885, 0.874 7.0969 4.2884, 0.6967 7.0868 4.3707, 0.3226 7.0669 4.4775, 0.5119 7.0768 4.434, 0.132 7.0573 4.5009, -0.0572 7.0482 4.5047, -0.9766 6.9989 4.2299, -1.136 6.9891 4.1203, -1.4123 6.9706 3.86, -1.5304 6.9611 3.7085, -1.6333 6.9512 3.5438, -1.719 6.9411 3.3682, -1.7859 6.931 3.1845, -1.8331 6.9211 2.9958, -1.8239 6.8832 2.2354, -1.772 6.8733 2.0476, -1.7006 6.8632 1.8656, -1.6107 6.8531 1.6923, -1.5041 6.8433 1.5304, -1.3828 6.8338 1.3823, -1.2488 6.8247 1.2489, -0.9375 6.8054 1.0224, -1.1 6.8152 1.1283, -0.0131 6.7563 0.7701, 0.1765 6.7471 0.7784, 0.367 6.7374 0.8065, 0.5556 6.7275 0.8546, 0.7389 6.7174 0.9225, 1.0782 6.6975 1.1127, 0.9141 6.7073 1.009, 1.2652 6.095 1.2639, 1.3977 6.0859 1.3988, 1.5173 6.0764 1.5487, 1.8286 6.0364 2.2576, -0.8539 7.6843 4.1169, -1.0027 7.6744 4.0204, -1.0147 7.6736 4.0107, -1.2619 7.6558 3.7887, -1.1606 7.6633 3.8891, -1.1391 7.6649 3.9104, -1.2908 7.6534 3.7535, -1.4709 7.6365 3.5058, -1.4071 7.6429 3.6021, -1.3731 7.6464 3.6535, -1.5069 7.6322 3.4368, -1.6192 7.6164 3.1812, -1.5879 7.6212 3.2604, -1.5535 7.6265 3.3475, -1.7022 7.5794 2.5108, -1.6342 7.5587 2.1416, -1.677 7.5686 2.3142, -1.678 7.569 2.3213, -1.7014 7.5782 2.4885, -1.6314 7.5582 2.1337, -1.4954 7.5385 1.8128, -1.563 7.5472 1.9519, -1.5734 7.5486 1.9735, -1.4746 7.5363 1.7792, -1.294 7.519 1.5231, -1.3682 7.5256 1.6188, -1.4016 7.5286 1.6619, -1.2465 7.5154 1.4733, -1.0419 7.5005 1.2845, -1.1107 7.5054 1.3433, -1.1745 7.5099 1.3978, -0.4326 7.4623 0.9869, -0.404 7.4606 0.9783, -0.244 7.4516 0.9481, -0.2301 7.4508 0.9455, -0.0561 7.4414 0.9308, 0.2912 7.4228 0.9549, 0.1331 7.4314 0.9358, 0.1169 7.4323 0.9339, 0.3224 7.421 0.962, 0.6335 7.4028 1.0517, 0.5097 7.4102 1.0096, 0.4643 7.4129 0.9942, 0.6912 7.3992 1.0784, 0.9487 7.3828 1.2176, 0.8637 7.3883 1.167, 0.7958 7.3927 1.1266, 1.5139 7.3362 1.8494, 1.6513 7.3148 2.2017, 1.5968 7.3249 2.0317, 1.5943 7.3252 2.0262, 1.5246 7.335 1.8681, 1.6533 7.3143 2.2111, 1.7056 7.2955 2.5494, 1.6902 7.3036 2.3999, 1.6876 7.305 2.3752, 1.7057 7.2934 2.589, 1.6882 7.2769 2.8965, 1.7003 7.2834 2.777, 1.7058 7.2864 2.7224, 1.6738 7.273 2.9662, 1.5981 7.2571 3.2402, 1.6258 7.2622 3.1534, 1.6523 7.2671 3.0701, 1.2387 7.2195 3.8119, 1.2203 7.218 3.8327, 1.1023 7.2095 3.9416, 1.0928 7.2088 3.9503, 0.9519 7.1991 4.0558, 0.6371 7.1791 4.2224, 0.783 7.1882 4.1547, 0.7993 7.1892 4.1472, 0.6053 7.1772 4.2333, 0.295 7.1592 4.32, 0.4203 7.1663 4.2913, 0.4681 7.1691 4.2803, 0.2316 7.1557 4.3278, -0.0523 7.1405 4.3449, 0.0426 7.1455 4.343, 0.1207 7.1496 4.3414, -0.8752 7.0923 4.1033, -1.1717 7.072 3.8804, -1.0388 7.0814 3.9935, -1.0349 7.0817 3.9961, -0.893 7.0912 4.0936, -1.179 7.0715 3.8728, -1.3994 7.0533 3.6169, -1.3073 7.0615 3.7351, -1.2915 7.0629 3.7554, -1.4214 7.051 3.5816, -1.5719 7.0334 3.3057, -1.5187 7.0402 3.4146, -1.4935 7.0434 3.4663, -1.597 7.0292 3.2369, -1.6762 7.0133 2.9652, -1.6546 7.0183 3.0519, -1.6331 7.0233 3.1377, -1.6723 6.977 2.2968, -1.5551 6.9554 1.9316, -1.6204 6.9655 2.0981, -1.6236 6.9662 2.1097, -1.6678 6.9755 2.2699, -1.5534 6.9552 1.9284, -1.3754 6.9356 1.6252, -1.4624 6.9443 1.7572, -1.4729 6.9454 1.7732, -1.3537 6.9337 1.5987, -1.1419 6.917 1.3678, -1.2299 6.9235 1.4553, -1.2645 6.9261 1.4897, -1.092 6.9135 1.3273, -0.8573 6.8977 1.1606, -0.9383 6.903 1.2134, -1.0059 6.9075 1.2575, -0.0304 6.8496 0.931, 0.3356 6.8297 0.9632, 0.1614 6.8394 0.9375, 0.1578 6.8395 0.9374, -0.0119 6.8486 0.9299, 0.3471 6.829 0.9661, 0.6757 6.8097 1.0692, 0.5339 6.8182 1.0168, 0.508 6.8198 1.0072, 0.7144 6.8072 1.0884, 0.986 6.7897 1.2432, 0.8853 6.7964 1.1797, 0.8359 6.7996 1.1484, 1.0436 6.7857 1.2886, 1.2482 6.7711 1.472, 1.1866 6.7756 1.4125, 1.1239 6.7802 1.3518, 1.5248 6.7442 1.8722, 1.5447 6.7418 1.9091, 1.6024 6.7332 2.0502, 1.6124 6.7318 2.0746, 1.6939 6.712 2.4198, 1.6623 6.7217 2.2458, 1.6593 6.7223 2.2355, 1.6943 6.7117 2.4245, 1.7073 6.7026 2.5937, 1.7069 6.7016 2.6134, 1.703 6.6935 2.7668, 1.1569 6.1873 1.3814, 1.0633 6.1938 1.3036, 1.0224 6.1967 1.2697, 1.204 6.1837 1.4294, 1.3875 6.1686 1.6419, 1.33 6.1736 1.5699, 1.2781 6.1782 1.5049, 1.6643 6.1304 2.2602, 1.7079 6.1098 2.6378, 1.6991 6.119 2.4644, 1.6967 6.1198 2.4493, 1.6722 6.1287 2.2901, -1.324 6.5434 3.7167, 0.9499 7.2728 4.0572, -0.8539 7.7581 4.1169, -1.0151 7.7474 4.0113, -1.1615 7.7371 3.89, -1.2922 7.7272 3.7546, -1.4088 7.7168 3.6033, -1.5089 7.706 3.4379, -1.6505 7.6841 3.0768, -1.59 7.695 3.2613, -1.6895 7.6734 2.8881, -1.7068 7.6632 2.6988, -1.6783 7.6428 2.3212, -1.7032 7.6532 2.5107, -1.6318 7.632 2.1336, -1.5639 7.621 1.9515, -1.4759 7.6101 1.7784, -1.3698 7.5994 1.6176, -1.248 7.5892 1.4718, -1.1121 7.5792 1.3416, -0.9603 7.5688 1.2254, -0.7945 7.558 1.1259, -0.6176 7.547 1.0455, -0.4329 7.5361 0.9857, -0.2441 7.5254 0.9474, -0.0549 7.5152 0.9308, 0.1332 7.5052 0.9351, 0.3227 7.4948 0.9607, 0.5102 7.484 1.0079, 0.6921 7.473 1.0764, 0.8648 7.4621 1.165, 1.1704 7.4412 1.394, 1.0251 7.4514 1.2718, 1.3002 7.4313 1.5304, 1.4159 7.4208 1.6827, 1.5148 7.41 1.8489, 1.5946 7.399 2.0261, 1.6913 7.3775 2.3998, 1.6537 7.3881 2.211, 1.7072 7.3672 2.589, 1.7022 7.3573 2.7772, 1.676 7.3468 2.9667, 1.628 7.336 3.1541, 1.5588 7.325 3.3357, 1.4696 7.3141 3.508, 1.3623 7.3035 3.6679, 1.2396 7.2933 3.8127, 1.1027 7.2833 3.942, 0.7833 7.262 4.1555, 0.6058 7.251 4.2347, 0.4207 7.2401 4.2931, 0.2318 7.2295 4.3299, 0.0427 7.2193 4.3452, -0.1455 7.2093 4.3395, -0.335 7.1988 4.3125, -0.5223 7.188 4.2639, -0.8757 7.1661 4.1042, -0.7037 7.177 4.194, -1.0351 7.1555 3.9963, -1.1793 7.1453 3.8732, -1.3082 7.1353 3.7358, -1.4228 7.1248 3.5825, -1.5206 7.114 3.4155, -1.5991 7.103 3.2377, -1.6568 7.0921 3.0524, -1.6929 7.0815 2.8634, -1.7075 7.0713 2.6744, -1.7012 7.0613 2.4861, -1.6242 7.04 2.1095, -1.5536 7.0291 1.9284, -1.6735 7.0509 2.2967, -1.4631 7.0181 1.7567, -1.3548 7.0075 1.5978, -1.2312 6.9973 1.4541, -1.0933 6.9874 1.3256, -0.9395 6.9769 1.2115, -0.5939 6.9551 1.0365, -0.7721 6.966 1.1144, -0.4085 6.9441 0.9795, -0.2195 6.9335 0.944, -0.0305 6.9234 0.9302, 0.1579 6.9134 0.9372, 0.3473 6.9029 0.9656, 0.5343 6.892 1.0156, 0.7152 6.8811 1.0868, 0.8864 6.8702 1.1779, 1.0449 6.8595 1.2868, 1.1881 6.8494 1.4109, 1.3161 6.8394 1.5493, 1.4297 6.8289 1.7035, 1.5263 6.818 1.8714, 1.6598 6.7962 2.2354, 1.6035 6.8071 2.0498, 1.7077 6.7754 2.6134, 1.6945 6.7855 2.4245, 1.7 6.7654 2.8018, 1.6709 6.7549 2.9912, 1.6202 6.744 3.1781, 1.5483 6.7331 3.3587, 1.4566 6.7222 3.5296, 1.3471 6.7116 3.6876, 1.2227 6.7014 3.8303, 1.0837 6.6914 3.9578, 0.929 6.6809 4.071, 0.7608 6.67 4.1669, 0.5821 6.6591 4.2435, 0.3963 6.6482 4.2991, 0.2071 6.6376 4.3331, 0.0183 6.6274 4.3456, -0.1702 6.6174 4.3372, -0.3596 6.6069 4.3074, -0.5463 6.596 4.256, -0.7266 6.5851 4.1834, -0.8972 6.5742 4.0911, -1.1969 6.5535 3.8562, -1.0547 6.5636 3.9811, -1.4366 6.5329 3.5615, -1.5319 6.522 3.3929, -1.6078 6.5111 3.2139, -1.6627 6.5002 3.028, -1.696 6.4896 2.8388, -1.6988 6.4695 2.4615, -1.7079 6.4795 2.65, -1.6683 6.4589 2.2721, -1.6162 6.4481 2.0855, -1.5429 6.4371 1.9054, -1.45 6.4262 1.7353, -1.3395 6.4156 1.5782, -1.2141 6.4055 1.4366, -1.0741 6.3955 1.3099, -0.9184 6.3849 1.1979, -0.7494 6.3741 1.1031, -0.5702 6.3631 1.0279, -0.3841 6.3522 0.9736, -0.1948 6.3416 0.941, -0.0061 6.3315 0.9299, 0.3718 6.3109 0.9708, 0.5582 6.3001 1.0237, 0.1825 6.3215 0.9397, 0.7381 6.2891 1.0976, 0.9078 6.2782 1.1911, 1.0645 6.2676 1.3022, 1.2055 6.2575 1.428, 1.3317 6.2475 1.5685, 1.5375 6.2261 1.894, 1.4433 6.2369 1.7247, 1.612 6.2151 2.0736, 1.6656 6.2042 2.2599, 1.6975 6.1936 2.4491, 1.7079 6.1836 2.6378
            ]
        }
        coordIndex [
            0,1,2,-1,3,4,5,-1,6,7,8,-1,9,10,11,-1,2,1,12,-1,13,14,15,-1,16,15,17,-1,6,8,18,-1,18,8,19,-1,18,19,20,-1,21,22,23,-1,5,24,25,-1,26,27,25,-1,25,27,28,-1,25,28,29,-1,11,21,9,-1,9,21,23,-1,9,23,30,-1,30,23,31,-1,30,31,32,-1,32,31,33,-1,32,33,5,-1,5,33,12,-1,5,12,3,-1,3,12,1,-1,15,14,34,-1,34,14,35,-1,34,35,36,-1,29,37,25,-1,25,37,38,-1,25,38,5,-1,5,38,39,-1,5,39,32,-1,16,40,15,-1,15,40,41,-1,15,41,13,-1,7,42,8,-1,8,42,43,-1,8,43,44,-1,45,46,8,-1,8,46,47,-1,48,49,50,-1,50,49,51,-1,47,52,8,-1,8,52,51,-1,8,51,53,-1,53,51,49,-1,39,54,32,-1,32,54,20,-1,32,20,55,-1,55,20,19,-1,55,19,56,-1,35,57,36,-1,36,57,58,-1,36,58,25,-1,25,58,59,-1,25,59,26,-1,44,60,8,-1,8,60,61,-1,8,61,45,-1,62,63,22,-1,22,63,64,-1,22,64,23,-1,23,64,65,-1,23,65,55,-1,66,67,68,-1,68,67,69,-1,68,69,16,-1,24,5,17,-1,17,5,70,-1,17,70,16,-1,16,70,71,-1,16,71,68,-1,72,73,74,-1,74,0,72,-1,72,0,2,-1,72,2,75,-1,75,2,76,-1,75,76,77,-1,77,76,78,-1,77,78,79,-1,79,78,80,-1,79,80,81,-1,81,80,82,-1,83,84,85,-1,86,87,31,-1,88,23,84,-1,84,23,89,-1,84,89,85,-1,85,89,90,-1,91,92,23,-1,23,92,93,-1,23,93,31,-1,31,93,94,-1,31,94,86,-1,85,95,83,-1,83,95,31,-1,83,31,96,-1,96,31,87,-1,96,87,97,-1,98,99,100,-1,101,102,98,-1,98,102,103,-1,98,103,99,-1,100,91,98,-1,98,91,23,-1,98,23,104,-1,104,23,88,-1,104,88,105,-1,105,88,106,-1,97,107,96,-1,96,107,108,-1,96,108,109,-1,109,110,96,-1,96,110,111,-1,96,111,98,-1,98,111,112,-1,98,112,101,-1,56,113,55,-1,55,113,66,-1,55,66,23,-1,23,66,68,-1,23,68,89,-1,89,68,114,-1,115,116,117,-1,118,119,120,-1,120,119,121,-1,121,119,122,-1,122,119,123,-1,122,123,124,-1,125,126,127,-1,125,127,123,-1,123,127,128,-1,123,128,124,-1,126,125,129,-1,129,125,130,-1,129,130,131,-1,132,133,134,-1,132,134,130,-1,130,134,135,-1,130,135,131,-1,133,132,136,-1,136,132,137,-1,136,137,138,-1,139,140,141,-1,141,142,139,-1,139,142,143,-1,139,143,137,-1,137,143,144,-1,137,144,138,-1,145,146,140,-1,140,146,147,-1,140,147,141,-1,148,149,150,-1,150,149,151,-1,150,151,145,-1,145,151,152,-1,145,152,146,-1,148,150,153,-1,153,150,154,-1,153,154,155,-1,156,157,158,-1,156,158,159,-1,158,160,159,-1,159,160,161,-1,159,161,154,-1,154,161,162,-1,154,162,155,-1,163,164,156,-1,156,164,165,-1,156,165,157,-1,166,167,168,-1,168,167,115,-1,169,170,171,-1,171,170,172,-1,171,172,166,-1,166,172,173,-1,166,173,167,-1,118,174,169,-1,169,174,175,-1,169,175,170,-1,115,117,168,-1,168,117,176,-1,168,176,177,-1,177,176,178,-1,177,178,179,-1,179,178,180,-1,179,180,181,-1,181,180,182,-1,181,182,183,-1,183,182,184,-1,183,184,185,-1,185,184,186,-1,185,186,187,-1,187,186,188,-1,187,188,189,-1,189,188,190,-1,189,190,191,-1,191,190,192,-1,191,192,193,-1,193,192,194,-1,193,194,195,-1,195,194,196,-1,195,196,197,-1,197,196,198,-1,197,198,199,-1,199,198,200,-1,199,200,201,-1,201,200,202,-1,201,202,203,-1,203,202,204,-1,203,204,205,-1,205,204,206,-1,205,206,207,-1,207,206,208,-1,207,208,209,-1,209,208,210,-1,209,210,211,-1,211,210,212,-1,211,212,213,-1,213,212,214,-1,213,214,215,-1,215,214,216,-1,215,216,217,-1,217,216,218,-1,217,218,219,-1,219,218,220,-1,219,220,221,-1,221,220,222,-1,221,222,223,-1,223,222,224,-1,223,224,163,-1,163,224,225,-1,163,225,164,-1,226,176,227,-1,227,176,117,-1,227,117,228,-1,228,117,116,-1,228,116,229,-1,230,231,232,-1,220,218,233,-1,231,234,232,-1,232,234,235,-1,232,235,236,-1,236,235,237,-1,233,218,238,-1,238,218,216,-1,238,216,239,-1,239,216,214,-1,239,214,240,-1,240,214,212,-1,240,212,241,-1,241,212,210,-1,241,210,242,-1,242,210,208,-1,242,208,243,-1,243,208,206,-1,243,206,244,-1,244,206,204,-1,244,204,245,-1,245,204,202,-1,245,202,246,-1,246,202,200,-1,246,200,247,-1,247,200,198,-1,247,198,248,-1,248,198,196,-1,248,196,249,-1,249,196,194,-1,249,194,250,-1,250,194,192,-1,250,192,251,-1,251,192,190,-1,251,190,252,-1,252,190,188,-1,252,188,253,-1,253,188,186,-1,253,186,254,-1,254,186,184,-1,254,184,255,-1,255,184,182,-1,255,182,256,-1,256,182,180,-1,256,180,226,-1,226,180,178,-1,226,178,176,-1,220,233,222,-1,222,233,257,-1,222,257,224,-1,224,257,258,-1,224,258,259,-1,260,261,262,-1,262,261,263,-1,262,263,264,-1,264,263,265,-1,266,267,268,-1,265,269,264,-1,264,269,270,-1,264,270,232,-1,232,270,271,-1,232,271,230,-1,267,272,268,-1,268,272,273,-1,268,273,262,-1,262,273,274,-1,262,274,260,-1,275,276,277,-1,277,276,278,-1,277,278,268,-1,268,278,279,-1,268,279,266,-1,280,281,282,-1,282,281,283,-1,282,283,277,-1,277,283,284,-1,277,284,275,-1,237,285,236,-1,236,285,286,-1,236,286,258,-1,258,286,287,-1,258,287,259,-1,228,229,288,-1,288,229,289,-1,288,289,290,-1,280,282,291,-1,291,282,292,-1,292,282,293,-1,293,282,277,-1,293,277,294,-1,294,277,295,-1,295,277,268,-1,295,268,296,-1,262,297,298,-1,262,298,268,-1,268,298,299,-1,268,299,296,-1,232,300,301,-1,232,301,264,-1,301,302,264,-1,264,302,303,-1,264,303,262,-1,262,303,304,-1,262,304,297,-1,258,305,306,-1,258,306,236,-1,306,307,236,-1,236,307,308,-1,236,308,232,-1,232,308,309,-1,232,309,300,-1,310,311,233,-1,233,311,312,-1,233,312,257,-1,257,312,313,-1,257,313,258,-1,258,313,314,-1,258,314,305,-1,238,239,315,-1,315,316,238,-1,238,316,317,-1,238,317,233,-1,233,317,318,-1,233,318,310,-1,240,319,239,-1,239,319,320,-1,239,320,315,-1,321,322,241,-1,241,322,323,-1,241,323,240,-1,240,323,324,-1,240,324,319,-1,321,241,325,-1,325,241,242,-1,325,242,326,-1,243,327,328,-1,243,328,242,-1,242,328,329,-1,242,329,326,-1,327,243,330,-1,330,243,244,-1,330,244,331,-1,331,244,332,-1,332,244,245,-1,332,245,333,-1,246,334,245,-1,245,334,335,-1,245,335,333,-1,336,337,247,-1,247,337,338,-1,247,338,246,-1,246,338,339,-1,246,339,334,-1,336,247,340,-1,340,247,248,-1,340,248,341,-1,249,342,248,-1,248,342,343,-1,248,343,341,-1,250,344,249,-1,249,344,345,-1,249,345,342,-1,346,347,251,-1,251,347,348,-1,251,348,250,-1,250,348,349,-1,250,349,344,-1,346,251,350,-1,350,251,252,-1,350,252,351,-1,253,352,252,-1,252,352,353,-1,252,353,351,-1,354,355,254,-1,254,355,356,-1,254,356,253,-1,253,356,357,-1,253,357,352,-1,354,254,358,-1,358,254,255,-1,358,255,359,-1,359,255,256,-1,359,256,360,-1,226,361,256,-1,256,361,362,-1,256,362,360,-1,363,364,227,-1,227,364,365,-1,227,365,226,-1,226,365,366,-1,226,366,361,-1,228,288,227,-1,227,288,367,-1,227,367,363,-1,368,369,370,-1,370,369,371,-1,370,371,372,-1,368,370,373,-1,373,370,374,-1,373,374,375,-1,376,377,378,-1,376,378,374,-1,374,378,379,-1,374,379,375,-1,377,376,380,-1,380,376,381,-1,380,381,382,-1,383,384,385,-1,383,385,381,-1,381,385,386,-1,381,386,382,-1,384,383,387,-1,387,383,388,-1,387,388,389,-1,390,391,392,-1,390,392,388,-1,388,392,393,-1,388,393,389,-1,391,390,394,-1,394,390,395,-1,394,395,396,-1,397,398,399,-1,397,399,395,-1,395,399,400,-1,395,400,396,-1,398,397,401,-1,401,397,402,-1,401,402,403,-1,404,405,406,-1,406,405,407,-1,406,407,408,-1,408,407,409,-1,408,409,402,-1,402,409,410,-1,402,410,403,-1,411,412,406,-1,406,412,413,-1,406,413,404,-1,414,415,416,-1,416,415,417,-1,416,417,411,-1,411,417,418,-1,411,418,412,-1,414,416,419,-1,419,416,420,-1,419,420,421,-1,421,420,422,-1,421,422,423,-1,424,425,426,-1,426,425,427,-1,426,427,422,-1,422,427,428,-1,422,428,423,-1,424,426,429,-1,429,426,430,-1,429,430,431,-1,431,430,432,-1,432,430,433,-1,432,433,434,-1,434,433,435,-1,434,435,436,-1,436,435,437,-1,436,437,438,-1,438,437,439,-1,438,439,289,-1,289,439,440,-1,289,440,290,-1,441,442,443,-1,444,445,446,-1,447,448,449,-1,449,448,450,-1,451,452,453,-1,454,455,456,-1,457,458,459,-1,460,461,462,-1,463,464,465,-1,466,467,468,-1,468,467,469,-1,468,469,470,-1,470,469,471,-1,472,473,474,-1,475,476,477,-1,477,476,472,-1,477,472,478,-1,478,472,474,-1,479,480,481,-1,481,482,479,-1,479,482,483,-1,479,483,473,-1,473,483,484,-1,473,484,474,-1,485,486,487,-1,487,486,488,-1,487,488,489,-1,489,488,490,-1,489,490,480,-1,480,490,491,-1,480,491,481,-1,485,487,492,-1,492,487,493,-1,492,493,494,-1,495,496,497,-1,495,497,493,-1,493,497,498,-1,493,498,494,-1,496,495,499,-1,499,495,500,-1,499,500,501,-1,501,500,502,-1,502,500,503,-1,502,503,504,-1,505,506,503,-1,503,506,507,-1,503,507,504,-1,508,509,510,-1,510,511,508,-1,508,511,512,-1,508,512,513,-1,513,512,514,-1,513,514,505,-1,505,514,515,-1,505,515,506,-1,516,517,509,-1,509,517,518,-1,509,518,510,-1,519,520,521,-1,521,520,522,-1,521,522,516,-1,516,522,523,-1,516,523,517,-1,519,521,524,-1,524,521,525,-1,524,525,526,-1,526,525,527,-1,527,525,528,-1,527,528,529,-1,530,531,532,-1,530,532,528,-1,528,532,533,-1,528,533,529,-1,531,530,534,-1,534,530,535,-1,534,535,536,-1,537,538,535,-1,535,538,539,-1,535,539,536,-1,540,541,537,-1,537,541,542,-1,537,542,538,-1,543,544,540,-1,540,544,545,-1,540,545,541,-1,546,547,548,-1,548,547,549,-1,548,549,543,-1,543,549,550,-1,543,550,544,-1,546,548,551,-1,551,548,552,-1,551,552,553,-1,554,555,552,-1,552,555,556,-1,552,556,553,-1,557,558,554,-1,554,558,559,-1,554,559,555,-1,560,561,562,-1,562,561,563,-1,562,563,557,-1,557,563,564,-1,557,564,558,-1,560,562,565,-1,565,562,566,-1,565,566,567,-1,567,566,568,-1,568,566,569,-1,568,569,570,-1,571,572,569,-1,569,572,573,-1,569,573,570,-1,574,575,571,-1,571,575,576,-1,571,576,572,-1,577,578,579,-1,579,578,580,-1,579,580,574,-1,574,580,581,-1,574,581,575,-1,577,579,582,-1,582,579,583,-1,582,583,584,-1,584,583,585,-1,585,583,586,-1,585,586,587,-1,588,589,590,-1,588,590,586,-1,586,590,591,-1,586,591,587,-1,589,588,592,-1,592,588,593,-1,592,593,594,-1,594,593,595,-1,595,593,596,-1,595,596,597,-1,598,599,600,-1,600,599,601,-1,600,601,596,-1,596,601,602,-1,596,602,597,-1,603,604,605,-1,605,604,606,-1,605,606,600,-1,600,606,607,-1,600,607,598,-1,608,609,603,-1,603,609,610,-1,603,610,604,-1,611,612,613,-1,613,612,614,-1,613,614,608,-1,608,614,615,-1,608,615,609,-1,611,613,616,-1,616,613,476,-1,616,476,466,-1,466,476,475,-1,466,475,467,-1,471,469,617,-1,617,469,618,-1,617,618,619,-1,619,618,620,-1,619,620,621,-1,621,620,622,-1,621,622,623,-1,623,622,624,-1,623,624,625,-1,625,624,626,-1,626,624,627,-1,626,627,628,-1,628,627,629,-1,628,629,630,-1,630,629,631,-1,630,631,632,-1,631,633,632,-1,632,633,634,-1,632,634,635,-1,635,634,636,-1,636,634,637,-1,636,637,638,-1,638,637,639,-1,638,639,640,-1,640,639,641,-1,640,641,642,-1,642,641,643,-1,642,643,644,-1,644,643,645,-1,644,645,464,-1,464,645,646,-1,464,646,465,-1,463,465,647,-1,647,465,648,-1,647,648,649,-1,649,648,650,-1,649,650,651,-1,651,650,652,-1,651,652,653,-1,652,654,653,-1,653,654,655,-1,653,655,656,-1,657,658,659,-1,656,655,660,-1,660,655,661,-1,660,661,662,-1,662,661,663,-1,662,663,664,-1,664,663,665,-1,664,665,666,-1,666,665,667,-1,666,667,668,-1,668,667,669,-1,668,669,659,-1,659,669,670,-1,659,670,657,-1,658,657,671,-1,671,657,672,-1,671,672,673,-1,673,672,674,-1,673,674,675,-1,675,674,676,-1,675,676,677,-1,676,678,677,-1,677,678,679,-1,677,679,680,-1,681,682,683,-1,680,679,684,-1,684,679,685,-1,684,685,686,-1,686,685,687,-1,686,687,688,-1,688,687,689,-1,688,689,690,-1,690,689,691,-1,690,691,692,-1,692,691,693,-1,692,693,683,-1,683,693,694,-1,683,694,681,-1,682,681,695,-1,695,681,696,-1,695,696,697,-1,697,696,698,-1,697,698,699,-1,699,698,700,-1,699,700,701,-1,700,702,701,-1,701,702,703,-1,701,703,704,-1,705,706,707,-1,704,703,708,-1,708,703,709,-1,708,709,710,-1,710,709,711,-1,710,711,712,-1,712,711,713,-1,712,713,461,-1,461,713,714,-1,461,714,462,-1,460,462,707,-1,707,462,715,-1,707,715,705,-1,706,705,716,-1,716,705,717,-1,716,717,718,-1,718,717,719,-1,718,719,720,-1,720,719,721,-1,720,721,722,-1,721,723,722,-1,722,723,724,-1,722,724,725,-1,725,724,726,-1,726,724,727,-1,726,727,728,-1,728,727,729,-1,728,729,730,-1,730,729,731,-1,730,731,732,-1,732,731,733,-1,732,733,734,-1,735,736,737,-1,737,736,738,-1,735,737,734,-1,734,737,739,-1,734,739,732,-1,740,741,742,-1,738,736,743,-1,743,736,744,-1,743,744,745,-1,745,744,746,-1,745,746,747,-1,747,746,748,-1,747,748,742,-1,742,748,749,-1,742,749,740,-1,741,740,750,-1,750,740,751,-1,750,751,752,-1,752,751,753,-1,752,753,754,-1,754,753,755,-1,754,755,756,-1,755,757,756,-1,756,757,758,-1,756,758,759,-1,760,761,762,-1,759,758,763,-1,763,758,764,-1,763,764,765,-1,765,764,766,-1,765,766,767,-1,767,766,768,-1,767,768,769,-1,769,768,770,-1,769,770,771,-1,771,770,772,-1,771,772,762,-1,762,772,773,-1,762,773,760,-1,761,760,774,-1,774,760,775,-1,774,775,776,-1,775,777,776,-1,776,777,778,-1,776,778,779,-1,779,778,780,-1,778,781,780,-1,780,781,782,-1,780,782,783,-1,783,782,784,-1,784,782,785,-1,784,785,786,-1,786,785,787,-1,786,787,788,-1,788,787,789,-1,788,789,458,-1,458,789,790,-1,458,790,459,-1,791,792,793,-1,457,459,793,-1,793,459,794,-1,793,794,791,-1,792,791,795,-1,795,791,796,-1,795,796,797,-1,796,798,797,-1,797,798,799,-1,797,799,800,-1,800,799,801,-1,799,802,801,-1,801,802,803,-1,801,803,804,-1,804,803,805,-1,805,803,806,-1,805,806,807,-1,807,806,808,-1,807,808,809,-1,809,808,810,-1,809,810,455,-1,455,810,811,-1,455,811,456,-1,812,813,814,-1,454,456,814,-1,814,456,815,-1,814,815,812,-1,813,812,816,-1,816,812,817,-1,816,817,818,-1,817,819,818,-1,818,819,820,-1,818,820,821,-1,821,820,822,-1,822,820,823,-1,822,823,824,-1,824,823,825,-1,824,825,826,-1,826,825,827,-1,826,827,828,-1,828,827,829,-1,828,829,830,-1,830,829,831,-1,830,831,452,-1,452,831,832,-1,452,832,453,-1,833,834,835,-1,451,453,836,-1,836,453,837,-1,836,837,838,-1,838,837,839,-1,838,839,840,-1,840,839,841,-1,840,841,842,-1,842,841,843,-1,842,843,844,-1,844,843,845,-1,844,845,835,-1,835,845,846,-1,835,846,833,-1,834,833,847,-1,847,833,848,-1,847,848,849,-1,849,848,850,-1,849,850,851,-1,450,448,851,-1,851,448,852,-1,851,852,849,-1,447,449,853,-1,853,449,854,-1,853,854,855,-1,855,854,856,-1,855,856,857,-1,857,856,858,-1,857,858,445,-1,445,858,859,-1,445,859,446,-1,860,861,862,-1,444,446,862,-1,862,446,863,-1,862,863,860,-1,861,860,864,-1,864,860,865,-1,864,865,866,-1,865,867,866,-1,866,867,868,-1,866,868,869,-1,869,868,870,-1,868,871,870,-1,870,871,872,-1,870,872,873,-1,873,872,874,-1,874,872,875,-1,874,875,876,-1,876,875,877,-1,876,877,878,-1,878,877,879,-1,878,879,442,-1,442,879,880,-1,442,880,443,-1,881,882,883,-1,441,443,883,-1,883,443,884,-1,883,884,881,-1,882,881,885,-1,885,881,886,-1,885,886,887,-1,886,888,887,-1,887,888,889,-1,887,889,890,-1,891,892,893,-1,894,895,893,-1,893,895,896,-1,893,896,891,-1,897,898,899,-1,899,898,900,-1,899,900,894,-1,894,900,901,-1,894,901,895,-1,897,899,902,-1,902,899,903,-1,902,903,904,-1,905,906,903,-1,903,906,907,-1,903,907,904,-1,890,889,908,-1,908,889,909,-1,908,909,910,-1,910,909,911,-1,910,911,912,-1,912,911,913,-1,912,913,914,-1,914,913,915,-1,914,915,916,-1,916,915,917,-1,916,917,905,-1,905,917,918,-1,905,918,906,-1,919,920,921,-1,922,923,924,-1,924,923,925,-1,926,927,429,-1,429,927,424,-1,424,927,425,-1,425,927,928,-1,425,928,427,-1,928,929,427,-1,427,929,930,-1,427,930,428,-1,428,930,931,-1,428,931,423,-1,423,931,932,-1,423,932,421,-1,421,932,933,-1,421,933,419,-1,419,933,934,-1,419,934,414,-1,414,934,935,-1,414,935,415,-1,415,935,936,-1,415,936,417,-1,936,937,417,-1,417,937,938,-1,417,938,418,-1,418,938,939,-1,418,939,412,-1,412,939,940,-1,412,940,413,-1,413,940,941,-1,413,941,404,-1,404,941,942,-1,404,942,405,-1,942,943,405,-1,405,943,944,-1,405,944,407,-1,407,944,945,-1,407,945,409,-1,409,945,946,-1,409,946,410,-1,410,946,947,-1,410,947,403,-1,403,947,948,-1,403,948,401,-1,401,948,949,-1,401,949,398,-1,398,949,950,-1,398,950,399,-1,399,950,951,-1,399,951,400,-1,400,951,952,-1,400,952,396,-1,396,952,953,-1,396,953,394,-1,953,954,394,-1,394,954,955,-1,394,955,391,-1,391,955,956,-1,391,956,392,-1,392,956,957,-1,392,957,393,-1,393,957,958,-1,393,958,389,-1,389,958,959,-1,389,959,387,-1,959,960,387,-1,387,960,961,-1,387,961,384,-1,384,961,962,-1,384,962,385,-1,385,962,963,-1,385,963,386,-1,386,963,964,-1,386,964,382,-1,382,964,965,-1,382,965,380,-1,965,966,380,-1,380,966,967,-1,380,967,377,-1,377,967,968,-1,377,968,378,-1,378,968,969,-1,378,969,379,-1,379,969,970,-1,379,970,375,-1,375,970,971,-1,375,971,373,-1,373,971,972,-1,373,972,368,-1,368,972,973,-1,368,973,369,-1,369,973,974,-1,369,974,371,-1,372,975,976,-1,371,974,372,-1,372,974,977,-1,372,977,975,-1,978,979,976,-1,976,979,980,-1,976,980,372,-1,873,981,870,-1,870,981,982,-1,870,982,869,-1,869,982,983,-1,869,983,866,-1,874,984,873,-1,873,984,985,-1,873,985,981,-1,878,986,876,-1,876,986,987,-1,876,987,874,-1,874,987,988,-1,874,988,984,-1,441,989,442,-1,442,989,990,-1,442,990,878,-1,878,990,991,-1,878,991,986,-1,883,992,441,-1,441,992,993,-1,441,993,989,-1,890,994,887,-1,887,994,995,-1,887,995,885,-1,995,996,885,-1,885,996,997,-1,885,997,882,-1,882,997,998,-1,882,998,883,-1,883,998,999,-1,883,999,992,-1,914,1000,912,-1,912,1000,1001,-1,912,1001,910,-1,910,1001,1002,-1,910,1002,908,-1,908,1002,1003,-1,908,1003,890,-1,890,1003,1004,-1,890,1004,994,-1,1005,1006,1007,-1,1007,1006,1008,-1,1007,1008,1009,-1,1009,1008,1010,-1,1009,1010,1011,-1,1011,1010,1012,-1,1013,1014,1015,-1,1015,1014,1016,-1,1017,1018,1019,-1,1019,1018,1020,-1,1019,1020,1016,-1,1016,1020,1021,-1,1016,1021,1015,-1,1022,1023,1024,-1,1024,1023,1025,-1,1026,1027,1025,-1,1025,1027,1028,-1,1025,1028,1024,-1,1029,1030,1031,-1,1031,1030,1032,-1,1031,1032,1026,-1,1026,1032,1033,-1,1026,1033,1027,-1,1034,1035,1036,-1,1036,1035,1037,-1,1038,1039,1040,-1,1040,1039,1041,-1,1040,1041,1037,-1,1037,1041,1042,-1,1037,1042,1036,-1,1043,1044,1045,-1,1046,1047,1045,-1,1045,1047,1048,-1,1045,1048,1043,-1,1049,1050,1051,-1,1051,1050,1052,-1,1051,1052,1046,-1,1046,1052,1053,-1,1046,1053,1047,-1,1054,1055,1056,-1,1056,1055,1057,-1,1058,1059,1060,-1,1060,1059,1061,-1,1060,1061,1057,-1,1057,1061,1062,-1,1057,1062,1056,-1,1063,1064,1065,-1,1065,1064,1066,-1,1067,1068,1066,-1,1066,1068,1069,-1,1066,1069,1065,-1,1070,1071,1072,-1,1072,1071,1073,-1,1072,1073,1067,-1,1067,1073,1074,-1,1067,1074,1068,-1,1075,1076,1077,-1,1077,1076,1078,-1,1077,1078,1079,-1,1079,1078,1080,-1,1079,1080,1081,-1,1082,1083,1084,-1,1084,1083,1085,-1,1086,1087,1088,-1,1088,1087,1089,-1,1088,1089,1085,-1,1085,1089,1090,-1,1085,1090,1084,-1,1091,1092,1093,-1,1093,1092,1094,-1,1095,1096,1094,-1,1094,1096,1097,-1,1094,1097,1093,-1,1098,1099,1100,-1,1100,1099,1101,-1,1100,1101,1095,-1,1095,1101,1102,-1,1095,1102,1096,-1,1103,1104,1105,-1,1105,1104,1106,-1,1107,1108,1109,-1,1109,1108,1110,-1,1109,1110,1106,-1,1106,1110,1111,-1,1106,1111,1105,-1,1112,1113,1114,-1,1114,1113,1115,-1,1114,1115,1116,-1,1116,1115,1117,-1,1118,1119,1120,-1,1120,1119,1121,-1,1120,1121,1117,-1,1117,1121,1122,-1,1117,1122,1116,-1,1123,1124,1125,-1,1125,1124,1126,-1,1127,1128,1129,-1,1129,1128,1130,-1,1129,1130,1126,-1,1126,1130,1131,-1,1126,1131,1125,-1,1132,1133,1134,-1,1134,1133,1135,-1,1136,1137,1138,-1,1138,1137,1139,-1,1138,1139,1135,-1,1135,1139,1140,-1,1135,1140,1134,-1,1141,1142,1143,-1,1143,1142,1144,-1,1143,1144,1145,-1,1145,1144,1146,-1,1146,1144,1147,-1,1146,1147,1148,-1,1148,1147,1149,-1,1149,1147,1150,-1,1149,1150,1151,-1,1152,1153,1154,-1,1155,1156,1157,-1,1157,1156,1158,-1,1157,1158,1154,-1,1154,1158,1159,-1,1154,1159,1152,-1,1160,1161,1162,-1,1162,1161,1163,-1,1164,1165,1163,-1,1163,1165,1166,-1,1163,1166,1162,-1,1167,1168,1169,-1,1169,1168,1170,-1,1169,1170,1164,-1,1164,1170,1171,-1,1164,1171,1165,-1,1172,1173,1174,-1,1174,1173,1175,-1,1176,1177,1178,-1,1178,1177,1179,-1,1178,1179,1175,-1,1175,1179,1180,-1,1175,1180,1174,-1,1181,1182,1183,-1,1183,1182,1184,-1,1185,1186,1187,-1,1187,1186,1188,-1,1187,1188,1189,-1,1189,1188,1190,-1,1189,1190,1184,-1,1184,1190,1191,-1,1184,1191,1183,-1,1192,1193,1194,-1,1194,1193,1195,-1,1196,1197,1198,-1,1198,1197,1199,-1,1198,1199,1195,-1,1195,1199,1200,-1,1195,1200,1194,-1,1201,1202,1203,-1,1203,1202,1204,-1,1205,1206,1207,-1,1207,1206,1208,-1,1207,1208,1204,-1,1204,1208,1209,-1,1204,1209,1203,-1,1210,1211,1212,-1,1212,1211,1213,-1,1214,1215,1213,-1,1213,1215,1216,-1,1213,1216,1212,-1,1217,1218,1219,-1,1219,1218,1220,-1,1219,1220,1214,-1,1214,1220,1221,-1,1214,1221,1215,-1,1222,1223,1224,-1,1225,1226,1227,-1,1227,1226,1228,-1,1227,1228,1224,-1,1224,1228,1229,-1,1224,1229,1222,-1,1230,1231,1232,-1,1232,1231,1233,-1,1234,1235,1233,-1,1233,1235,1236,-1,1233,1236,1232,-1,1237,1238,1239,-1,1239,1238,1240,-1,1239,1240,1234,-1,1234,1240,1241,-1,1234,1241,1235,-1,1242,1243,1244,-1,1244,1243,1245,-1,1246,1247,1248,-1,1248,1247,1249,-1,1248,1249,1245,-1,1245,1249,1250,-1,1245,1250,1244,-1,1251,1252,1253,-1,1253,1252,1254,-1,923,1255,925,-1,925,1255,1256,-1,925,1256,1254,-1,1254,1256,1257,-1,1254,1257,1253,-1,1258,1259,1260,-1,1260,1259,1261,-1,1262,1263,1264,-1,1264,1263,1265,-1,1264,1265,1261,-1,1261,1265,1266,-1,1261,1266,1260,-1,1267,1268,1269,-1,1269,1268,1270,-1,1271,1272,1273,-1,1273,1272,1274,-1,1273,1274,1270,-1,1270,1274,1275,-1,1270,1275,1269,-1,1276,1277,1278,-1,1278,1277,1279,-1,1280,1281,1279,-1,1279,1281,1282,-1,1279,1282,1278,-1,1283,1284,1285,-1,1285,1284,1286,-1,1285,1286,1280,-1,1280,1286,1287,-1,1280,1287,1281,-1,1288,1289,1290,-1,1290,1289,1291,-1,1290,1291,1292,-1,1292,1291,1293,-1,1292,1293,1294,-1,1294,1293,1295,-1,1296,1297,1298,-1,1298,1297,1299,-1,1300,1301,1299,-1,1299,1301,1302,-1,1299,1302,1298,-1,1303,1304,1305,-1,1305,1304,1306,-1,1305,1306,1300,-1,1300,1306,1307,-1,1300,1307,1301,-1,1308,1309,1310,-1,1310,1309,1311,-1,1312,1313,1314,-1,1314,1313,1315,-1,1314,1315,1311,-1,1311,1315,1316,-1,1311,1316,1310,-1,1317,1318,1319,-1,1319,1318,1320,-1,1319,1320,1321,-1,1321,1320,1322,-1,1322,1320,1323,-1,1322,1323,1324,-1,1324,1323,1325,-1,1325,1323,1326,-1,1325,1326,1327,-1,1328,1329,1330,-1,1331,1332,1333,-1,1333,1332,1334,-1,1333,1334,1330,-1,1330,1334,1335,-1,1330,1335,1328,-1,1336,1337,1338,-1,1338,1337,1339,-1,1340,1341,1342,-1,1342,1341,1343,-1,1342,1343,1339,-1,1339,1343,1344,-1,1339,1344,1338,-1,1345,1346,1347,-1,1347,1346,1348,-1,1349,1350,1348,-1,1348,1350,1351,-1,1348,1351,1347,-1,1352,1353,1354,-1,1354,1353,1355,-1,1354,1355,1349,-1,1349,1355,1356,-1,1349,1356,1350,-1,1357,1358,1359,-1,1359,1358,1360,-1,921,920,1360,-1,1360,920,1361,-1,1360,1361,1359,-1,1362,1363,1364,-1,1364,1363,1365,-1,1366,1367,1365,-1,1365,1367,1368,-1,1365,1368,1364,-1,1369,1370,1371,-1,1371,1370,1372,-1,1371,1372,1366,-1,1366,1372,1373,-1,1366,1373,1367,-1,1374,1375,1376,-1,1376,1375,1377,-1,1378,1379,1380,-1,1380,1379,1381,-1,1380,1381,1377,-1,1377,1381,1382,-1,1377,1382,1376,-1,1383,1384,1385,-1,1385,1384,1386,-1,977,1387,975,-1,975,1387,1388,-1,975,1388,1386,-1,1386,1388,1389,-1,1386,1389,1385,-1,486,1010,488,-1,488,1010,1008,-1,488,1008,490,-1,490,1008,1006,-1,490,1006,491,-1,486,485,1010,-1,1010,485,1014,-1,1010,1014,1012,-1,1012,1014,1013,-1,497,1019,498,-1,498,1019,1016,-1,498,1016,494,-1,494,1016,1014,-1,494,1014,492,-1,492,1014,485,-1,497,496,1019,-1,1019,496,1023,-1,1019,1023,1017,-1,1017,1023,1022,-1,496,499,1023,-1,1023,499,501,-1,1023,501,1025,-1,1025,501,502,-1,1025,502,1026,-1,1026,502,504,-1,1026,504,1031,-1,1031,504,507,-1,1031,507,506,-1,506,515,1031,-1,1031,515,1035,-1,1031,1035,1029,-1,1029,1035,1034,-1,510,1040,511,-1,511,1040,1037,-1,511,1037,512,-1,512,1037,1035,-1,512,1035,514,-1,514,1035,515,-1,510,518,1040,-1,1040,518,1044,-1,1040,1044,1038,-1,1038,1044,1043,-1,518,517,1044,-1,1044,517,523,-1,1044,523,1045,-1,1045,523,522,-1,1045,522,1046,-1,524,1051,519,-1,519,1051,1046,-1,519,1046,520,-1,520,1046,522,-1,524,526,1051,-1,1051,526,1055,-1,1051,1055,1049,-1,1049,1055,1054,-1,532,1060,533,-1,533,1060,1057,-1,533,1057,529,-1,529,1057,1055,-1,529,1055,527,-1,527,1055,526,-1,532,531,1060,-1,1060,531,1064,-1,1060,1064,1058,-1,1058,1064,1063,-1,531,534,1064,-1,1064,534,536,-1,1064,536,1066,-1,1066,536,539,-1,1066,539,1067,-1,541,1072,542,-1,542,1072,1067,-1,542,1067,538,-1,538,1067,539,-1,541,545,1072,-1,1072,545,1076,-1,1072,1076,1070,-1,1070,1076,1075,-1,547,1080,549,-1,549,1080,1078,-1,549,1078,550,-1,550,1078,1076,-1,550,1076,544,-1,544,1076,545,-1,547,546,1080,-1,1080,546,1083,-1,1080,1083,1081,-1,1081,1083,1082,-1,555,1088,556,-1,556,1088,1085,-1,556,1085,553,-1,553,1085,1083,-1,553,1083,551,-1,551,1083,546,-1,555,559,1088,-1,1088,559,1092,-1,1088,1092,1086,-1,1086,1092,1091,-1,559,558,1092,-1,1092,558,564,-1,1092,564,1094,-1,1094,564,563,-1,1094,563,1095,-1,565,1100,560,-1,560,1100,1095,-1,560,1095,561,-1,561,1095,563,-1,565,567,1100,-1,1100,567,1104,-1,1100,1104,1098,-1,1098,1104,1103,-1,572,1109,573,-1,573,1109,1106,-1,573,1106,570,-1,570,1106,1104,-1,570,1104,568,-1,568,1104,567,-1,572,576,1109,-1,1109,576,1113,-1,1109,1113,1107,-1,1107,1113,1112,-1,576,575,1113,-1,1113,575,581,-1,1113,581,1115,-1,1115,581,580,-1,1115,580,1117,-1,582,1120,577,-1,577,1120,1117,-1,577,1117,578,-1,578,1117,580,-1,582,584,1120,-1,1120,584,1124,-1,1120,1124,1118,-1,1118,1124,1123,-1,590,1129,591,-1,591,1129,1126,-1,591,1126,587,-1,587,1126,1124,-1,587,1124,585,-1,585,1124,584,-1,590,589,1129,-1,1129,589,1133,-1,1129,1133,1127,-1,1127,1133,1132,-1,597,1138,595,-1,595,1138,1135,-1,595,1135,594,-1,594,1135,1133,-1,594,1133,592,-1,592,1133,589,-1,597,602,1138,-1,1138,602,1142,-1,1138,1142,1136,-1,1136,1142,1141,-1,602,601,1142,-1,1142,601,599,-1,1142,599,1144,-1,1144,599,598,-1,1144,598,1147,-1,1147,598,607,-1,1147,607,1150,-1,1150,607,606,-1,1150,606,604,-1,604,610,1150,-1,1150,610,1153,-1,1150,1153,1151,-1,1151,1153,1152,-1,612,1157,614,-1,614,1157,1154,-1,614,1154,615,-1,615,1154,1153,-1,615,1153,609,-1,609,1153,610,-1,612,611,1157,-1,1157,611,1161,-1,1157,1161,1155,-1,1155,1161,1160,-1,611,616,1161,-1,1161,616,466,-1,1161,466,1163,-1,1163,466,468,-1,1163,468,1164,-1,617,1169,471,-1,471,1169,1164,-1,471,1164,470,-1,470,1164,468,-1,617,619,1169,-1,1169,619,1173,-1,1169,1173,1167,-1,1167,1173,1172,-1,626,1178,625,-1,625,1178,1175,-1,625,1175,623,-1,623,1175,1173,-1,623,1173,621,-1,621,1173,619,-1,626,628,1178,-1,1178,628,1182,-1,1178,1182,1176,-1,1176,1182,1181,-1,628,630,1182,-1,1182,630,632,-1,1182,632,1184,-1,1184,632,635,-1,1184,635,1189,-1,640,1187,638,-1,638,1187,1189,-1,638,1189,636,-1,636,1189,635,-1,640,642,1187,-1,1187,642,1193,-1,1187,1193,1185,-1,1185,1193,1192,-1,647,1198,463,-1,463,1198,1195,-1,463,1195,464,-1,464,1195,1193,-1,464,1193,644,-1,644,1193,642,-1,647,649,1198,-1,1198,649,1202,-1,1198,1202,1196,-1,1196,1202,1201,-1,660,1207,656,-1,656,1207,1204,-1,656,1204,653,-1,653,1204,1202,-1,653,1202,651,-1,651,1202,649,-1,660,662,1207,-1,1207,662,1211,-1,1207,1211,1205,-1,1205,1211,1210,-1,662,664,1211,-1,1211,664,666,-1,1211,666,1213,-1,1213,666,668,-1,1213,668,1214,-1,671,1219,658,-1,658,1219,1214,-1,658,1214,659,-1,659,1214,668,-1,671,673,1219,-1,1219,673,1223,-1,1219,1223,1217,-1,1217,1223,1222,-1,684,1227,680,-1,680,1227,1224,-1,680,1224,677,-1,677,1224,1223,-1,677,1223,675,-1,675,1223,673,-1,684,686,1227,-1,1227,686,1231,-1,1227,1231,1225,-1,1225,1231,1230,-1,686,688,1231,-1,1231,688,690,-1,1231,690,1233,-1,1233,690,692,-1,1233,692,1234,-1,695,1239,682,-1,682,1239,1234,-1,682,1234,683,-1,683,1234,692,-1,695,697,1239,-1,1239,697,1243,-1,1239,1243,1237,-1,1237,1243,1242,-1,708,1248,704,-1,704,1248,1245,-1,704,1245,701,-1,701,1245,1243,-1,701,1243,699,-1,699,1243,697,-1,708,710,1248,-1,1248,710,1252,-1,1248,1252,1246,-1,1246,1252,1251,-1,710,712,1252,-1,1252,712,461,-1,1252,461,1254,-1,1254,461,460,-1,1254,460,925,-1,716,924,706,-1,706,924,925,-1,706,925,707,-1,707,925,460,-1,716,718,924,-1,924,718,1259,-1,924,1259,922,-1,922,1259,1258,-1,726,1264,725,-1,725,1264,1261,-1,725,1261,722,-1,722,1261,1259,-1,722,1259,720,-1,720,1259,718,-1,726,728,1264,-1,1264,728,1268,-1,1264,1268,1262,-1,1262,1268,1267,-1,737,1273,739,-1,739,1273,1270,-1,739,1270,732,-1,732,1270,1268,-1,732,1268,730,-1,730,1268,728,-1,737,738,1273,-1,1273,738,1277,-1,1273,1277,1271,-1,1271,1277,1276,-1,738,743,1277,-1,1277,743,745,-1,1277,745,1279,-1,1279,745,747,-1,1279,747,1280,-1,750,1285,741,-1,741,1285,1280,-1,741,1280,742,-1,742,1280,747,-1,750,752,1285,-1,1285,752,1289,-1,1285,1289,1283,-1,1283,1289,1288,-1,763,1293,759,-1,759,1293,1291,-1,759,1291,756,-1,756,1291,1289,-1,756,1289,754,-1,754,1289,752,-1,763,765,1293,-1,1293,765,1297,-1,1293,1297,1295,-1,1295,1297,1296,-1,765,767,1297,-1,1297,767,769,-1,1297,769,1299,-1,1299,769,771,-1,1299,771,1300,-1,774,1305,761,-1,761,1305,1300,-1,761,1300,762,-1,762,1300,771,-1,774,776,1305,-1,1305,776,1309,-1,1305,1309,1303,-1,1303,1309,1308,-1,784,1314,783,-1,783,1314,1311,-1,783,1311,780,-1,780,1311,1309,-1,780,1309,779,-1,779,1309,776,-1,784,786,1314,-1,1314,786,1318,-1,1314,1318,1312,-1,1312,1318,1317,-1,786,788,1318,-1,1318,788,458,-1,1318,458,1320,-1,1320,458,457,-1,1320,457,1323,-1,795,1326,792,-1,792,1326,1323,-1,792,1323,793,-1,793,1323,457,-1,795,797,1326,-1,1326,797,1329,-1,1326,1329,1327,-1,1327,1329,1328,-1,805,1333,804,-1,804,1333,1330,-1,804,1330,801,-1,801,1330,1329,-1,801,1329,800,-1,800,1329,797,-1,805,807,1333,-1,1333,807,1337,-1,1333,1337,1331,-1,1331,1337,1336,-1,814,1342,454,-1,454,1342,1339,-1,454,1339,455,-1,455,1339,1337,-1,455,1337,809,-1,809,1337,807,-1,814,813,1342,-1,1342,813,1346,-1,1342,1346,1340,-1,1340,1346,1345,-1,813,816,1346,-1,1346,816,818,-1,1346,818,1348,-1,1348,818,821,-1,1348,821,1349,-1,826,1354,824,-1,824,1354,1349,-1,824,1349,822,-1,822,1349,821,-1,826,828,1354,-1,1354,828,1358,-1,1354,1358,1352,-1,1352,1358,1357,-1,836,921,451,-1,451,921,1360,-1,451,1360,452,-1,452,1360,1358,-1,452,1358,830,-1,830,1358,828,-1,836,838,921,-1,921,838,1363,-1,921,1363,919,-1,919,1363,1362,-1,838,840,1363,-1,1363,840,842,-1,1363,842,1365,-1,1365,842,844,-1,1365,844,1366,-1,847,1371,834,-1,834,1371,1366,-1,834,1366,835,-1,835,1366,844,-1,847,849,1371,-1,1371,849,1375,-1,1371,1375,1369,-1,1369,1375,1374,-1,853,1380,447,-1,447,1380,1377,-1,447,1377,448,-1,448,1377,1375,-1,448,1375,852,-1,852,1375,849,-1,853,855,1380,-1,1380,855,1384,-1,1380,1384,1378,-1,1378,1384,1383,-1,855,857,1384,-1,1384,857,445,-1,1384,445,1386,-1,1386,445,444,-1,1386,444,975,-1,983,1390,866,-1,866,1390,978,-1,866,978,864,-1,864,978,976,-1,864,976,861,-1,861,976,975,-1,861,975,862,-1,862,975,444,-1,1391,74,1392,-1,1392,74,73,-1,81,82,1393,-1,1393,82,1394,-1,1393,1394,1395,-1,1395,1394,1396,-1,1397,5,1398,-1,1398,5,4,-1,1398,4,1399,-1,1399,4,1400,-1,1399,1400,1391,-1,1392,1401,1391,-1,1391,1401,1395,-1,1391,1395,1399,-1,1399,1395,1396,-1,1399,1396,1402,-1,82,80,1403,-1,1404,1405,89,-1,90,89,1406,-1,1406,89,1405,-1,1406,1405,1403,-1,1403,1405,1407,-1,1407,1408,1403,-1,1403,1408,1409,-1,1403,1409,1410,-1,1410,1411,1403,-1,1403,1411,1412,-1,1403,1412,1413,-1,1413,1414,1403,-1,1403,1414,1394,-1,1403,1394,82,-1,1414,1415,1394,-1,1394,1415,1416,-1,1394,1416,1417,-1,1417,1418,1394,-1,1394,1418,1419,-1,1394,1419,1420,-1,1420,1419,1421,-1,1420,1421,1422,-1,1422,1423,1420,-1,1420,1423,1424,-1,1420,1424,1425,-1,1425,1424,1426,-1,1425,1426,1427,-1,114,1428,89,-1,89,1428,1429,-1,89,1429,1404,-1,1430,1431,114,-1,114,1431,1432,-1,114,1432,1428,-1,1427,1433,1425,-1,1425,1433,1434,-1,1425,1434,1435,-1,1434,1436,1435,-1,1435,1436,1437,-1,1435,1437,1438,-1,1438,1439,1435,-1,1435,1439,1440,-1,1435,1440,114,-1,114,1440,1441,-1,114,1441,1430,-1,71,1442,68,-1,68,1442,1443,-1,68,1443,1444,-1,1445,1446,1444,-1,1444,1446,1435,-1,1444,1435,68,-1,68,1435,114,-1,1402,1396,1447,-1,1448,203,205,-1,1449,183,185,-1,1442,125,1450,-1,1450,125,123,-1,118,169,1445,-1,1445,169,171,-1,1445,171,166,-1,166,168,1445,-1,1445,168,177,-1,1445,177,1446,-1,1446,177,179,-1,1446,179,1449,-1,1449,179,181,-1,1449,181,183,-1,185,187,1449,-1,1449,187,189,-1,1449,189,1447,-1,1447,189,191,-1,1447,191,193,-1,205,207,1448,-1,1448,207,209,-1,1448,209,1451,-1,1451,209,211,-1,1451,211,213,-1,1445,1452,118,-1,118,1452,1450,-1,118,1450,119,-1,119,1450,123,-1,145,140,1442,-1,1442,140,139,-1,1442,139,137,-1,137,132,1442,-1,1442,132,130,-1,1442,130,125,-1,156,5,163,-1,163,5,223,-1,156,159,5,-1,5,159,154,-1,5,154,70,-1,213,215,1451,-1,1451,215,217,-1,1451,217,1397,-1,1397,217,219,-1,1397,219,5,-1,5,219,221,-1,5,221,223,-1,193,195,1447,-1,1447,195,197,-1,1447,197,1402,-1,1402,197,199,-1,1402,199,1448,-1,1448,199,201,-1,1448,201,203,-1,1442,71,145,-1,145,71,70,-1,145,70,150,-1,150,70,154,-1,1449,1447,1425,-1,1425,1447,1420,-1,1453,1454,1455,-1,1456,1457,1458,-1,1458,1457,1459,-1,1458,1459,1460,-1,1460,1459,1461,-1,1460,1461,1462,-1,1462,1461,1463,-1,1462,1463,1464,-1,1464,1463,1465,-1,1464,1465,1466,-1,1466,1465,1467,-1,1466,1467,1468,-1,1468,1467,1469,-1,1468,1469,1470,-1,1470,1469,1471,-1,1470,1471,1472,-1,1472,1471,1473,-1,1472,1473,1474,-1,1474,1473,1475,-1,1474,1475,1476,-1,1453,1477,1454,-1,1454,1477,1478,-1,1454,1478,1479,-1,1479,1478,1480,-1,1479,1480,1481,-1,1481,1480,1482,-1,1481,1482,1483,-1,1483,1482,1484,-1,1483,1484,1485,-1,1485,1484,1486,-1,1485,1486,1487,-1,1487,1486,1488,-1,1487,1488,1489,-1,1489,1488,1490,-1,1489,1490,1491,-1,1491,1490,1492,-1,1491,1492,1493,-1,1493,1492,1494,-1,1493,1494,1456,-1,1456,1494,1495,-1,1456,1495,1457,-1,1496,1497,1498,-1,1498,1497,1499,-1,1498,1499,1500,-1,1500,1499,1501,-1,1500,1501,1502,-1,1502,1501,1503,-1,1502,1503,1504,-1,1504,1503,1505,-1,1504,1505,1506,-1,1506,1505,1507,-1,1506,1507,1508,-1,1508,1507,1509,-1,1508,1509,1510,-1,1510,1509,1511,-1,1510,1511,1512,-1,1512,1511,1513,-1,1512,1513,1455,-1,1455,1513,1514,-1,1455,1514,1453,-1,1475,1515,1476,-1,1476,1515,1516,-1,1476,1516,1517,-1,1517,1516,1518,-1,1517,1518,1519,-1,1519,1518,1520,-1,1519,1520,1521,-1,1521,1520,1522,-1,1521,1522,1523,-1,1523,1522,1524,-1,1523,1524,1525,-1,1525,1524,1526,-1,1525,1526,1527,-1,1527,1526,1528,-1,1527,1528,1529,-1,1529,1528,1530,-1,1529,1530,1531,-1,1531,1530,1532,-1,1531,1532,1533,-1,1533,1532,1534,-1,1533,1534,1496,-1,1496,1534,1535,-1,1496,1535,1497,-1,1478,1477,513,-1,513,1477,508,-1,1477,1453,508,-1,508,1453,1514,-1,508,1514,509,-1,509,1514,1513,-1,509,1513,516,-1,516,1513,1511,-1,516,1511,521,-1,521,1511,1509,-1,521,1509,525,-1,525,1509,1507,-1,525,1507,528,-1,528,1507,1505,-1,528,1505,530,-1,530,1505,1503,-1,530,1503,535,-1,535,1503,1501,-1,535,1501,537,-1,537,1501,1499,-1,537,1499,540,-1,540,1499,1497,-1,540,1497,543,-1,543,1497,1535,-1,543,1535,548,-1,548,1535,1534,-1,548,1534,552,-1,552,1534,1532,-1,552,1532,554,-1,554,1532,1530,-1,554,1530,557,-1,557,1530,1528,-1,557,1528,562,-1,562,1528,1526,-1,562,1526,566,-1,566,1526,1524,-1,566,1524,569,-1,569,1524,1522,-1,569,1522,571,-1,571,1522,1520,-1,571,1520,574,-1,574,1520,1518,-1,574,1518,579,-1,579,1518,1516,-1,579,1516,583,-1,583,1516,1515,-1,583,1515,586,-1,586,1515,1475,-1,586,1475,588,-1,588,1475,1473,-1,588,1473,593,-1,593,1473,1471,-1,593,1471,596,-1,596,1471,1469,-1,596,1469,600,-1,600,1469,1467,-1,600,1467,605,-1,605,1467,1465,-1,605,1465,603,-1,603,1465,1463,-1,603,1463,608,-1,608,1463,1461,-1,608,1461,613,-1,613,1461,1459,-1,613,1459,476,-1,476,1459,1457,-1,476,1457,472,-1,472,1457,1495,-1,472,1495,473,-1,473,1495,1494,-1,473,1494,479,-1,479,1494,1492,-1,479,1492,480,-1,480,1492,1490,-1,480,1490,489,-1,489,1490,1488,-1,489,1488,487,-1,487,1488,1486,-1,487,1486,493,-1,493,1486,1484,-1,493,1484,495,-1,495,1484,1482,-1,495,1482,500,-1,500,1482,1480,-1,500,1480,503,-1,503,1480,1478,-1,503,1478,505,-1,505,1478,513,-1,1536,1537,1452,-1,1452,1537,1450,-1,1537,1536,1443,-1,1443,1536,1444,-1,1536,1452,1444,-1,1444,1452,1445,-1,1450,1537,1442,-1,1442,1537,1443,-1,1448,1538,1402,-1,1402,1538,1399,-1,1538,1539,1399,-1,1399,1539,1398,-1,1539,1451,1398,-1,1398,1451,1397,-1,1539,1538,1451,-1,1451,1538,1448,-1,1418,1540,1541,-1,1540,1418,1542,-1,1542,1418,1417,-1,1542,1417,1543,-1,1543,1417,1416,-1,1543,1416,1544,-1,1544,1416,1415,-1,1544,1415,1545,-1,1545,1415,1414,-1,1545,1414,1546,-1,1546,1414,1413,-1,1546,1413,1547,-1,1547,1413,1412,-1,1547,1412,1548,-1,1548,1412,1411,-1,1548,1411,1549,-1,1549,1411,1410,-1,1549,1410,1550,-1,1550,1410,1409,-1,1550,1409,1551,-1,1552,1553,1554,-1,1552,1555,1553,-1,1553,1555,1556,-1,1553,1556,1557,-1,1556,1558,1557,-1,1557,1558,1559,-1,1557,1559,1560,-1,1559,1561,1560,-1,1560,1561,1562,-1,1560,1562,1563,-1,1563,1562,1564,-1,1563,1564,1565,-1,1565,1564,1566,-1,1566,1567,1565,-1,1565,1567,1568,-1,1565,1568,1569,-1,1568,1570,1569,-1,1569,1570,1571,-1,1569,1571,1572,-1,1571,1573,1572,-1,1572,1573,1574,-1,1572,1574,1541,-1,1541,1574,1575,-1,1541,1575,1418,-1,1418,1575,1576,-1,1418,1576,1419,-1,1576,1577,1419,-1,1419,1577,1578,-1,1419,1578,1421,-1,1421,1578,1579,-1,1421,1579,1422,-1,1579,1580,1422,-1,1422,1580,1581,-1,1422,1581,1423,-1,1423,1581,1582,-1,1423,1582,1583,-1,1583,1584,1423,-1,1423,1584,1585,-1,1423,1585,1424,-1,1585,1586,1424,-1,1424,1586,1587,-1,1424,1587,1426,-1,1587,1588,1426,-1,1426,1588,1589,-1,1426,1589,1427,-1,1589,1590,1427,-1,1427,1590,1591,-1,1427,1591,1433,-1,1591,1592,1433,-1,1433,1592,1593,-1,1433,1593,1434,-1,1434,1593,1594,-1,1434,1594,1436,-1,1594,1595,1436,-1,1436,1595,1596,-1,1436,1596,1437,-1,1437,1596,1597,-1,1437,1597,1598,-1,1598,1599,1437,-1,1437,1599,1600,-1,1437,1600,1438,-1,1600,1601,1438,-1,1438,1601,1602,-1,1438,1602,1439,-1,1602,1603,1439,-1,1439,1603,1604,-1,1439,1604,1440,-1,1604,1605,1440,-1,1440,1605,1606,-1,1440,1606,1441,-1,1606,1607,1441,-1,1441,1607,1608,-1,1441,1608,1430,-1,1430,1608,1609,-1,1430,1609,1431,-1,1609,1610,1431,-1,1431,1610,1611,-1,1431,1611,1432,-1,1432,1611,1612,-1,1432,1612,1613,-1,1613,1614,1432,-1,1432,1614,1615,-1,1432,1615,1428,-1,1615,1616,1428,-1,1428,1616,1617,-1,1428,1617,1429,-1,1617,1618,1429,-1,1429,1618,1619,-1,1429,1619,1404,-1,1619,1620,1404,-1,1404,1620,1621,-1,1404,1621,1405,-1,1621,1622,1405,-1,1405,1622,1623,-1,1405,1623,1407,-1,1407,1623,1624,-1,1407,1624,1408,-1,1624,1625,1408,-1,1408,1625,1626,-1,1408,1626,1409,-1,1409,1626,1627,-1,1627,1628,1409,-1,1409,1628,1629,-1,1409,1629,1551,-1,1551,1629,1630,-1,1551,1630,1554,-1,1554,1630,1631,-1,1554,1631,1552,-1,1632,1633,1634,-1,1635,1636,1637,-1,1638,1639,1640,-1,1641,1642,1643,-1,1644,1645,1646,-1,1647,1648,1649,-1,1650,1651,1652,-1,1653,1654,1655,-1,1656,1657,1658,-1,1659,1660,1661,-1,1662,1663,1664,-1,1665,1666,1667,-1,1668,1669,1670,-1,1671,1672,1673,-1,1674,1675,1676,-1,1677,1678,1679,-1,1680,1681,1682,-1,1683,1684,1685,-1,1686,1687,1688,-1,1689,1690,1691,-1,1692,1693,1694,-1,1695,1696,1697,-1,1698,1699,1700,-1,1701,1702,1703,-1,1704,1705,1706,-1,1707,1708,1709,-1,1710,1711,1712,-1,1713,1714,1715,-1,1716,1717,1718,-1,1719,1720,118,-1,126,129,1640,-1,915,913,1649,-1,888,886,1658,-1,856,854,1664,-1,453,832,1721,-1,819,817,1676,-1,812,815,1679,-1,787,785,1682,-1,746,744,1694,-1,736,735,1697,-1,698,696,1709,-1,667,665,1712,-1,663,661,1715,-1,1722,1723,1643,-1,1724,1725,1646,-1,1726,1727,1728,-1,633,631,1729,-1,1730,1731,1732,-1,1732,1731,1733,-1,1732,1733,435,-1,435,1733,1734,-1,435,1734,437,-1,437,1734,439,-1,439,1734,1735,-1,439,1735,440,-1,1735,1736,440,-1,440,1736,1737,-1,440,1737,290,-1,290,1737,1738,-1,290,1738,288,-1,288,1738,1739,-1,288,1739,367,-1,367,1739,1740,-1,367,1740,363,-1,363,1740,1741,-1,363,1741,364,-1,1741,1742,364,-1,364,1742,1743,-1,364,1743,365,-1,365,1743,1744,-1,365,1744,366,-1,366,1744,1745,-1,366,1745,361,-1,361,1745,1746,-1,361,1746,362,-1,362,1746,1747,-1,362,1747,360,-1,1747,1748,360,-1,360,1748,1749,-1,360,1749,359,-1,359,1749,358,-1,358,1749,1750,-1,358,1750,354,-1,354,1750,1751,-1,354,1751,355,-1,355,1751,1752,-1,355,1752,356,-1,356,1752,1753,-1,356,1753,357,-1,357,1753,1754,-1,357,1754,352,-1,352,1754,1755,-1,352,1755,353,-1,353,1755,1756,-1,353,1756,351,-1,351,1756,1757,-1,351,1757,350,-1,1757,1758,350,-1,350,1758,1759,-1,350,1759,346,-1,346,1759,1760,-1,346,1760,347,-1,347,1760,1761,-1,347,1761,348,-1,348,1761,1762,-1,348,1762,349,-1,349,1762,1763,-1,349,1763,344,-1,1763,1764,344,-1,344,1764,1765,-1,344,1765,345,-1,345,1765,1766,-1,345,1766,342,-1,342,1766,1767,-1,342,1767,343,-1,343,1767,1768,-1,343,1768,341,-1,341,1768,1769,-1,341,1769,340,-1,340,1769,1770,-1,340,1770,336,-1,336,1770,1771,-1,336,1771,337,-1,1771,1772,337,-1,337,1772,1773,-1,337,1773,338,-1,338,1773,339,-1,339,1773,1774,-1,339,1774,334,-1,1774,1775,334,-1,334,1775,1776,-1,334,1776,335,-1,335,1776,1777,-1,335,1777,333,-1,333,1777,1778,-1,333,1778,332,-1,332,1778,1779,-1,332,1779,331,-1,331,1779,1780,-1,331,1780,330,-1,1780,1781,330,-1,330,1781,1782,-1,330,1782,327,-1,327,1782,1783,-1,327,1783,328,-1,328,1783,1784,-1,328,1784,329,-1,329,1784,1785,-1,329,1785,326,-1,326,1785,1786,-1,326,1786,325,-1,325,1786,1787,-1,325,1787,321,-1,321,1787,1788,-1,321,1788,322,-1,1788,1789,322,-1,322,1789,1790,-1,322,1790,323,-1,323,1790,1791,-1,323,1791,324,-1,324,1791,1792,-1,324,1792,319,-1,319,1792,1793,-1,319,1793,320,-1,320,1793,1794,-1,320,1794,315,-1,1794,1795,315,-1,315,1795,1796,-1,315,1796,316,-1,316,1796,317,-1,317,1796,1797,-1,317,1797,318,-1,318,1797,1798,-1,318,1798,310,-1,310,1798,1799,-1,310,1799,311,-1,311,1799,1800,-1,311,1800,312,-1,312,1800,1801,-1,312,1801,313,-1,313,1801,1802,-1,313,1802,314,-1,1802,1803,314,-1,314,1803,1804,-1,314,1804,305,-1,305,1804,1805,-1,305,1805,306,-1,306,1805,1806,-1,306,1806,307,-1,307,1806,1807,-1,307,1807,308,-1,308,1807,1808,-1,308,1808,309,-1,309,1808,1809,-1,309,1809,300,-1,300,1809,1810,-1,300,1810,301,-1,1810,1811,301,-1,301,1811,1812,-1,301,1812,302,-1,302,1812,1813,-1,302,1813,303,-1,303,1813,1814,-1,303,1814,304,-1,304,1814,1815,-1,304,1815,297,-1,297,1815,1816,-1,297,1816,298,-1,1816,1817,298,-1,298,1817,1818,-1,298,1818,299,-1,299,1818,1819,-1,299,1819,296,-1,296,1819,1820,-1,296,1820,295,-1,295,1820,1821,-1,295,1821,294,-1,294,1821,1822,-1,294,1822,293,-1,293,1822,1823,-1,293,1823,292,-1,292,1823,1824,-1,292,1824,291,-1,280,1825,1826,-1,291,1824,280,-1,280,1824,1827,-1,280,1827,1825,-1,284,283,1826,-1,1826,283,281,-1,1826,281,280,-1,276,141,278,-1,278,141,147,-1,278,147,279,-1,279,147,146,-1,151,272,152,-1,152,272,267,-1,152,267,146,-1,146,267,266,-1,146,266,279,-1,153,261,148,-1,148,261,260,-1,148,260,149,-1,149,260,274,-1,149,274,151,-1,151,274,273,-1,151,273,272,-1,162,269,155,-1,155,269,265,-1,155,265,153,-1,153,265,263,-1,153,263,261,-1,158,235,234,-1,158,234,160,-1,234,231,160,-1,160,231,230,-1,160,230,161,-1,161,230,271,-1,161,271,162,-1,162,271,270,-1,162,270,269,-1,235,158,237,-1,237,158,157,-1,237,157,285,-1,285,157,165,-1,285,165,286,-1,286,165,287,-1,287,165,164,-1,287,164,259,-1,259,164,225,-1,259,225,224,-1,1828,634,633,-1,891,1829,892,-1,892,1829,1728,-1,892,1728,1830,-1,1830,1728,1727,-1,1724,1646,1831,-1,1832,1833,1834,-1,1834,1833,1835,-1,1834,1835,1836,-1,1836,1835,1837,-1,1837,1835,1838,-1,1838,1835,1839,-1,1838,1839,1840,-1,1841,1842,1839,-1,1839,1842,1843,-1,1839,1843,1840,-1,1844,1845,1841,-1,1841,1845,1846,-1,1841,1846,1842,-1,1847,1848,1849,-1,1849,1848,1850,-1,1849,1850,1851,-1,1851,1850,1852,-1,1851,1852,1853,-1,1849,1854,1847,-1,1847,1854,1731,-1,1847,1731,1855,-1,1855,1731,1730,-1,634,1828,637,-1,643,641,1856,-1,1856,641,639,-1,1856,639,1857,-1,645,1858,646,-1,646,1858,1859,-1,646,1859,465,-1,648,1860,650,-1,650,1860,1861,-1,650,1861,652,-1,652,1861,654,-1,669,1862,670,-1,670,1862,1863,-1,670,1863,657,-1,657,1863,1864,-1,657,1864,672,-1,672,1864,674,-1,676,1865,678,-1,678,1865,1866,-1,678,1866,679,-1,685,1867,687,-1,687,1867,1868,-1,687,1868,689,-1,689,1868,691,-1,693,1869,694,-1,694,1869,1870,-1,694,1870,681,-1,702,700,1706,-1,709,1871,711,-1,711,1871,1872,-1,1873,714,1872,-1,1872,714,713,-1,1872,713,711,-1,719,717,1874,-1,1874,717,705,-1,1874,705,1875,-1,1875,705,715,-1,1875,715,1873,-1,1873,715,462,-1,1873,462,714,-1,721,1876,723,-1,723,1876,1877,-1,723,1877,724,-1,727,1878,729,-1,729,1878,1879,-1,729,1879,731,-1,731,1879,733,-1,749,748,1691,-1,740,1880,1881,-1,757,755,1882,-1,1882,755,753,-1,1882,753,1881,-1,1881,753,751,-1,1881,751,740,-1,766,764,1883,-1,1883,764,758,-1,1883,758,1884,-1,768,1885,770,-1,770,1885,1886,-1,770,1886,772,-1,772,1886,773,-1,777,775,1887,-1,1887,775,760,-1,1887,760,1888,-1,781,778,1688,-1,789,1889,790,-1,790,1889,1890,-1,790,1890,459,-1,459,1890,1891,-1,1892,791,1891,-1,1891,791,794,-1,1891,794,459,-1,802,799,1893,-1,1893,799,798,-1,1893,798,1892,-1,1892,798,796,-1,1892,796,791,-1,808,806,1894,-1,1894,806,803,-1,1894,803,1895,-1,810,1896,811,-1,811,1896,1897,-1,811,1897,456,-1,823,820,1673,-1,827,1898,829,-1,829,1898,1899,-1,1721,832,1899,-1,1899,832,831,-1,1899,831,829,-1,837,1900,839,-1,839,1900,1901,-1,839,1901,841,-1,841,1901,843,-1,845,1902,846,-1,846,1902,1903,-1,846,1903,833,-1,848,1904,850,-1,850,1904,1905,-1,850,1905,851,-1,851,1905,450,-1,859,858,1661,-1,446,1906,1907,-1,867,865,1908,-1,1908,865,860,-1,1908,860,1907,-1,1907,860,863,-1,1907,863,446,-1,868,1909,871,-1,871,1909,1910,-1,871,1910,872,-1,875,1911,877,-1,877,1911,1912,-1,877,1912,879,-1,879,1912,880,-1,881,884,1913,-1,1913,884,443,-1,1913,443,1914,-1,909,889,1655,-1,917,1915,918,-1,918,1915,1916,-1,918,1916,906,-1,906,1916,1917,-1,906,1917,907,-1,907,1917,904,-1,902,1918,897,-1,897,1918,1919,-1,897,1919,898,-1,898,1919,900,-1,896,895,1920,-1,1920,895,901,-1,1920,901,1921,-1,276,275,141,-1,141,275,284,-1,141,284,142,-1,142,284,1826,-1,142,1826,143,-1,143,1826,1825,-1,133,136,1922,-1,1922,136,138,-1,1922,138,1825,-1,1825,138,144,-1,1825,144,143,-1,134,1923,135,-1,135,1923,1924,-1,135,1924,131,-1,128,127,1637,-1,122,1925,121,-1,121,1925,1719,-1,121,1719,120,-1,120,1719,118,-1,633,1729,1828,-1,1828,1729,1926,-1,1828,1926,1927,-1,1927,1928,1828,-1,1828,1928,1857,-1,1828,1857,637,-1,637,1857,639,-1,1929,1856,1930,-1,1930,1856,1857,-1,1930,1857,1931,-1,1931,1857,1928,-1,1929,1932,1856,-1,1856,1932,1858,-1,1856,1858,643,-1,643,1858,645,-1,1933,1859,1934,-1,1934,1859,1858,-1,1934,1858,1935,-1,1935,1858,1932,-1,1933,1936,1859,-1,1859,1936,1860,-1,1859,1860,465,-1,465,1860,648,-1,1937,1861,1938,-1,1938,1861,1860,-1,1938,1860,1939,-1,1939,1860,1936,-1,1937,1716,1861,-1,1861,1716,1718,-1,1861,1718,654,-1,654,1718,655,-1,1717,1713,1718,-1,1718,1713,1715,-1,1718,1715,655,-1,655,1715,661,-1,1714,1710,1715,-1,1715,1710,1712,-1,1715,1712,663,-1,663,1712,665,-1,1711,1940,1712,-1,1712,1940,1862,-1,1712,1862,667,-1,667,1862,669,-1,1941,1864,1942,-1,1942,1864,1863,-1,1942,1863,1943,-1,1943,1863,1862,-1,1943,1862,1944,-1,1944,1862,1940,-1,1941,1945,1864,-1,1864,1945,1865,-1,1864,1865,674,-1,674,1865,676,-1,1946,1866,1947,-1,1947,1866,1865,-1,1947,1865,1948,-1,1948,1865,1945,-1,1946,1949,1866,-1,1866,1949,1867,-1,1866,1867,679,-1,679,1867,685,-1,1950,1868,1951,-1,1951,1868,1867,-1,1951,1867,1952,-1,1952,1867,1949,-1,1950,1953,1868,-1,1868,1953,1869,-1,1868,1869,691,-1,691,1869,693,-1,1954,1870,1955,-1,1955,1870,1869,-1,1955,1869,1956,-1,1956,1869,1953,-1,1954,1707,1870,-1,1870,1707,1709,-1,1870,1709,681,-1,681,1709,696,-1,1708,1704,1709,-1,1709,1704,1706,-1,1709,1706,698,-1,698,1706,700,-1,1705,1701,1706,-1,1706,1701,1703,-1,1706,1703,702,-1,702,1703,703,-1,1702,1957,1703,-1,1703,1957,1871,-1,1703,1871,703,-1,703,1871,709,-1,1957,1958,1871,-1,1871,1958,1959,-1,1871,1959,1872,-1,1872,1959,1960,-1,1872,1960,1873,-1,1873,1960,1961,-1,1873,1961,1875,-1,1962,1874,1963,-1,1963,1874,1875,-1,1963,1875,1964,-1,1964,1875,1961,-1,1962,1965,1874,-1,1874,1965,1876,-1,1874,1876,719,-1,719,1876,721,-1,1966,1877,1967,-1,1967,1877,1876,-1,1967,1876,1968,-1,1968,1876,1965,-1,1966,1969,1877,-1,1877,1969,1878,-1,1877,1878,724,-1,724,1878,727,-1,1970,1879,1971,-1,1971,1879,1878,-1,1971,1878,1972,-1,1972,1878,1969,-1,1970,1698,1879,-1,1879,1698,1700,-1,1879,1700,733,-1,733,1700,734,-1,1699,1695,1700,-1,1700,1695,1697,-1,1700,1697,734,-1,734,1697,735,-1,1696,1692,1697,-1,1697,1692,1694,-1,1697,1694,736,-1,736,1694,744,-1,1693,1689,1694,-1,1694,1689,1691,-1,1694,1691,746,-1,746,1691,748,-1,1690,1973,1691,-1,1691,1973,1880,-1,1691,1880,749,-1,749,1880,740,-1,1974,1882,1975,-1,1975,1882,1881,-1,1975,1881,1976,-1,1976,1881,1880,-1,1976,1880,1977,-1,1977,1880,1973,-1,1974,1978,1882,-1,1882,1978,1884,-1,1882,1884,757,-1,757,1884,758,-1,1979,1883,1980,-1,1980,1883,1884,-1,1980,1884,1981,-1,1981,1884,1978,-1,1979,1982,1883,-1,1883,1982,1885,-1,1883,1885,766,-1,766,1885,768,-1,1983,1886,1984,-1,1984,1886,1885,-1,1984,1885,1985,-1,1985,1885,1982,-1,1983,1986,1886,-1,1886,1986,1888,-1,1886,1888,773,-1,773,1888,760,-1,1987,1887,1988,-1,1988,1887,1888,-1,1988,1888,1989,-1,1989,1888,1986,-1,1987,1686,1887,-1,1887,1686,1688,-1,1887,1688,777,-1,777,1688,778,-1,1687,1683,1688,-1,1688,1683,1685,-1,1688,1685,781,-1,781,1685,782,-1,1684,1680,1685,-1,1685,1680,1682,-1,1685,1682,782,-1,782,1682,785,-1,1681,1990,1682,-1,1682,1990,1889,-1,1682,1889,787,-1,787,1889,789,-1,1990,1991,1889,-1,1889,1991,1992,-1,1889,1992,1890,-1,1890,1992,1993,-1,1890,1993,1891,-1,1891,1993,1994,-1,1891,1994,1892,-1,1995,1893,1996,-1,1996,1893,1892,-1,1996,1892,1997,-1,1997,1892,1994,-1,1995,1998,1893,-1,1893,1998,1895,-1,1893,1895,802,-1,802,1895,803,-1,1999,1894,2000,-1,2000,1894,1895,-1,2000,1895,2001,-1,2001,1895,1998,-1,1999,2002,1894,-1,1894,2002,1896,-1,1894,1896,808,-1,808,1896,810,-1,2003,1897,2004,-1,2004,1897,1896,-1,2004,1896,2005,-1,2005,1896,2002,-1,2003,1677,1897,-1,1897,1677,1679,-1,1897,1679,456,-1,456,1679,815,-1,1678,1674,1679,-1,1679,1674,1676,-1,1679,1676,812,-1,812,1676,817,-1,1675,1671,1676,-1,1676,1671,1673,-1,1676,1673,819,-1,819,1673,820,-1,1672,1668,1673,-1,1673,1668,1670,-1,1673,1670,823,-1,823,1670,825,-1,1669,2006,1670,-1,1670,2006,1898,-1,1670,1898,825,-1,825,1898,827,-1,2007,1721,2008,-1,2008,1721,1899,-1,2008,1899,2009,-1,2009,1899,1898,-1,2009,1898,2010,-1,2010,1898,2006,-1,2007,2011,1721,-1,1721,2011,1900,-1,1721,1900,453,-1,453,1900,837,-1,2012,1901,2013,-1,2013,1901,1900,-1,2013,1900,2014,-1,2014,1900,2011,-1,2012,2015,1901,-1,1901,2015,1902,-1,1901,1902,843,-1,843,1902,845,-1,2016,1903,2017,-1,2017,1903,1902,-1,2017,1902,2018,-1,2018,1902,2015,-1,2016,2019,1903,-1,1903,2019,1904,-1,1903,1904,833,-1,833,1904,848,-1,2020,1905,2021,-1,2021,1905,1904,-1,2021,1904,2022,-1,2022,1904,2019,-1,2020,1665,1905,-1,1905,1665,1667,-1,1905,1667,450,-1,450,1667,449,-1,1666,1662,1667,-1,1667,1662,1664,-1,1667,1664,449,-1,449,1664,854,-1,1663,1659,1664,-1,1664,1659,1661,-1,1664,1661,856,-1,856,1661,858,-1,1660,2023,1661,-1,1661,2023,1906,-1,1661,1906,859,-1,859,1906,446,-1,2024,1908,2025,-1,2025,1908,1907,-1,2025,1907,2026,-1,2026,1907,1906,-1,2026,1906,2027,-1,2027,1906,2023,-1,2024,2028,1908,-1,1908,2028,1909,-1,1908,1909,867,-1,867,1909,868,-1,2029,1910,2030,-1,2030,1910,1909,-1,2030,1909,2031,-1,2031,1909,2028,-1,2029,2032,1910,-1,1910,2032,1911,-1,1910,1911,872,-1,872,1911,875,-1,2033,1912,2034,-1,2034,1912,1911,-1,2034,1911,2035,-1,2035,1911,2032,-1,2033,2036,1912,-1,1912,2036,1914,-1,1912,1914,880,-1,880,1914,443,-1,2037,1913,2038,-1,2038,1913,1914,-1,2038,1914,2039,-1,2039,1914,2036,-1,2037,1656,1913,-1,1913,1656,1658,-1,1913,1658,881,-1,881,1658,886,-1,1657,1653,1658,-1,1658,1653,1655,-1,1658,1655,888,-1,888,1655,889,-1,1654,1650,1655,-1,1655,1650,1652,-1,1655,1652,909,-1,909,1652,911,-1,1651,1647,1652,-1,1652,1647,1649,-1,1652,1649,911,-1,911,1649,913,-1,1648,2040,1649,-1,1649,2040,1915,-1,1649,1915,915,-1,915,1915,917,-1,2041,1917,2042,-1,2042,1917,1916,-1,2042,1916,2043,-1,2043,1916,1915,-1,2043,1915,2044,-1,2044,1915,2040,-1,2041,2045,1917,-1,1917,2045,1918,-1,1917,1918,904,-1,904,1918,902,-1,2046,1919,2047,-1,2047,1919,1918,-1,2047,1918,2048,-1,2048,1918,2045,-1,2046,2049,1919,-1,1919,2049,1921,-1,1919,1921,900,-1,900,1921,901,-1,2050,1920,2051,-1,2051,1920,1921,-1,2051,1921,2052,-1,2052,1921,2049,-1,2050,2053,1920,-1,1920,2053,1829,-1,1920,1829,896,-1,896,1829,891,-1,2054,1728,2055,-1,2055,1728,1829,-1,2055,1829,2056,-1,2056,1829,2053,-1,2054,1644,1728,-1,1728,1644,1646,-1,1728,1646,1726,-1,1726,1646,1725,-1,1645,1641,1646,-1,1646,1641,1643,-1,1646,1643,1831,-1,1831,1643,1723,-1,1642,2057,1643,-1,1643,2057,1833,-1,1643,1833,1722,-1,1722,1833,1832,-1,2057,2058,1833,-1,1833,2058,2059,-1,1833,2059,1835,-1,1835,2059,2060,-1,1835,2060,1839,-1,2061,1841,2062,-1,2062,1841,1839,-1,2062,1839,2063,-1,2063,1839,2060,-1,2061,2064,1841,-1,1841,2064,1851,-1,1841,1851,1844,-1,1844,1851,1853,-1,2064,2065,1851,-1,1851,2065,2066,-1,1851,2066,1849,-1,1849,2066,2067,-1,1849,2067,1854,-1,2068,1922,2069,-1,2069,1922,1825,-1,2069,1825,2070,-1,2070,1825,1827,-1,2068,2071,1922,-1,1922,2071,1923,-1,1922,1923,133,-1,133,1923,134,-1,2072,1924,2073,-1,2073,1924,1923,-1,2073,1923,2074,-1,2074,1923,2071,-1,2072,1638,1924,-1,1924,1638,1640,-1,1924,1640,131,-1,131,1640,129,-1,1639,1635,1640,-1,1640,1635,1637,-1,1640,1637,126,-1,126,1637,127,-1,1636,1632,1637,-1,1637,1632,1634,-1,1637,1634,128,-1,128,1634,124,-1,1633,2075,1634,-1,1634,2075,1925,-1,1634,1925,124,-1,124,1925,122,-1,2076,1720,2077,-1,2077,1720,1719,-1,2077,1719,2078,-1,2078,1719,1925,-1,2078,1925,2079,-1,2079,1925,2075,-1,920,919,2080,-1,1997,1994,2081,-1,2082,1005,2083,-1,2083,1005,1007,-1,1926,2082,1927,-1,1927,2082,2083,-1,1927,2083,1928,-1,1928,2083,1931,-1,1930,2084,1929,-1,1929,2084,2085,-1,1929,2085,1932,-1,1932,2085,1935,-1,1934,2086,1933,-1,1933,2086,2087,-1,1933,2087,1936,-1,1936,2087,1939,-1,1713,1717,2088,-1,2088,1717,1716,-1,2088,1716,2089,-1,2089,1716,1937,-1,2089,1937,1938,-1,1714,2090,1710,-1,1710,2090,2091,-1,1710,2091,1711,-1,1941,1942,2092,-1,2092,1942,1943,-1,2092,1943,2093,-1,2093,1943,1944,-1,2093,1944,1940,-1,1945,2094,1948,-1,1948,2094,2095,-1,2096,1946,2095,-1,2095,1946,1947,-1,2095,1947,1948,-1,1950,1951,2097,-1,2097,1951,1952,-1,2097,1952,2096,-1,2096,1952,1949,-1,2096,1949,1946,-1,1953,2098,1956,-1,1956,2098,2099,-1,1707,1954,2099,-1,2099,1954,1955,-1,2099,1955,1956,-1,1708,2100,1704,-1,1704,2100,2101,-1,1704,2101,1705,-1,1705,2101,1701,-1,1702,2102,1957,-1,1957,2102,2103,-1,1957,2103,1958,-1,1959,2104,1960,-1,1960,2104,2105,-1,1960,2105,1961,-1,1961,2105,1964,-1,1963,2106,1962,-1,1962,2106,2107,-1,1966,1967,2108,-1,2108,1967,1968,-1,2108,1968,2107,-1,2107,1968,1965,-1,2107,1965,1962,-1,1969,2109,1972,-1,1972,2109,2110,-1,1972,2110,1971,-1,1971,2110,1970,-1,1692,1696,2111,-1,2111,1696,1695,-1,2111,1695,2112,-1,2112,1695,1699,-1,2112,1699,1698,-1,1693,2113,1689,-1,1689,2113,2114,-1,1689,2114,1690,-1,1690,2114,1973,-1,1977,2115,1976,-1,1976,2115,2116,-1,1976,2116,1975,-1,1979,1980,2117,-1,2117,1980,1981,-1,2117,1981,2118,-1,2118,1981,1978,-1,2118,1978,1974,-1,1982,2119,1985,-1,1985,2119,2120,-1,1985,2120,1984,-1,1984,2120,1983,-1,1986,2121,1989,-1,1989,2121,2122,-1,1686,1987,2122,-1,2122,1987,1988,-1,2122,1988,1989,-1,1687,2123,1683,-1,1683,2123,2124,-1,1683,2124,1684,-1,1684,2124,1680,-1,1681,2125,1990,-1,1990,2125,2126,-1,1990,2126,1991,-1,2081,1994,2127,-1,2127,1994,1993,-1,2127,1993,1992,-1,1996,2128,1995,-1,1995,2128,2129,-1,1999,2000,2130,-1,2130,2000,2001,-1,2130,2001,2129,-1,2129,2001,1998,-1,2129,1998,1995,-1,2002,2131,2005,-1,2005,2131,2132,-1,2133,2003,2132,-1,2132,2003,2004,-1,2132,2004,2005,-1,1674,1678,2133,-1,2133,1678,1677,-1,2133,1677,2003,-1,1675,2134,1671,-1,1671,2134,2135,-1,1671,2135,1672,-1,1672,2135,1668,-1,2010,2006,2136,-1,2136,2006,1669,-1,2136,1669,2137,-1,2009,2138,2008,-1,2008,2138,2139,-1,2008,2139,2007,-1,2140,2014,2139,-1,2139,2014,2011,-1,2139,2011,2007,-1,2141,2012,2140,-1,2140,2012,2013,-1,2140,2013,2014,-1,2016,2017,2142,-1,2142,2017,2018,-1,2142,2018,2141,-1,2141,2018,2015,-1,2141,2015,2012,-1,2019,2143,2022,-1,2022,2143,2144,-1,2022,2144,2021,-1,1662,1666,2145,-1,2145,1666,1665,-1,2145,1665,2144,-1,2144,1665,2020,-1,2144,2020,2021,-1,1663,2146,1659,-1,1659,2146,2147,-1,1659,2147,1660,-1,1660,2147,2023,-1,2148,2149,2024,-1,2027,2150,2026,-1,2026,2150,2148,-1,2026,2148,2025,-1,2025,2148,2024,-1,2029,2030,2151,-1,2151,2030,2031,-1,2151,2031,2149,-1,2149,2031,2028,-1,2149,2028,2024,-1,2032,2152,2035,-1,2035,2152,2153,-1,2035,2153,2034,-1,2034,2153,2033,-1,2036,2154,2039,-1,2039,2154,2155,-1,2039,2155,2038,-1,2038,2155,2037,-1,1650,1654,2156,-1,2156,1654,1653,-1,2156,1653,2157,-1,2157,1653,1657,-1,2157,1657,1656,-1,1651,2158,1647,-1,1647,2158,2159,-1,1647,2159,1648,-1,2040,2160,2044,-1,2044,2160,2161,-1,2041,2042,2161,-1,2161,2042,2043,-1,2161,2043,2044,-1,2045,2162,2048,-1,2048,2162,2163,-1,2164,2046,2163,-1,2163,2046,2047,-1,2163,2047,2048,-1,2050,2051,2165,-1,2165,2051,2052,-1,2165,2052,2164,-1,2164,2052,2049,-1,2164,2049,2046,-1,2053,2166,2056,-1,2056,2166,2167,-1,2056,2167,2055,-1,1641,1645,2168,-1,2168,1645,1644,-1,2168,1644,2167,-1,2167,1644,2054,-1,2167,2054,2055,-1,1642,2169,2057,-1,2057,2169,2170,-1,2057,2170,2058,-1,2058,2170,2059,-1,2062,2063,2171,-1,2171,2063,2060,-1,2171,2060,2172,-1,2173,2065,2174,-1,2174,2065,2064,-1,2174,2064,2061,-1,2175,2067,2173,-1,2173,2067,2066,-1,2173,2066,2065,-1,1734,1733,2176,-1,2176,1733,1731,-1,2176,1731,2175,-1,2175,1731,1854,-1,2175,1854,2067,-1,1735,2177,1736,-1,1736,2177,2178,-1,2179,1738,2178,-1,2178,1738,1737,-1,2178,1737,1736,-1,1741,1740,2179,-1,2179,1740,1739,-1,2179,1739,1738,-1,1742,2180,1743,-1,1743,2180,2181,-1,1743,2181,1744,-1,1744,2181,1745,-1,1746,2182,1747,-1,1747,2182,2183,-1,1747,2183,1748,-1,1748,2183,1749,-1,2184,2185,1750,-1,1754,1753,2186,-1,2186,1753,1752,-1,2186,1752,2185,-1,2185,1752,1751,-1,2185,1751,1750,-1,1755,2187,1756,-1,1756,2187,2188,-1,1756,2188,1757,-1,1757,2188,1758,-1,1759,2189,1760,-1,1760,2189,2190,-1,1760,2190,1761,-1,1765,1764,2191,-1,2191,1764,1763,-1,2191,1763,2190,-1,2190,1763,1762,-1,2190,1762,1761,-1,1766,2192,1767,-1,1767,2192,2193,-1,1767,2193,1768,-1,1768,2193,1769,-1,1772,1771,2194,-1,2194,1771,1770,-1,2194,1770,2195,-1,1775,1774,2080,-1,2080,1774,1773,-1,1776,2196,1777,-1,1777,2196,2197,-1,1781,1780,2198,-1,2198,1780,1779,-1,2198,1779,2197,-1,2197,1779,1778,-1,2197,1778,1777,-1,1782,2199,1783,-1,1783,2199,2200,-1,1783,2200,1784,-1,1784,2200,1785,-1,1790,1789,2201,-1,2201,1789,1788,-1,2201,1788,2202,-1,2202,1788,1787,-1,2202,1787,1786,-1,1791,2203,1792,-1,1792,2203,2204,-1,1792,2204,1793,-1,1793,2204,1794,-1,1795,2205,2206,-1,2207,1797,2206,-1,2206,1797,1796,-1,2206,1796,1795,-1,1801,1800,2208,-1,2208,1800,1799,-1,2208,1799,2207,-1,2207,1799,1798,-1,2207,1798,1797,-1,1802,2209,1803,-1,1803,2209,2210,-1,1803,2210,1804,-1,1804,2210,1805,-1,1806,2211,1807,-1,1807,2211,2212,-1,1807,2212,1808,-1,1812,1811,2213,-1,2213,1811,1810,-1,2213,1810,2212,-1,2212,1810,1809,-1,2212,1809,1808,-1,1813,2214,1814,-1,1814,2214,2215,-1,1814,2215,1815,-1,1815,2215,1816,-1,2216,2217,1820,-1,1817,2218,1818,-1,1818,2218,2216,-1,1818,2216,1819,-1,1819,2216,1820,-1,1824,1823,2219,-1,2219,1823,1822,-1,2219,1822,2217,-1,2217,1822,1821,-1,2217,1821,1820,-1,1827,2220,2070,-1,2070,2220,2221,-1,2070,2221,2069,-1,2069,2221,2068,-1,2071,2222,2074,-1,2074,2222,2223,-1,2074,2223,2073,-1,2073,2223,2072,-1,1632,1636,2224,-1,2224,1636,1635,-1,2224,1635,2225,-1,2225,1635,1639,-1,2225,1639,1638,-1,1633,2226,2075,-1,2075,2226,2227,-1,2075,2227,2079,-1,2078,2228,2077,-1,2077,2228,2229,-1,2077,2229,2076,-1,1007,1009,2083,-1,2083,1009,2084,-1,2083,2084,1931,-1,1931,2084,1930,-1,1009,1011,2084,-1,2084,1011,1012,-1,2084,1012,2085,-1,2085,1012,1013,-1,1013,1015,2085,-1,2085,1015,2086,-1,2085,2086,1935,-1,1935,2086,1934,-1,1015,1021,2086,-1,2086,1021,1020,-1,2086,1020,2087,-1,2087,1020,1018,-1,2087,1018,1017,-1,1017,1022,2087,-1,2087,1022,2089,-1,2087,2089,1939,-1,1939,2089,1938,-1,1027,2088,1028,-1,1028,2088,2089,-1,1028,2089,1024,-1,1024,2089,1022,-1,1027,1033,2088,-1,2088,1033,2090,-1,2088,2090,1713,-1,1713,2090,1714,-1,1029,2091,1030,-1,1030,2091,2090,-1,1030,2090,1032,-1,1032,2090,1033,-1,1029,1034,2091,-1,2091,1034,2093,-1,2091,2093,1711,-1,1711,2093,1940,-1,1034,1036,2093,-1,2093,1036,1042,-1,2093,1042,2092,-1,2092,1042,1041,-1,2092,1041,1039,-1,1039,1038,2092,-1,2092,1038,2094,-1,2092,2094,1941,-1,1941,2094,1945,-1,1038,1043,2094,-1,2094,1043,1048,-1,2094,1048,2095,-1,2095,1048,1047,-1,2095,1047,2096,-1,1047,1053,2096,-1,2096,1053,1052,-1,2096,1052,2097,-1,2097,1052,1050,-1,1050,1049,2097,-1,2097,1049,2098,-1,2097,2098,1950,-1,1950,2098,1953,-1,1049,1054,2098,-1,2098,1054,1056,-1,2098,1056,2099,-1,2099,1056,1062,-1,2099,1062,1061,-1,1061,1059,2099,-1,2099,1059,2100,-1,2099,2100,1707,-1,1707,2100,1708,-1,1065,2101,1063,-1,1063,2101,2100,-1,1063,2100,1058,-1,1058,2100,1059,-1,1065,1069,2101,-1,2101,1069,2102,-1,2101,2102,1701,-1,1701,2102,1702,-1,1073,2103,1074,-1,1074,2103,2102,-1,1074,2102,1068,-1,1068,2102,1069,-1,1073,1071,2103,-1,2103,1071,2104,-1,2103,2104,1958,-1,1958,2104,1959,-1,1077,2105,1075,-1,1075,2105,2104,-1,1075,2104,1070,-1,1070,2104,1071,-1,1077,1079,2105,-1,2105,1079,2106,-1,2105,2106,1964,-1,1964,2106,1963,-1,1079,1081,2106,-1,2106,1081,1082,-1,2106,1082,2107,-1,2107,1082,1084,-1,2107,1084,2108,-1,2108,1084,1090,-1,1090,1089,2108,-1,2108,1089,2109,-1,2108,2109,1966,-1,1966,2109,1969,-1,1089,1087,2109,-1,2109,1087,1086,-1,2109,1086,2110,-1,2110,1086,1091,-1,2110,1091,1093,-1,1093,1097,2110,-1,2110,1097,2112,-1,2110,2112,1970,-1,1970,2112,1698,-1,1101,2111,1102,-1,1102,2111,2112,-1,1102,2112,1096,-1,1096,2112,1097,-1,1101,1099,2111,-1,2111,1099,2113,-1,2111,2113,1692,-1,1692,2113,1693,-1,1105,2114,1103,-1,1103,2114,2113,-1,1103,2113,1098,-1,1098,2113,1099,-1,1105,1111,2114,-1,2114,1111,2115,-1,2114,2115,1973,-1,1973,2115,1977,-1,1107,2116,1108,-1,1108,2116,2115,-1,1108,2115,1110,-1,1110,2115,1111,-1,1107,1112,2116,-1,2116,1112,2118,-1,2116,2118,1975,-1,1975,2118,1974,-1,1112,1114,2118,-1,2118,1114,1116,-1,2118,1116,2117,-1,2117,1116,1122,-1,1122,1121,2117,-1,2117,1121,2119,-1,2117,2119,1979,-1,1979,2119,1982,-1,1121,1119,2119,-1,2119,1119,1118,-1,2119,1118,2120,-1,2120,1118,1123,-1,1123,1125,2120,-1,2120,1125,2121,-1,2120,2121,1983,-1,1983,2121,1986,-1,1125,1131,2121,-1,2121,1131,1130,-1,2121,1130,2122,-1,2122,1130,1128,-1,2122,1128,1127,-1,1127,1132,2122,-1,2122,1132,2123,-1,2122,2123,1686,-1,1686,2123,1687,-1,1139,2124,1140,-1,1140,2124,2123,-1,1140,2123,1134,-1,1134,2123,1132,-1,1139,1137,2124,-1,2124,1137,2125,-1,2124,2125,1680,-1,1680,2125,1681,-1,1143,2126,1141,-1,1141,2126,2125,-1,1141,2125,1136,-1,1136,2125,1137,-1,1143,1145,2126,-1,2126,1145,2127,-1,2126,2127,1991,-1,1991,2127,1992,-1,1149,2081,1148,-1,1148,2081,2127,-1,1148,2127,1146,-1,1146,2127,1145,-1,1149,1151,2081,-1,2081,1151,2128,-1,2081,2128,1997,-1,1997,2128,1996,-1,1151,1152,2128,-1,2128,1152,1159,-1,2128,1159,2129,-1,2129,1159,1158,-1,2129,1158,2130,-1,2130,1158,1156,-1,1156,1155,2130,-1,2130,1155,2131,-1,2130,2131,1999,-1,1999,2131,2002,-1,1155,1160,2131,-1,2131,1160,1162,-1,2131,1162,2132,-1,2132,1162,1166,-1,1170,2133,1171,-1,1171,2133,2132,-1,1171,2132,1165,-1,1165,2132,1166,-1,1170,1168,2133,-1,2133,1168,2134,-1,2133,2134,1674,-1,1674,2134,1675,-1,1174,2135,1172,-1,1172,2135,2134,-1,1172,2134,1167,-1,1167,2134,1168,-1,1174,1180,2135,-1,2135,1180,2137,-1,2135,2137,1668,-1,1668,2137,1669,-1,1176,2136,1177,-1,1177,2136,2137,-1,1177,2137,1179,-1,1179,2137,1180,-1,1176,1181,2136,-1,2136,1181,2138,-1,2136,2138,2010,-1,2010,2138,2009,-1,1181,1183,2138,-1,2138,1183,1191,-1,2138,1191,2139,-1,2139,1191,1190,-1,1190,1188,2139,-1,2139,1188,1186,-1,2139,1186,2140,-1,2140,1186,1185,-1,2140,1185,2141,-1,1185,1192,2141,-1,2141,1192,1194,-1,2141,1194,2142,-1,2142,1194,1200,-1,1200,1199,2142,-1,2142,1199,2143,-1,2142,2143,2016,-1,2016,2143,2019,-1,1199,1197,2143,-1,2143,1197,1196,-1,2143,1196,2144,-1,2144,1196,1201,-1,1208,2145,1209,-1,1209,2145,2144,-1,1209,2144,1203,-1,1203,2144,1201,-1,1208,1206,2145,-1,2145,1206,2146,-1,2145,2146,1662,-1,1662,2146,1663,-1,1212,2147,1210,-1,1210,2147,2146,-1,1210,2146,1205,-1,1205,2146,1206,-1,1212,1216,2147,-1,2147,1216,2150,-1,2147,2150,2023,-1,2023,2150,2027,-1,1220,2148,1221,-1,1221,2148,2150,-1,1221,2150,1215,-1,1215,2150,1216,-1,1220,1218,2148,-1,2148,1218,1217,-1,2148,1217,2149,-1,2149,1217,1222,-1,2149,1222,2151,-1,2151,1222,1229,-1,1229,1228,2151,-1,2151,1228,2152,-1,2151,2152,2029,-1,2029,2152,2032,-1,1228,1226,2152,-1,2152,1226,1225,-1,2152,1225,2153,-1,2153,1225,1230,-1,1230,1232,2153,-1,2153,1232,2154,-1,2153,2154,2033,-1,2033,2154,2036,-1,1232,1236,2154,-1,2154,1236,1235,-1,2154,1235,2155,-1,2155,1235,1241,-1,2155,1241,1240,-1,1240,1238,2155,-1,2155,1238,2157,-1,2155,2157,2037,-1,2037,2157,1656,-1,1244,2156,1242,-1,1242,2156,2157,-1,1242,2157,1237,-1,1237,2157,1238,-1,1244,1250,2156,-1,2156,1250,2158,-1,2156,2158,1650,-1,1650,2158,1651,-1,1246,2159,1247,-1,1247,2159,2158,-1,1247,2158,1249,-1,1249,2158,1250,-1,1246,1251,2159,-1,2159,1251,2160,-1,2159,2160,1648,-1,1648,2160,2040,-1,1251,1253,2160,-1,2160,1253,1257,-1,2160,1257,2161,-1,2161,1257,1256,-1,2161,1256,1255,-1,1255,923,2161,-1,2161,923,2162,-1,2161,2162,2041,-1,2041,2162,2045,-1,923,922,2162,-1,2162,922,1258,-1,2162,1258,2163,-1,2163,1258,1260,-1,2163,1260,2164,-1,1260,1266,2164,-1,2164,1266,1265,-1,2164,1265,2165,-1,2165,1265,1263,-1,1263,1262,2165,-1,2165,1262,2166,-1,2165,2166,2050,-1,2050,2166,2053,-1,1262,1267,2166,-1,2166,1267,1269,-1,2166,1269,2167,-1,2167,1269,1275,-1,1271,2168,1272,-1,1272,2168,2167,-1,1272,2167,1274,-1,1274,2167,1275,-1,1271,1276,2168,-1,2168,1276,2169,-1,2168,2169,1641,-1,1641,2169,1642,-1,1281,2170,1282,-1,1282,2170,2169,-1,1282,2169,1278,-1,1278,2169,1276,-1,1281,1287,2170,-1,2170,1287,2172,-1,2170,2172,2059,-1,2059,2172,2060,-1,1283,2171,1284,-1,1284,2171,2172,-1,1284,2172,1286,-1,1286,2172,1287,-1,1283,1288,2171,-1,2171,1288,2174,-1,2171,2174,2062,-1,2062,2174,2061,-1,1288,1290,2174,-1,2174,1290,1292,-1,2174,1292,2173,-1,2173,1292,1294,-1,1294,1295,2173,-1,2173,1295,1296,-1,2173,1296,2175,-1,2175,1296,1298,-1,2175,1298,2176,-1,2176,1298,1302,-1,1302,1301,2176,-1,2176,1301,2177,-1,2176,2177,1734,-1,1734,2177,1735,-1,1301,1307,2177,-1,2177,1307,1306,-1,2177,1306,2178,-1,2178,1306,1304,-1,1310,2179,1308,-1,1308,2179,2178,-1,1308,2178,1303,-1,1303,2178,1304,-1,1310,1316,2179,-1,2179,1316,2180,-1,2179,2180,1741,-1,1741,2180,1742,-1,1312,2181,1313,-1,1313,2181,2180,-1,1313,2180,1315,-1,1315,2180,1316,-1,1312,1317,2181,-1,2181,1317,2182,-1,2181,2182,1745,-1,1745,2182,1746,-1,1322,2183,1321,-1,1321,2183,2182,-1,1321,2182,1319,-1,1319,2182,1317,-1,1322,1324,2183,-1,2183,1324,2184,-1,2183,2184,1749,-1,1749,2184,1750,-1,1324,1325,2184,-1,2184,1325,1327,-1,2184,1327,2185,-1,2185,1327,1328,-1,2185,1328,2186,-1,2186,1328,1335,-1,1335,1334,2186,-1,2186,1334,2187,-1,2186,2187,1754,-1,1754,2187,1755,-1,1334,1332,2187,-1,2187,1332,1331,-1,2187,1331,2188,-1,2188,1331,1336,-1,1336,1338,2188,-1,2188,1338,2189,-1,2188,2189,1758,-1,1758,2189,1759,-1,1338,1344,2189,-1,2189,1344,1343,-1,2189,1343,2190,-1,2190,1343,1341,-1,1347,2191,1345,-1,1345,2191,2190,-1,1345,2190,1340,-1,1340,2190,1341,-1,1347,1351,2191,-1,2191,1351,2192,-1,2191,2192,1765,-1,1765,2192,1766,-1,1355,2193,1356,-1,1356,2193,2192,-1,1356,2192,1350,-1,1350,2192,1351,-1,1355,1353,2193,-1,2193,1353,2195,-1,2193,2195,1769,-1,1769,2195,1770,-1,1353,1352,2195,-1,2195,1352,1357,-1,2195,1357,2194,-1,2194,1357,1359,-1,2194,1359,1361,-1,1361,920,2194,-1,2194,920,2080,-1,2194,2080,1772,-1,1772,2080,1773,-1,919,1362,2080,-1,2080,1362,2196,-1,2080,2196,1775,-1,1775,2196,1776,-1,1362,1364,2196,-1,2196,1364,1368,-1,2196,1368,2197,-1,2197,1368,1367,-1,2197,1367,2198,-1,2198,1367,1373,-1,1373,1372,2198,-1,2198,1372,2199,-1,2198,2199,1781,-1,1781,2199,1782,-1,1372,1370,2199,-1,2199,1370,1369,-1,2199,1369,2200,-1,2200,1369,1374,-1,2200,1374,1376,-1,1376,1382,2200,-1,2200,1382,2202,-1,2200,2202,1785,-1,1785,2202,1786,-1,1378,2201,1379,-1,1379,2201,2202,-1,1379,2202,1381,-1,1381,2202,1382,-1,1378,1383,2201,-1,2201,1383,2203,-1,2201,2203,1790,-1,1790,2203,1791,-1,1388,2204,1389,-1,1389,2204,2203,-1,1389,2203,1385,-1,1385,2203,1383,-1,1388,1387,2204,-1,2204,1387,2205,-1,2204,2205,1794,-1,1794,2205,1795,-1,1387,977,2205,-1,2205,977,974,-1,2205,974,2206,-1,2206,974,973,-1,2206,973,2207,-1,973,972,2207,-1,2207,972,971,-1,2207,971,2208,-1,2208,971,970,-1,970,969,2208,-1,2208,969,2209,-1,2208,2209,1801,-1,1801,2209,1802,-1,969,968,2209,-1,2209,968,967,-1,2209,967,2210,-1,2210,967,966,-1,966,965,2210,-1,2210,965,2211,-1,2210,2211,1805,-1,1805,2211,1806,-1,965,964,2211,-1,2211,964,963,-1,2211,963,2212,-1,2212,963,962,-1,959,2213,960,-1,960,2213,2212,-1,960,2212,961,-1,961,2212,962,-1,959,958,2213,-1,2213,958,2214,-1,2213,2214,1812,-1,1812,2214,1813,-1,955,2215,956,-1,956,2215,2214,-1,956,2214,957,-1,957,2214,958,-1,955,954,2215,-1,2215,954,2218,-1,2215,2218,1816,-1,1816,2218,1817,-1,951,2216,952,-1,952,2216,2218,-1,952,2218,953,-1,953,2218,954,-1,951,950,2216,-1,2216,950,949,-1,2216,949,2217,-1,2217,949,948,-1,2217,948,2219,-1,2219,948,947,-1,947,946,2219,-1,2219,946,2220,-1,2219,2220,1824,-1,1824,2220,1827,-1,946,945,2220,-1,2220,945,944,-1,2220,944,2221,-1,2221,944,943,-1,943,942,2221,-1,2221,942,2222,-1,2221,2222,2068,-1,2068,2222,2071,-1,942,941,2222,-1,2222,941,940,-1,2222,940,2223,-1,2223,940,939,-1,2223,939,938,-1,938,937,2223,-1,2223,937,2225,-1,2223,2225,2072,-1,2072,2225,1638,-1,934,2224,935,-1,935,2224,2225,-1,935,2225,936,-1,936,2225,937,-1,934,933,2224,-1,2224,933,2226,-1,2224,2226,1632,-1,1632,2226,1633,-1,930,2227,931,-1,931,2227,2226,-1,931,2226,932,-1,932,2226,933,-1,930,929,2227,-1,2227,929,2228,-1,2227,2228,2079,-1,2079,2228,2078,-1,926,2229,927,-1,927,2229,2228,-1,927,2228,928,-1,928,2228,929,-1,1727,1726,411,-1,1730,1732,433,-1,433,1732,435,-1,422,1838,1840,-1,1842,1846,426,-1,426,1846,1845,-1,1834,1836,420,-1,1831,416,1724,-1,1724,416,411,-1,1724,411,1725,-1,1725,411,1726,-1,997,996,383,-1,383,996,995,-1,383,995,388,-1,388,995,994,-1,388,994,1004,-1,1845,1844,426,-1,426,1844,1853,-1,426,1853,430,-1,430,1853,1852,-1,430,1852,1850,-1,406,892,411,-1,411,892,1830,-1,411,1830,1727,-1,1000,914,390,-1,390,914,916,-1,390,916,395,-1,395,916,905,-1,395,905,397,-1,397,905,903,-1,397,903,402,-1,402,903,899,-1,402,899,408,-1,408,899,894,-1,408,894,406,-1,406,894,893,-1,406,893,892,-1,422,1840,426,-1,426,1840,1843,-1,426,1843,1842,-1,420,1836,422,-1,422,1836,1837,-1,422,1837,1838,-1,1831,1723,416,-1,416,1723,1722,-1,416,1722,420,-1,420,1722,1832,-1,420,1832,1834,-1,1004,1003,388,-1,388,1003,1002,-1,388,1002,390,-1,390,1002,1001,-1,390,1001,1000,-1,986,991,376,-1,376,991,990,-1,376,990,381,-1,381,990,989,-1,381,989,993,-1,370,372,980,-1,993,992,381,-1,381,992,999,-1,381,999,383,-1,383,999,998,-1,383,998,997,-1,985,984,374,-1,374,984,988,-1,374,988,376,-1,376,988,987,-1,376,987,986,-1,1390,983,370,-1,370,983,982,-1,370,982,374,-1,374,982,981,-1,374,981,985,-1,980,979,370,-1,370,979,978,-1,370,978,1390,-1,1850,1848,430,-1,430,1848,1847,-1,430,1847,433,-1,433,1847,1855,-1,433,1855,1730,-1,
        ]
    }
}
Shape{
    appearance Appearance {
        material  Material 	{
            diffuseColor 0.8980392156862745 0.8980392156862745 0.8980392156862745
            specularColor 0.6274509803921569 0.6274509803921569 0.6274509803921569
            ambientIntensity 0.898
            transparency 0.0
            shininess 0.5
        }
    }
    geometry IndexedFaceSet {
        ccw TRUE
        solid FALSE
        coord DEF co Coordinate {
            point [
                -1.5684 9.4685 2.1142, -1.6321 9.4685 2.3726, -1.2364 9.0748 2.4068, -1.195 9.0748 2.2388, -1.1716 9.0748 2.184, -1.4641 9.4685 1.8694, -1.1155 9.0748 2.0523, -1.0677 9.0748 1.9767, -1.3219 9.4685 1.6444, -1.0072 9.0748 1.881, -0.9281 9.0748 1.7917, -1.1454 9.4685 1.4453, -0.8727 9.0748 1.7292, -0.7572 9.0748 1.6349, -0.9393 9.4685 1.277, -0.7157 9.0748 1.601, -0.5607 9.0748 1.5115, -0.7089 9.4685 1.1439, -0.5401 9.0748 1.4996, -0.46 9.4685 1.0495, -0.3505 9.0748 1.4277, -0.3447 9.0748 1.4265, -0.1993 9.4685 0.9963, -0.1519 9.0748 1.3871, -0.1161 9.0748 1.3857, 0.0666 9.4685 0.9856, 0.0507 9.0748 1.379, 0.1158 9.0748 1.3869, 0.3308 9.4685 1.0177, 0.252 9.0748 1.4034, 0.3436 9.0748 1.43, 0.5864 9.4685 1.0917, 0.4467 9.0748 1.4598, 0.5599 9.0748 1.5135, 0.8268 9.4685 1.2058, 0.6299 9.0748 1.5467, 0.7576 9.0748 1.6348, 1.0458 9.4685 1.357, 0.7968 9.0748 1.6619, 0.9301 9.0748 1.79, 1.2377 9.4685 1.5413, 0.943 9.0748 1.8024, 1.3976 9.4685 1.754, 1.0648 9.0748 1.9645, 1.0703 9.0748 1.975, 1.5212 9.4685 1.9897, 1.159 9.0748 2.144, 1.1722 9.0748 2.1835, 1.6055 9.4685 2.2421, 1.2232 9.0748 2.3363, 1.2347 9.0748 2.4069, 1.6482 9.4685 2.5047, 1.2558 9.0748 2.5364, 1.2558 9.0748 2.6378, 1.6482 9.4685 2.7709, 1.2558 9.0748 2.7392, 1.2347 9.0748 2.8687, 1.6055 9.4685 3.0335, 1.2232 9.0748 2.9393, 1.1722 9.0748 3.0921, 1.5212 9.4685 3.2859, 1.159 9.0748 3.1316, 1.0703 9.0748 3.3006, 1.3976 9.4685 3.5216, 1.0648 9.0748 3.3111, 1.2377 9.4685 3.7343, 0.943 9.0748 3.4732, 0.9301 9.0748 3.4856, 1.0458 9.4685 3.9186, 0.7968 9.0748 3.6137, 0.7576 9.0748 3.6408, 0.8268 9.4685 4.0698, 0.6299 9.0748 3.7289, 0.5599 9.0748 3.7621, 0.5864 9.4685 4.1839, 0.4467 9.0748 3.8158, 0.3436 9.0748 3.8456, 0.3308 9.4685 4.2579, 0.252 9.0748 3.8722, 0.1158 9.0748 3.8887, 0.0666 9.4685 4.29, 0.0507 9.0748 3.8966, -0.1161 9.0748 3.8899, -0.1993 9.4685 4.2793, -0.1519 9.0748 3.8885, -0.3447 9.0748 3.8491, -0.46 9.4685 4.2261, -0.3505 9.0748 3.8479, -0.7089 9.4685 4.1317, -0.5401 9.0748 3.776, -0.5607 9.0748 3.7641, -0.9393 9.4685 3.9986, -0.7157 9.0748 3.6746, -0.7572 9.0748 3.6407, -1.1454 9.4685 3.8303, -0.8727 9.0748 3.5464, -0.9281 9.0748 3.4839, -1.3219 9.4685 3.6312, -1.0072 9.0748 3.3946, -1.0677 9.0748 3.2989, -1.4641 9.4685 3.4062, -1.1155 9.0748 3.2233, -1.1716 9.0748 3.0916, -1.5684 9.4685 3.1614, -1.195 9.0748 3.0368, -1.2364 9.0748 2.8688, -1.6321 9.4685 2.903, -1.2435 9.0748 2.8399, -1.6535 9.4685 2.6378, -1.2598 9.0748 2.6378, -1.2435 9.0748 2.4357
            ]
        }
        coordIndex [
            0,1,2,-1,2,3,0,-1,0,3,4,-1,0,4,5,-1,4,6,5,-1,5,6,7,-1,5,7,8,-1,7,9,8,-1,8,9,10,-1,8,10,11,-1,10,12,11,-1,11,12,13,-1,11,13,14,-1,13,15,14,-1,14,15,16,-1,14,16,17,-1,17,16,18,-1,17,18,19,-1,18,20,19,-1,19,20,21,-1,19,21,22,-1,21,23,22,-1,22,23,24,-1,22,24,25,-1,24,26,25,-1,25,26,27,-1,25,27,28,-1,27,29,28,-1,28,29,30,-1,28,30,31,-1,30,32,31,-1,31,32,33,-1,31,33,34,-1,33,35,34,-1,34,35,36,-1,34,36,37,-1,36,38,37,-1,37,38,39,-1,37,39,40,-1,40,39,41,-1,40,41,42,-1,41,43,42,-1,42,43,44,-1,42,44,45,-1,44,46,45,-1,45,46,47,-1,45,47,48,-1,47,49,48,-1,48,49,50,-1,48,50,51,-1,50,52,51,-1,51,52,53,-1,51,53,54,-1,53,55,54,-1,54,55,56,-1,54,56,57,-1,56,58,57,-1,57,58,59,-1,57,59,60,-1,59,61,60,-1,60,61,62,-1,60,62,63,-1,63,62,64,-1,63,64,65,-1,64,66,65,-1,65,66,67,-1,65,67,68,-1,67,69,68,-1,68,69,70,-1,68,70,71,-1,70,72,71,-1,71,72,73,-1,71,73,74,-1,73,75,74,-1,74,75,76,-1,74,76,77,-1,76,78,77,-1,77,78,79,-1,77,79,80,-1,79,81,80,-1,80,81,82,-1,80,82,83,-1,82,84,83,-1,83,84,85,-1,83,85,86,-1,86,85,87,-1,86,87,88,-1,87,89,88,-1,88,89,90,-1,88,90,91,-1,90,92,91,-1,91,92,93,-1,91,93,94,-1,93,95,94,-1,94,95,96,-1,94,96,97,-1,96,98,97,-1,97,98,99,-1,97,99,100,-1,99,101,100,-1,100,101,102,-1,100,102,103,-1,102,104,103,-1,103,104,105,-1,103,105,106,-1,106,105,107,-1,106,107,108,-1,108,107,109,-1,108,109,1,-1,1,109,110,-1,1,110,2,-1,
        ]
    }
}
Shape{
    appearance Appearance {
        material  Material 	{
            diffuseColor 0.10196078431372549 0.10196078431372549 0.10196078431372549
            specularColor 0.03137254901960784 0.03137254901960784 0.03137254901960784
            ambientIntensity 0.102
            transparency 0.0
            shininess 0.5
        }
    }
    geometry IndexedFaceSet {
        ccw TRUE
        solid FALSE
        coord DEF co Coordinate {
            point [
                -0.2218 7.9176 4.6532, -0.9339 7.9242 4.2553, -0.0741 7.8804 4.664, -0.8539 7.8319 4.1169, 0.0923 7.832 4.6633, -0.3683 7.9491 4.6316, -0.5128 7.9747 4.5994, -0.6547 7.9943 4.5568, -0.793 8.0078 4.5039, -0.9255 8.013 4.4378, -1.0138 8.0165 4.3937, -0.8539 7.6843 4.1169, 0.0923 7.6843 4.6633, -0.8539 7.7581 4.1169, -0.9339 7.592 4.2553, -1.0138 7.4997 4.3937, -0.9271 7.5011 4.441, -0.5128 7.5415 4.5994, -0.3683 7.5671 4.6316, -0.2218 7.5987 4.6532, -0.0741 7.6359 4.664, -0.793 7.5084 4.5039, -0.6547 7.5219 4.5568, 1.8938 6.0024 3.3621, 1.9416 5.9748 3.2219, 1.8677 6.0175 2.6378, 1.9791 5.9532 3.0787, 1.8358 6.0359 3.4984, 1.7079 6.1098 2.6378, 1.7079 6.1098 3.7305, 2.006 5.9377 2.933, 2.0221 5.9283 2.7858, 2.0276 5.9252 2.6378, 1.8504 6.3397 2.6378, 1.849 6.3389 2.7087, 1.7079 6.2574 2.6378, 1.8382 6.3326 2.85, 1.8165 6.3201 2.9901, 1.7842 6.3015 3.1281, 1.7381 6.2748 3.2621, 1.7079 6.2574 3.3498, 1.7079 6.1221 3.3498, 1.7079 6.1221 3.7305, 1.7079 6.1836 2.6378, 1.9685 5.9252 4.8819, 1.7717 5.9252 5.0787, 1.9685 -3.9173 4.8819, 1.7717 -3.9173 5.0787, -1.9685 -3.9173 4.8819, -1.7717 -3.9173 5.0787, -1.9685 5.9252 4.8819, -1.7717 5.9252 5.0787, -1.0179 -3.9173 0.3937, -1.0179 -2.5118 0.3937, 1.0255 -3.9173 0.3937, -0.2953 -2.5118 0.3937, 1.0255 -2.5054 0.3937, 0.2953 -2.5054 0.3937, 0.2953 3.4746 0.3937, -0.2953 3.4746 0.3937, -1.0179 -2.5118 0.0787, -1.0179 -3.9173 0.0787, 1.0255 -2.5054 0.0787, 1.0255 -3.9173 0.0787, -0.2953 3.4746 0.0787, -0.2953 2.3319 0.0787, -0.2953 -2.5118 0.0787, 0.2953 -2.5054 0.0787, 0.2953 2.3319 0.0787, 0.2953 3.4746 0.0787, -1.811 4.1743 3.9295, -1.811 1.6848 3.9295, -1.9685 4.1743 3.9295, -1.9685 1.6848 3.9295, -1.811 1.6848 0.0787, -1.9685 1.6848 0.0787, -1.811 4.1743 0.0787, -1.9685 4.1743 0.0787, -1.811 2.3319 0.0787, -1.811 -0.2534 3.9295, -1.811 -2.5118 3.9295, -1.9685 -0.2534 3.9295, -1.9685 -2.5118 3.9295, -1.811 -2.5118 0.0787, -1.9685 -2.5118 0.0787, -1.811 -0.2534 0.2362, -1.9685 -0.2534 0.2362, -1.811 -0.502 0.2362, -1.811 -0.502 0.0787, -1.811 -2.0611 1.4454, -1.811 -2.0611 3.2079, -1.811 -0.7108 3.2079, -1.811 -0.7108 1.4454, -0.6299 -0.7108 1.4454, -0.6299 -2.0611 1.4454, -0.6299 -0.7108 1.5467, -0.6299 -2.0611 1.5467, -0.931 -0.7108 1.789, -1.0711 -0.7108 1.9746, -0.7592 -0.7108 1.6324, -1.2598 -0.7108 2.6378, -1.2384 -0.7108 2.4063, -1.1748 -0.7108 2.1827, -1.2384 -0.7108 2.8693, -1.1748 -0.7108 3.0929, -1.1235 -0.7108 3.2079, -1.1235 -2.0611 3.2079, -1.1748 -2.0611 3.0929, -1.1748 -2.0611 2.1827, -1.0711 -2.0611 1.9746, -0.7592 -2.0611 1.6324, -0.931 -2.0611 1.789, -1.2384 -2.0611 2.8693, -1.2598 -2.0611 2.6378, -1.2384 -2.0611 2.4063, -0.8536 -0.502 0.0787, -0.8536 -0.502 0.2362, -1.9685 0.4935 0.2362, -0.8536 0.4935 0.2362, -0.8536 0.4935 0.0787, -1.9685 0.4935 0.0787, 1.3419 1.7462 0.1181, 1.7356 1.5925 0.1181, 1.3419 1.7462 0.0787, 1.7356 1.5925 0.0787, 1.7356 1.6502 0.1181, 1.7356 1.6502 0.0787, 1.6252 1.69 0.1181, 1.6252 1.69 0.0787, 1.6252 1.8526 0.1181, 1.6252 1.8526 0.0787, 1.7356 1.8902 0.1181, 1.7356 1.8902 0.0787, 1.7356 1.9478 0.1181, 1.7356 1.9478 0.0787, 1.3419 1.799 0.1181, 1.3419 1.799 0.0787
            ]
        }
        coordIndex [
            0,1,2,-1,2,1,3,-1,2,3,4,-1,0,5,1,-1,1,5,6,-1,1,6,7,-1,7,8,1,-1,1,8,9,-1,1,9,10,-1,11,12,13,-1,13,12,4,-1,13,4,3,-1,14,15,16,-1,17,18,14,-1,14,18,19,-1,14,19,11,-1,11,19,20,-1,11,20,12,-1,16,21,14,-1,14,21,22,-1,14,22,17,-1,23,24,25,-1,25,24,26,-1,23,25,27,-1,27,25,28,-1,27,28,29,-1,26,30,25,-1,25,30,31,-1,25,31,32,-1,33,34,35,-1,35,34,36,-1,35,36,37,-1,37,38,35,-1,35,38,39,-1,35,39,40,-1,41,42,29,-1,35,40,43,-1,43,40,41,-1,43,41,28,-1,28,41,29,-1,44,45,46,-1,46,45,47,-1,48,49,50,-1,50,49,51,-1,52,53,54,-1,54,53,55,-1,56,54,57,-1,57,54,55,-1,57,55,58,-1,58,55,59,-1,53,52,60,-1,60,52,61,-1,62,63,56,-1,56,63,54,-1,64,59,65,-1,65,59,55,-1,65,55,66,-1,55,53,66,-1,66,53,60,-1,56,57,62,-1,62,57,67,-1,67,57,68,-1,68,57,58,-1,68,58,69,-1,58,59,69,-1,69,59,64,-1,70,71,72,-1,72,71,73,-1,71,74,73,-1,73,74,75,-1,76,70,77,-1,77,70,72,-1,74,71,78,-1,78,71,70,-1,78,70,76,-1,79,80,81,-1,81,80,82,-1,80,83,82,-1,82,83,84,-1,85,79,86,-1,86,79,81,-1,87,88,89,-1,89,88,83,-1,89,83,90,-1,90,83,80,-1,90,80,91,-1,91,80,79,-1,91,79,92,-1,92,79,85,-1,92,85,89,-1,89,85,87,-1,93,94,95,-1,95,94,96,-1,92,97,98,-1,93,95,92,-1,92,95,99,-1,92,99,97,-1,100,91,101,-1,101,91,92,-1,101,92,102,-1,102,92,98,-1,100,103,91,-1,91,103,104,-1,91,104,105,-1,91,105,90,-1,90,105,106,-1,90,106,107,-1,89,108,109,-1,96,94,110,-1,110,94,89,-1,110,89,111,-1,111,89,109,-1,107,112,90,-1,90,112,113,-1,90,113,89,-1,89,113,114,-1,89,114,108,-1,94,93,89,-1,89,93,92,-1,115,88,116,-1,116,88,87,-1,86,117,85,-1,85,117,118,-1,85,118,87,-1,87,118,116,-1,116,118,115,-1,115,118,119,-1,118,117,119,-1,119,117,120,-1,121,122,123,-1,123,122,124,-1,122,125,124,-1,124,125,126,-1,125,127,126,-1,126,127,128,-1,127,129,128,-1,128,129,130,-1,129,131,130,-1,130,131,132,-1,131,133,132,-1,132,133,134,-1,133,135,134,-1,134,135,136,-1,135,121,136,-1,136,121,123,-1,
        ]
    }
}
Shape{
    appearance Appearance {
        material  Material 	{
            diffuseColor 0.796078431372549 0.8235294117647058 0.9372549019607843
            specularColor 0.396078431372549 0.4117647058823529 0.4666666666666667
            ambientIntensity 0.8283
            transparency 0.0
            shininess 0.5
        }
    }
    geometry IndexedFaceSet {
        ccw TRUE
        solid FALSE
        coord DEF co Coordinate {
            point [
                1.5819 1.8394 0.1181, 1.4175 1.7806 0.1181, 1.3419 1.799 0.1181, 1.7356 1.9478 0.1181, 1.7356 1.8902 0.1181, 1.6252 1.8526 0.1181, 1.4038 1.7769 0.1181, 1.3899 1.7743 0.1181, 1.3419 1.7462 0.1181, 1.3899 1.773 0.1181, 1.4038 1.7705 0.1181, 1.4175 1.767 0.1181, 1.5819 1.7077 0.1181, 1.7356 1.5925 0.1181, 1.7356 1.6502 0.1181, 1.6252 1.69 0.1181
            ]
        }
        coordIndex [
            0,1,2,-1,3,4,5,-1,1,6,2,-1,2,6,7,-1,2,7,8,-1,8,7,9,-1,8,9,10,-1,10,11,8,-1,8,11,12,-1,8,12,13,-1,14,13,15,-1,15,13,12,-1,15,12,5,-1,5,12,0,-1,5,0,3,-1,3,0,2,-1,
        ]
    }
}
Shape{
    appearance Appearance {
        material  Material 	{
            diffuseColor 0.10196078431372549 0.10196078431372549 0.10196078431372549
            specularColor 0.03137254901960784 0.03137254901960784 0.03137254901960784
            ambientIntensity 0.102
            transparency 0.0
            shininess 0.5
        }
    }
    geometry IndexedFaceSet {
        ccw TRUE
        solid FALSE
        coord DEF co Coordinate {
            point [
                1.5819 1.8394 0.1181, 1.5819 1.7077 0.1181, 1.5819 1.8394 0.0787, 1.5819 1.7077 0.0787, 1.4175 1.7806 0.1181, 1.4175 1.7806 0.0787, 1.4038 1.7769 0.0787, 1.4038 1.7769 0.1181, 1.3899 1.7743 0.0787, 1.3899 1.7743 0.1181, 1.3899 1.773 0.1181, 1.3899 1.773 0.0787, 1.4038 1.7705 0.0787, 1.4038 1.7705 0.1181, 1.4175 1.767 0.0787, 1.4175 1.767 0.1181, 1.7356 2.1865 0.1181, 1.7356 2.2935 0.1181, 1.7356 2.1865 0.0787, 1.7356 2.2935 0.0787, 1.3419 2.2935 0.1181, 1.3419 2.2935 0.0787, 1.3419 2.1824 0.1181, 1.3419 2.1824 0.0787, 1.5338 1.9766 0.1181, 1.5338 1.9766 0.0787, 1.4976 1.9794 0.0787, 1.4976 1.9794 0.1181, 1.4585 1.9899 0.0787, 1.4585 1.9899 0.1181, 1.4241 2.0083 0.0787, 1.4241 2.0083 0.1181, 1.3932 2.0362 0.0787, 1.3932 2.0362 0.1181, 1.3929 2.0366 0.0787, 1.3929 2.0366 0.1181, 1.3641 2.0795 0.0787, 1.3641 2.0795 0.1181, 1.348 2.1255 0.0787, 1.348 2.1255 0.1181, 1.7311 2.1366 0.0787, 1.7311 2.1366 0.1181, 1.7173 2.0913 0.0787, 1.7173 2.0913 0.1181, 1.6933 2.0505 0.0787, 1.6933 2.0505 0.1181, 1.6622 2.0183 0.0787, 1.6622 2.0183 0.1181, 1.6275 1.9962 0.0787, 1.6275 1.9962 0.1181, 1.5865 1.9822 0.0787, 1.5865 1.9822 0.1181
            ]
        }
        coordIndex [
            0,1,2,-1,2,1,3,-1,4,0,5,-1,5,0,2,-1,4,5,6,-1,4,6,7,-1,7,6,8,-1,7,8,9,-1,10,9,11,-1,11,9,8,-1,10,11,12,-1,10,12,13,-1,13,12,14,-1,13,14,15,-1,1,15,3,-1,3,15,14,-1,16,17,18,-1,18,17,19,-1,17,20,19,-1,19,20,21,-1,20,22,21,-1,21,22,23,-1,24,25,26,-1,24,26,27,-1,27,26,28,-1,27,28,29,-1,29,28,30,-1,29,30,31,-1,31,30,32,-1,31,32,33,-1,33,32,34,-1,33,34,35,-1,35,34,36,-1,35,36,37,-1,37,36,38,-1,37,38,39,-1,39,38,23,-1,39,23,22,-1,16,18,40,-1,16,40,41,-1,41,40,42,-1,41,42,43,-1,43,42,44,-1,43,44,45,-1,45,44,46,-1,45,46,47,-1,47,46,48,-1,47,48,49,-1,49,48,50,-1,49,50,51,-1,51,50,25,-1,51,25,24,-1,
        ]
    }
}
Shape{
    appearance Appearance {
        material  Material 	{
            diffuseColor 0.796078431372549 0.8235294117647058 0.9372549019607843
            specularColor 0.396078431372549 0.4117647058823529 0.4666666666666667
            ambientIntensity 0.8283
            transparency 0.0
            shininess 0.5
        }
    }
    geometry IndexedFaceSet {
        ccw TRUE
        solid FALSE
        coord DEF co Coordinate {
            point [
                1.4585 1.9899 0.1181, 1.4241 2.0083 0.1181, 1.4403 2.0556 0.1181, 1.3932 2.0362 0.1181, 1.42 2.0747 0.1181, 1.3929 2.0366 0.1181, 1.4015 2.1035 0.1181, 1.3641 2.0795 0.1181, 1.39 2.136 0.1181, 1.348 2.1255 0.1181, 1.3851 2.1826 0.1181, 1.3419 2.1824 0.1181, 1.3851 2.2407 0.1181, 1.3419 2.2935 0.1181, 1.6924 2.2407 0.1181, 1.7356 2.2935 0.1181, 1.6924 2.1848 0.1181, 1.7356 2.1865 0.1181, 1.6885 2.1432 0.1181, 1.7311 2.1366 0.1181, 1.6782 2.1101 0.1181, 1.7173 2.0913 0.1181, 1.6621 2.0831 0.1181, 1.6933 2.0505 0.1181, 1.6401 2.0609 0.1181, 1.6622 2.0183 0.1181, 1.6133 2.0446 0.1181, 1.6275 1.9962 0.1181, 1.582 2.0342 0.1181, 1.5865 1.9822 0.1181, 1.5349 2.0294 0.1181, 1.5338 1.9766 0.1181, 1.4957 2.0328 0.1181, 1.4976 1.9794 0.1181, 1.4646 2.042 0.1181
            ]
        }
        coordIndex [
            0,1,2,-1,2,1,3,-1,2,3,4,-1,4,3,5,-1,4,5,6,-1,6,5,7,-1,6,7,8,-1,8,7,9,-1,8,9,10,-1,10,9,11,-1,10,11,12,-1,12,11,13,-1,12,13,14,-1,14,13,15,-1,14,15,16,-1,16,15,17,-1,16,17,18,-1,18,17,19,-1,18,19,20,-1,20,19,21,-1,20,21,22,-1,22,21,23,-1,22,23,24,-1,24,23,25,-1,24,25,26,-1,26,25,27,-1,26,27,28,-1,28,27,29,-1,28,29,30,-1,30,29,31,-1,30,31,32,-1,32,31,33,-1,32,33,34,-1,34,33,0,-1,34,0,2,-1,
        ]
    }
}
Shape{
    appearance Appearance {
        material  Material 	{
            diffuseColor 0.10196078431372549 0.10196078431372549 0.10196078431372549
            specularColor 0.03137254901960784 0.03137254901960784 0.03137254901960784
            ambientIntensity 0.102
            transparency 0.0
            shininess 0.5
        }
    }
    geometry IndexedFaceSet {
        ccw TRUE
        solid FALSE
        coord DEF co Coordinate {
            point [
                1.3851 2.1826 0.1181, 1.3851 2.2407 0.1181, 1.3851 2.1826 0.0787, 1.3851 2.2407 0.0787, 1.39 2.136 0.0787, 1.39 2.136 0.1181, 1.4015 2.1035 0.0787, 1.4015 2.1035 0.1181, 1.42 2.0747 0.0787, 1.42 2.0747 0.1181, 1.4403 2.0556 0.0787, 1.4403 2.0556 0.1181, 1.4646 2.042 0.0787, 1.4646 2.042 0.1181, 1.4957 2.0328 0.0787, 1.4957 2.0328 0.1181, 1.5349 2.0294 0.0787, 1.5349 2.0294 0.1181, 1.582 2.0342 0.0787, 1.582 2.0342 0.1181, 1.6133 2.0446 0.0787, 1.6133 2.0446 0.1181, 1.6401 2.0609 0.0787, 1.6401 2.0609 0.1181, 1.6621 2.0831 0.0787, 1.6621 2.0831 0.1181, 1.6782 2.1101 0.0787, 1.6782 2.1101 0.1181, 1.6885 2.1432 0.0787, 1.6885 2.1432 0.1181, 1.6924 2.1848 0.0787, 1.6924 2.1848 0.1181, 1.6924 2.2407 0.1181, 1.6924 2.2407 0.0787, 1.6924 2.3703 0.1181, 1.7356 2.3703 0.1181, 1.6924 2.3703 0.0787, 1.7356 2.3703 0.0787, 1.7356 2.5816 0.1181, 1.7356 2.5816 0.0787, 1.3419 2.5816 0.1181, 1.3419 2.5816 0.0787, 1.3419 2.3799 0.1181, 1.3419 2.3799 0.0787, 1.3851 2.3799 0.1181, 1.3851 2.3799 0.0787, 1.3851 2.5288 0.1181, 1.3851 2.5288 0.0787, 1.5147 2.5288 0.1181, 1.5147 2.5288 0.0787, 1.5147 2.3895 0.1181, 1.5147 2.3895 0.0787, 1.5579 2.3895 0.1181, 1.5579 2.3895 0.0787, 1.5579 2.5288 0.1181, 1.5579 2.5288 0.0787, 1.6924 2.5288 0.1181, 1.6924 2.5288 0.0787
            ]
        }
        coordIndex [
            0,1,2,-1,2,1,3,-1,0,2,4,-1,0,4,5,-1,5,4,6,-1,5,6,7,-1,7,6,8,-1,7,8,9,-1,9,8,10,-1,9,10,11,-1,11,10,12,-1,11,12,13,-1,13,12,14,-1,13,14,15,-1,15,14,16,-1,15,16,17,-1,17,16,18,-1,17,18,19,-1,19,18,20,-1,19,20,21,-1,21,20,22,-1,21,22,23,-1,23,22,24,-1,23,24,25,-1,25,24,26,-1,25,26,27,-1,27,26,28,-1,27,28,29,-1,29,28,30,-1,29,30,31,-1,32,31,33,-1,33,31,30,-1,1,32,3,-1,3,32,33,-1,34,35,36,-1,36,35,37,-1,35,38,37,-1,37,38,39,-1,38,40,39,-1,39,40,41,-1,40,42,41,-1,41,42,43,-1,42,44,43,-1,43,44,45,-1,44,46,45,-1,45,46,47,-1,46,48,47,-1,47,48,49,-1,48,50,49,-1,49,50,51,-1,50,52,51,-1,51,52,53,-1,52,54,53,-1,53,54,55,-1,54,56,55,-1,55,56,57,-1,56,34,57,-1,57,34,36,-1,
        ]
    }
}
Shape{
    appearance Appearance {
        material  Material 	{
            diffuseColor 0.796078431372549 0.8235294117647058 0.9372549019607843
            specularColor 0.396078431372549 0.4117647058823529 0.4666666666666667
            ambientIntensity 0.8283
            transparency 0.0
            shininess 0.5
        }
    }
    geometry IndexedFaceSet {
        ccw TRUE
        solid FALSE
        coord DEF co Coordinate {
            point [
                1.7356 2.5816 0.1181, 1.7356 2.3703 0.1181, 1.6924 2.3703 0.1181, 1.6924 2.5288 0.1181, 1.5579 2.5288 0.1181, 1.3419 2.5816 0.1181, 1.3851 2.3799 0.1181, 1.3419 2.3799 0.1181, 1.3851 2.5288 0.1181, 1.5147 2.5288 0.1181, 1.5147 2.3895 0.1181, 1.5579 2.3895 0.1181
            ]
        }
        coordIndex [
            0,1,2,-1,2,3,0,-1,0,3,4,-1,0,4,5,-1,6,7,8,-1,8,7,5,-1,8,5,9,-1,9,5,4,-1,9,4,10,-1,10,4,11,-1,
        ]
    }
}
Shape{
    appearance Appearance {
        material  Material 	{
            diffuseColor 0.10196078431372549 0.10196078431372549 0.10196078431372549
            specularColor 0.03137254901960784 0.03137254901960784 0.03137254901960784
            ambientIntensity 0.102
            transparency 0.0
            shininess 0.5
        }
    }
    geometry IndexedFaceSet {
        ccw TRUE
        solid FALSE
        coord DEF co Coordinate {
            point [
                1.672 2.6584 0.1181, 1.7152 2.6584 0.1181, 1.672 2.6584 0.0787, 1.7152 2.6584 0.0787, 1.7324 2.7004 0.1181, 1.7404 2.7667 0.1181, 1.7404 2.7667 0.0787, 1.7402 2.756 0.0787, 1.7402 2.756 0.1181, 1.738 2.7402 0.0787, 1.7324 2.7004 0.0787, 1.5462 2.9513 0.1181, 1.5462 2.9513 0.0787, 1.5932 2.9472 0.0787, 1.5932 2.9472 0.1181, 1.6353 2.9348 0.0787, 1.6353 2.9348 0.1181, 1.6722 2.9136 0.0787, 1.6722 2.9136 0.1181, 1.7023 2.8847 0.0787, 1.7023 2.8847 0.1181, 1.7223 2.8532 0.0787, 1.7223 2.8532 0.1181, 1.7354 2.8152 0.0787, 1.7354 2.8152 0.1181, 1.738 2.7899 0.0787, 1.3371 2.7511 0.1181, 1.3371 2.7511 0.0787, 1.3402 2.7899 0.0787, 1.3402 2.7899 0.1181, 1.3528 2.8338 0.0787, 1.3528 2.8338 0.1181, 1.3741 2.8712 0.0787, 1.3741 2.8712 0.1181, 1.4082 2.907 0.0787, 1.4082 2.907 0.1181, 1.4455 2.9305 0.0787, 1.4455 2.9305 0.1181, 1.4902 2.9456 0.0787, 1.4902 2.9456 0.1181, 1.3527 2.6584 0.1181, 1.3527 2.6584 0.0787, 1.3403 2.7039 0.0787, 1.3403 2.7039 0.1181, 1.4055 2.6584 0.1181, 1.4055 2.6584 0.0787, 1.3803 2.7506 0.1181, 1.3803 2.7506 0.0787, 1.3865 2.7028 0.0787, 1.3865 2.7028 0.1181, 1.5429 2.8985 0.1181, 1.5429 2.8985 0.0787, 1.5123 2.8966 0.0787, 1.5123 2.8966 0.1181, 1.4702 2.8861 0.0787, 1.4702 2.8861 0.1181, 1.4398 2.8699 0.0787, 1.4398 2.8699 0.1181, 1.4135 2.8461 0.0787, 1.4135 2.8461 0.1181, 1.3953 2.8188 0.0787, 1.3953 2.8188 0.1181, 1.3846 2.7894 0.0787, 1.3846 2.7894 0.1181, 1.6972 2.7595 0.1181, 1.6972 2.7595 0.0787, 1.6931 2.7962 0.0787, 1.6931 2.7962 0.1181, 1.6825 2.8249 0.0787, 1.6825 2.8249 0.1181, 1.6662 2.849 0.0787, 1.6662 2.849 0.1181, 1.6467 2.8675 0.0787, 1.6467 2.8675 0.1181, 1.6194 2.8838 0.0787, 1.6194 2.8838 0.1181, 1.5856 2.8945 0.0787, 1.5856 2.8945 0.1181, 1.6759 2.6655 0.0787, 1.6759 2.6655 0.1181, 1.6914 2.7072 0.0787, 1.6914 2.7072 0.1181
            ]
        }
        coordIndex [
            0,1,2,-1,2,1,3,-1,3,1,4,-1,5,6,7,-1,5,7,8,-1,8,7,9,-1,8,9,4,-1,4,9,10,-1,4,10,3,-1,11,12,13,-1,11,13,14,-1,14,13,15,-1,14,15,16,-1,16,15,17,-1,16,17,18,-1,18,17,19,-1,18,19,20,-1,20,19,21,-1,20,21,22,-1,22,21,23,-1,22,23,24,-1,24,23,5,-1,5,23,25,-1,5,25,6,-1,26,27,28,-1,26,28,29,-1,29,28,30,-1,29,30,31,-1,31,30,32,-1,31,32,33,-1,33,32,34,-1,33,34,35,-1,35,34,36,-1,35,36,37,-1,37,36,38,-1,37,38,39,-1,39,38,12,-1,39,12,11,-1,40,41,42,-1,40,42,43,-1,43,42,27,-1,43,27,26,-1,40,44,41,-1,41,44,45,-1,46,47,48,-1,46,48,49,-1,49,48,45,-1,49,45,44,-1,50,51,52,-1,50,52,53,-1,53,52,54,-1,53,54,55,-1,55,54,56,-1,55,56,57,-1,57,56,58,-1,57,58,59,-1,59,58,60,-1,59,60,61,-1,61,60,62,-1,61,62,63,-1,63,62,47,-1,63,47,46,-1,64,65,66,-1,64,66,67,-1,67,66,68,-1,67,68,69,-1,69,68,70,-1,69,70,71,-1,71,70,72,-1,71,72,73,-1,73,72,74,-1,73,74,75,-1,75,74,76,-1,75,76,77,-1,77,76,51,-1,77,51,50,-1,0,2,78,-1,0,78,79,-1,79,78,80,-1,79,80,81,-1,81,80,65,-1,81,65,64,-1,
        ]
    }
}
Shape{
    appearance Appearance {
        material  Material 	{
            diffuseColor 0.796078431372549 0.8235294117647058 0.9372549019607843
            specularColor 0.396078431372549 0.4117647058823529 0.4666666666666667
            ambientIntensity 0.8283
            transparency 0.0
            shininess 0.5
        }
    }
    geometry IndexedFaceSet {
        ccw TRUE
        solid FALSE
        coord DEF co Coordinate {
            point [
                1.6931 2.7962 0.1181, 1.7404 2.7667 0.1181, 1.6972 2.7595 0.1181, 1.7402 2.756 0.1181, 1.6914 2.7072 0.1181, 1.7324 2.7004 0.1181, 1.6759 2.6655 0.1181, 1.7152 2.6584 0.1181, 1.672 2.6584 0.1181, 1.4055 2.6584 0.1181, 1.3527 2.6584 0.1181, 1.3865 2.7028 0.1181, 1.3403 2.7039 0.1181, 1.3803 2.7506 0.1181, 1.3371 2.7511 0.1181, 1.3846 2.7894 0.1181, 1.3402 2.7899 0.1181, 1.3953 2.8188 0.1181, 1.3528 2.8338 0.1181, 1.4135 2.8461 0.1181, 1.3741 2.8712 0.1181, 1.4398 2.8699 0.1181, 1.4082 2.907 0.1181, 1.4702 2.8861 0.1181, 1.4455 2.9305 0.1181, 1.5123 2.8966 0.1181, 1.4902 2.9456 0.1181, 1.5429 2.8985 0.1181, 1.5462 2.9513 0.1181, 1.5856 2.8945 0.1181, 1.5932 2.9472 0.1181, 1.6194 2.8838 0.1181, 1.6353 2.9348 0.1181, 1.6467 2.8675 0.1181, 1.6722 2.9136 0.1181, 1.6662 2.849 0.1181, 1.7023 2.8847 0.1181, 1.6825 2.8249 0.1181, 1.7223 2.8532 0.1181, 1.7354 2.8152 0.1181
            ]
        }
        coordIndex [
            0,1,2,-1,2,1,3,-1,2,3,4,-1,4,3,5,-1,4,5,6,-1,6,5,7,-1,6,7,8,-1,9,10,11,-1,11,10,12,-1,11,12,13,-1,13,12,14,-1,13,14,15,-1,15,14,16,-1,15,16,17,-1,17,16,18,-1,17,18,19,-1,19,18,20,-1,19,20,21,-1,21,20,22,-1,21,22,23,-1,23,22,24,-1,23,24,25,-1,25,24,26,-1,25,26,27,-1,27,26,28,-1,27,28,29,-1,29,28,30,-1,29,30,31,-1,31,30,32,-1,31,32,33,-1,33,32,34,-1,33,34,35,-1,35,34,36,-1,35,36,37,-1,37,36,38,-1,37,38,0,-1,0,38,39,-1,0,39,1,-1,
        ]
    }
}
Shape{
    appearance Appearance {
        material  Material 	{
            diffuseColor 0.10196078431372549 0.10196078431372549 0.10196078431372549
            specularColor 0.03137254901960784 0.03137254901960784 0.03137254901960784
            ambientIntensity 0.102
            transparency 0.0
            shininess 0.5
        }
    }
    geometry IndexedFaceSet {
        ccw TRUE
        solid FALSE
        coord DEF co Coordinate {
            point [
                1.6924 2.9849 0.1181, 1.7356 2.9849 0.1181, 1.6924 2.9849 0.0787, 1.7356 2.9849 0.0787, 1.7356 3.1865 0.1181, 1.7356 3.1865 0.0787, 1.3419 3.1865 0.1181, 1.3419 3.1865 0.0787, 1.3419 3.1337 0.1181, 1.3419 3.1337 0.0787, 1.6924 3.1337 0.1181, 1.6924 3.1337 0.0787
            ]
        }
        coordIndex [
            0,1,2,-1,2,1,3,-1,1,4,3,-1,3,4,5,-1,4,6,5,-1,5,6,7,-1,6,8,7,-1,7,8,9,-1,8,10,9,-1,9,10,11,-1,10,0,11,-1,11,0,2,-1,
        ]
    }
}
Shape{
    appearance Appearance {
        material  Material 	{
            diffuseColor 0.796078431372549 0.8235294117647058 0.9372549019607843
            specularColor 0.396078431372549 0.4117647058823529 0.4666666666666667
            ambientIntensity 0.8283
            transparency 0.0
            shininess 0.5
        }
    }
    geometry IndexedFaceSet {
        ccw TRUE
        solid FALSE
        coord DEF co Coordinate {
            point [
                1.3419 3.1337 0.1181, 1.3419 3.1865 0.1181, 1.6924 3.1337 0.1181, 1.7356 3.1865 0.1181, 1.6924 2.9849 0.1181, 1.7356 2.9849 0.1181
            ]
        }
        coordIndex [
            0,1,2,-1,2,1,3,-1,2,3,4,-1,4,3,5,-1,
        ]
    }
}
Shape{
    appearance Appearance {
        material  Material 	{
            diffuseColor 0.10196078431372549 0.10196078431372549 0.10196078431372549
            specularColor 0.03137254901960784 0.03137254901960784 0.03137254901960784
            ambientIntensity 0.102
            transparency 0.0
            shininess 0.5
        }
    }
    geometry IndexedFaceSet {
        ccw TRUE
        solid FALSE
        coord DEF co Coordinate {
            point [
                1.5819 1.8394 0.0787, 1.5819 1.7077 0.0787, 1.4175 1.7806 0.0787, 1.4175 1.767 0.0787, 1.4038 1.7769 0.0787, 1.4038 1.7705 0.0787, 1.3899 1.7743 0.0787, 1.3899 1.773 0.0787, 1.3851 2.2407 0.0787, 1.6924 2.2407 0.0787, 1.3851 2.1826 0.0787, 1.6924 2.1848 0.0787, 1.582 2.0342 0.0787, 1.5349 2.0294 0.0787, 1.4957 2.0328 0.0787, 1.4646 2.042 0.0787, 1.39 2.136 0.0787, 1.6885 2.1432 0.0787, 1.6782 2.1101 0.0787, 1.6621 2.0831 0.0787, 1.4403 2.0556 0.0787, 1.42 2.0747 0.0787, 1.4015 2.1035 0.0787, 1.6401 2.0609 0.0787, 1.6133 2.0446 0.0787
            ]
        }
        coordIndex [
            0,1,2,-1,2,1,3,-1,2,3,4,-1,4,3,5,-1,4,5,6,-1,6,5,7,-1,8,9,10,-1,10,9,11,-1,12,13,10,-1,13,14,10,-1,10,14,15,-1,10,15,16,-1,11,17,10,-1,10,17,18,-1,10,18,19,-1,20,21,15,-1,15,21,22,-1,15,22,16,-1,19,23,10,-1,10,23,24,-1,10,24,12,-1,
        ]
    }
}
Shape{
    appearance Appearance {
        material  Material 	{
            diffuseColor 0.7686274509803922 0.7686274509803922 0.7686274509803922
            specularColor 0.615686274509804 0.615686274509804 0.615686274509804
            ambientIntensity 0.7686
            transparency 0.0
            shininess 0.5
        }
    }
    geometry IndexedFaceSet {
        ccw TRUE
        solid FALSE
        coord DEF co Coordinate {
            point [
                0.9843 -2.5394 -1.6929, 0.9055 -2.5394 -1.6929, 0.9843 -2.5394 1.4567, 0.9055 -2.5394 1.4567, 0.9843 -3.3268 -1.6929, 0.9055 -3.3268 -1.6929, 0.9843 -1.2008 1.4567, 0.9055 -1.2008 1.4567, 0.9843 -1.2008 1.6297, 0.9055 -1.2008 1.5584, 0.9055 -3.3268 1.5584, 0.9843 -3.3268 1.6297, 0.0394 2.5394 -1.6929, -0.0394 2.5394 -1.6929, 0.0394 3.3268 -1.6929, -0.0394 3.3268 -1.6929, 0.0394 3.3268 1.2295, -0.0394 3.3268 1.2295, -0.0394 2.5394 1.2295, 0.0394 2.5394 1.2295, -1.9291 -0.9569 2.8163, -2.0079 -0.9569 2.8163, -1.9291 -0.9569 2.6718, -2.0079 -0.9569 2.6718, -0.9055 -0.2953 1.4567, -0.9055 0.374 1.5584, -0.9055 -2.5394 1.4567, -0.9055 -3.3268 1.5584, -0.9055 -2.5394 -1.6929, -0.9055 -3.3268 -1.6929, -0.9055 -0.4134 0.0394, -0.9055 -0.4134 -1.6929, -0.9055 -0.2559 0.0394, -0.9055 0.374 -1.6929, -0.9055 -0.2559 0.0787, -0.9055 -0.2953 0.0787, -0.9843 -2.5394 1.4567, -0.9843 -2.5394 -1.6929, -0.9843 -3.3268 -1.6929, -0.9843 -0.2953 0.0787, -0.9843 -0.2953 1.4567, -0.9843 -0.2559 0.0787, -0.9843 0.374 1.6297, -0.9843 -0.2559 0.0394, -0.9843 0.374 -1.6929, -0.9843 -0.4134 0.0394, -0.9843 -0.4134 -1.6929, -0.9843 -0.4066 1.4567, -0.9843 -3.3268 1.6297, -0.9646 -0.3976 1.4567, -0.9401 -0.3788 1.4567, -0.9213 -0.3543 1.4567, -0.9095 -0.3258 1.4567, -0.9856 -0.3055 0.0787, -0.9095 -0.3258 0.0787, -0.9895 -0.315 0.0787, -0.9213 -0.3543 0.0787, -0.9958 -0.3231 0.0787, -0.9401 -0.3788 0.0787, -1.0039 -0.3294 0.0787, -0.9646 -0.3976 0.0787, -1.0134 -0.3333 0.0787, -0.9931 -0.4094 0.0787, -1.0236 -0.3346 0.0787, -1.0236 -0.4134 0.0787, -0.9856 -0.3055 1.4567, -0.9895 -0.315 1.4567, -1.0236 -0.3346 1.4567, -1.0236 -0.4134 1.4567, -1.0134 -0.3333 1.4567, -0.9931 -0.4094 1.4567, -1.0039 -0.3294 1.4567, -0.9958 -0.3231 1.4567, -1.8898 -0.3346 1.4567, -1.8898 -0.4134 1.4567, -1.8898 -0.4134 0.0787, -1.8898 -0.3346 0.0787, -1.9 -0.4147 1.4567, -1.9203 -0.3387 1.4567, -1.9094 -0.4187 1.4567, -1.9488 -0.3505 1.4567, -1.9176 -0.4249 1.4567, -1.9733 -0.3692 1.4567, -1.9239 -0.4331 1.4567, -1.9921 -0.3937 1.4567, -1.9278 -0.4426 1.4567, -2.0038 -0.4222 1.4567, -1.9291 -0.4527 1.4567, -2.0079 -0.4527 1.4567, -1.9291 -0.4527 0.0787, -2.0079 -0.4527 0.0787, -1.9278 -0.4426 0.0787, -2.0038 -0.4222 0.0787, -1.9239 -0.4331 0.0787, -1.9921 -0.3937 0.0787, -1.9176 -0.4249 0.0787, -1.9733 -0.3692 0.0787, -1.9094 -0.4187 0.0787, -1.9488 -0.3505 0.0787, -1.9 -0.4147 0.0787, -1.9203 -0.3387 0.0787, -2.0079 -2.5 3.8492, -1.9291 -2.5 3.8492, -2.0079 -0.4527 3.8492, -1.9291 -0.4527 3.8492, -1.9291 -2.5 0.0787, -2.0079 -2.5 0.0787, -2.0079 -1.815 1.7503, -2.0079 -0.9569 1.7503, -2.0079 -1.815 2.8163, -2.0079 -0.9569 1.9815, -1.9291 -0.9569 1.9815, -1.9291 -0.9569 1.7503, -1.9291 -1.815 1.7503, -1.9291 -1.815 2.8163, -1.9281 -0.966 2.6718, -2.0047 -0.9842 2.6718, -1.9249 -0.9746 2.6718, -1.9953 -1.0099 2.6718, -1.9199 -0.9822 2.6718, -1.9802 -1.0329 2.6718, -1.9199 -0.9822 1.9815, -1.9802 -1.0329 1.9815, -1.9249 -0.9746 1.9815, -1.9953 -1.0099 1.9815, -1.9281 -0.966 1.9815, -2.0047 -0.9842 1.9815, -1.1884 -1.8541 1.9815, -1.2487 -1.9047 1.9815, -1.2487 -1.9047 2.6718, -1.1884 -1.8541 2.6718
            ]
        }
        coordIndex [
            0,1,2,-1,2,1,3,-1,4,5,0,-1,0,5,1,-1,6,2,7,-1,7,2,3,-1,8,6,9,-1,9,6,7,-1,10,5,11,-1,11,5,4,-1,9,7,3,-1,1,5,3,-1,3,5,10,-1,3,10,9,-1,6,8,2,-1,2,8,11,-1,2,11,0,-1,0,11,4,-1,9,10,8,-1,8,10,11,-1,12,13,14,-1,14,13,15,-1,16,14,17,-1,17,14,15,-1,17,15,18,-1,18,15,13,-1,18,13,19,-1,19,13,12,-1,19,12,16,-1,16,12,14,-1,17,18,16,-1,16,18,19,-1,20,21,22,-1,22,21,23,-1,24,25,26,-1,26,25,27,-1,26,27,28,-1,28,27,29,-1,30,31,32,-1,32,31,33,-1,32,33,34,-1,34,33,25,-1,34,25,35,-1,35,25,24,-1,36,37,38,-1,39,40,41,-1,41,40,42,-1,41,42,43,-1,43,42,44,-1,43,44,45,-1,45,44,46,-1,40,47,42,-1,42,47,36,-1,42,36,48,-1,48,36,38,-1,46,31,45,-1,45,31,30,-1,31,46,33,-1,33,46,44,-1,29,38,28,-1,28,38,37,-1,48,38,27,-1,27,38,29,-1,36,47,26,-1,26,47,49,-1,26,49,50,-1,50,51,26,-1,26,51,52,-1,26,52,24,-1,36,26,37,-1,37,26,28,-1,25,33,42,-1,42,33,44,-1,42,48,25,-1,25,48,27,-1,35,39,34,-1,34,39,41,-1,34,41,32,-1,32,41,43,-1,32,43,30,-1,30,43,45,-1,39,35,53,-1,53,35,54,-1,53,54,55,-1,55,54,56,-1,55,56,57,-1,57,56,58,-1,57,58,59,-1,59,58,60,-1,59,60,61,-1,61,60,62,-1,61,62,63,-1,63,62,64,-1,40,65,47,-1,47,65,66,-1,67,68,69,-1,69,68,70,-1,69,70,71,-1,71,70,47,-1,71,47,72,-1,72,47,66,-1,35,24,52,-1,35,52,54,-1,54,52,51,-1,54,51,56,-1,56,51,50,-1,56,50,58,-1,58,50,49,-1,58,49,60,-1,60,49,47,-1,60,47,62,-1,47,70,62,-1,62,70,68,-1,62,68,64,-1,63,67,61,-1,61,67,69,-1,61,69,59,-1,59,69,71,-1,59,71,57,-1,57,71,72,-1,57,72,55,-1,55,72,66,-1,55,66,53,-1,53,66,65,-1,53,65,39,-1,39,65,40,-1,73,74,67,-1,67,74,68,-1,75,76,64,-1,64,76,63,-1,74,75,68,-1,68,75,64,-1,63,76,67,-1,67,76,73,-1,74,73,77,-1,77,73,78,-1,77,78,79,-1,79,78,80,-1,79,80,81,-1,81,80,82,-1,81,82,83,-1,83,82,84,-1,83,84,85,-1,85,84,86,-1,85,86,87,-1,87,86,88,-1,89,90,91,-1,91,90,92,-1,91,92,93,-1,93,92,94,-1,93,94,95,-1,95,94,96,-1,95,96,97,-1,97,96,98,-1,97,98,99,-1,99,98,100,-1,99,100,75,-1,75,100,76,-1,73,76,100,-1,73,100,78,-1,78,100,98,-1,78,98,80,-1,80,98,96,-1,80,96,82,-1,82,96,94,-1,82,94,84,-1,84,94,92,-1,84,92,86,-1,86,92,90,-1,86,90,88,-1,87,89,85,-1,85,89,91,-1,85,91,83,-1,83,91,93,-1,83,93,81,-1,81,93,95,-1,81,95,79,-1,79,95,97,-1,79,97,77,-1,77,97,99,-1,77,99,74,-1,74,99,75,-1,101,102,103,-1,103,102,104,-1,105,106,89,-1,89,106,90,-1,106,107,108,-1,107,106,109,-1,109,106,101,-1,109,101,21,-1,21,101,103,-1,21,103,23,-1,23,103,110,-1,110,103,88,-1,110,88,108,-1,108,88,90,-1,108,90,106,-1,105,89,87,-1,87,104,22,-1,22,111,87,-1,87,111,112,-1,87,112,105,-1,105,112,113,-1,105,113,102,-1,102,113,114,-1,102,114,104,-1,104,114,20,-1,104,20,22,-1,101,106,102,-1,102,106,105,-1,88,103,87,-1,87,103,104,-1,107,109,113,-1,113,109,114,-1,108,107,112,-1,112,107,113,-1,110,108,111,-1,111,108,112,-1,109,21,114,-1,114,21,20,-1,22,23,115,-1,115,23,116,-1,115,116,117,-1,117,116,118,-1,117,118,119,-1,119,118,120,-1,121,122,123,-1,123,122,124,-1,123,124,125,-1,125,124,126,-1,125,126,111,-1,111,126,110,-1,23,110,126,-1,23,126,116,-1,116,126,124,-1,116,124,118,-1,118,124,122,-1,118,122,120,-1,119,121,117,-1,117,121,123,-1,117,123,115,-1,115,123,125,-1,115,125,22,-1,22,125,111,-1,127,128,121,-1,121,128,122,-1,129,130,120,-1,120,130,119,-1,128,129,122,-1,122,129,120,-1,119,130,121,-1,121,130,127,-1,129,128,130,-1,130,128,127,-1,
        ]
    }
}