#VRML V2.0 utf8
# 3D model generated by easyeda2kicad.py (https://github.com/uPesy/easyeda2kicad.py)

Shape{
    appearance Appearance {
        material  Material 	{
            diffuseColor 0.8509803921568627 0.8509803921568627 0.8509803921568627
            specularColor 0.4235294117647059 0.4235294117647059 0.4235294117647059
            ambientIntensity 0.851
            transparency 0.0
            shininess 0.5
        }
    }
    geometry IndexedFaceSet {
        ccw TRUE
        solid FALSE
        coord DEF co Coordinate {
            point [
                -1.8307 1.4567 0.0945, -1.7474 1.6566 0.0945, -1.8307 1.4567 -0.0, -1.7474 1.6566 -0.0, -1.914 1.6566 -0.0, -1.914 1.6566 0.0945, -1.6339 1.6339 0.0945, -1.6339 1.6339 -0.0, -1.6357 1.6485 -0.0, -1.6357 1.6485 0.0945, -1.6411 1.6621 -0.0, -1.6411 1.6621 0.0945, -1.6497 1.6741 -0.0, -1.6497 1.6741 0.0945, -1.6609 1.6835 -0.0, -1.6609 1.6835 0.0945, -1.6742 1.6899 -0.0, -1.6742 1.6899 0.0945, -1.6886 1.6928 -0.0, -1.6886 1.6928 0.0945, -1.7033 1.692 -0.0, -1.7033 1.692 0.0945, -1.7174 1.6876 -0.0, -1.7174 1.6876 0.0945, -1.7299 1.6799 -0.0, -1.7299 1.6799 0.0945, -1.7401 1.6693 -0.0, -1.7401 1.6693 0.0945, -2.0276 1.6339 -0.0, -2.0276 1.6339 0.0945, -2.0257 1.6485 0.0945, -2.0257 1.6485 -0.0, -2.0203 1.6621 0.0945, -2.0203 1.6621 -0.0, -2.0117 1.6741 0.0945, -2.0117 1.6741 -0.0, -2.0005 1.6835 0.0945, -2.0005 1.6835 -0.0, -1.9872 1.6899 0.0945, -1.9872 1.6899 -0.0, -1.9728 1.6928 0.0945, -1.9728 1.6928 -0.0, -1.9581 1.692 0.0945, -1.9581 1.692 -0.0, -1.9441 1.6876 0.0945, -1.9441 1.6876 -0.0, -1.9315 1.6799 0.0945, -1.9315 1.6799 -0.0, -1.9213 1.6693 0.0945, -1.9213 1.6693 -0.0, -2.0276 1.1614 0.0945, -1.6339 1.1614 0.0945, -2.0276 1.0827 0.1732, -1.6339 1.0827 0.1732, -2.0276 1.0854 0.1528, -1.6339 1.0854 0.1528, -2.0276 1.0932 0.1339, -1.6339 1.0932 0.1339, -2.0276 1.1057 0.1175, -1.6339 1.1057 0.1175, -2.0276 1.122 0.105, -1.6339 1.122 0.105, -2.0276 1.141 0.0972, -1.6339 1.141 0.0972, -1.6339 1.1614 -0.0, -2.0276 1.1614 -0.0, -1.7606 0.6058 1.0429, -1.7654 0.6092 1.0356, -1.7689 0.6129 1.0278, -1.7688 0.6281 0.9951, -1.7652 0.6317 0.9873, -1.6542 0.6241 1.0037, -1.6543 0.6165 1.02, -1.771 0.6167 1.0196, -1.6535 0.6204 1.0116, -1.7717 0.6204 1.0116, -1.7709 0.6243 1.0033, -1.6564 0.6127 1.0282, -1.66 0.6091 1.0359, -1.6648 0.6057 1.0431, -1.6858 0.5982 1.0593, -1.6943 0.5967 1.0625, -1.7546 0.6028 1.0493, -1.7473 0.6406 0.9683, -1.7394 0.6426 0.964, -1.7308 0.6441 0.9607, -1.6708 0.6027 1.0495, -1.6779 0.6002 1.0549, -1.7034 0.5957 1.0645, -1.7126 0.5954 1.0652, -1.7219 0.5957 1.0645, -1.731 0.5967 1.0625, -1.7218 0.645 0.9588, -1.7126 0.6453 0.9581, -1.7033 0.645 0.9588, -1.6942 0.6441 0.9608, -1.6856 0.6426 0.964, -1.6777 0.6405 0.9685, -1.6706 0.638 0.974, -1.6646 0.6349 0.9804, -1.7396 0.5982 1.0593, -1.7475 0.6003 1.0548, -1.7604 0.6351 0.9802, -1.7544 0.638 0.9738, -1.6598 0.6316 0.9877, -1.6563 0.6279 0.9955, -1.6546 0.7049 1.0632, -1.6535 0.7096 1.0532, -1.7717 0.7096 1.0532, -1.658 0.7191 1.0328, -1.6635 0.7235 1.0235, -1.7706 0.7143 1.0432, -1.69 0.7327 1.0038, -1.7011 0.7341 1.0007, -1.7126 0.7346 0.9997, -1.7242 0.7341 1.0008, -1.6547 0.7145 1.0428, -1.6708 0.7272 1.0154, -1.6798 0.7303 1.0087, -1.7705 0.7047 1.0637, -1.7672 0.7 1.0737, -1.7617 0.6957 1.083, -1.7544 0.6919 1.0911, -1.7454 0.6888 1.0977, -1.7352 0.6865 1.1027, -1.7546 0.7272 1.0156, -1.7456 0.7303 1.0088, -1.7353 0.7326 1.0038, -1.6796 0.6889 1.0976, -1.6706 0.692 1.0909, -1.6899 0.6866 1.1026, -1.701 0.6851 1.1057, -1.7241 0.6851 1.1057, -1.7126 0.6846 1.1068, -1.6579 0.7002 1.0734, -1.6633 0.6959 1.0827, -1.7619 0.7233 1.0238, -1.7673 0.719 1.0331, -1.9009 0.6712 1.0353, -1.9008 0.6711 1.0353, -1.8988 0.6593 1.0605, -1.8792 0.6534 1.027, -1.8774 0.643 1.0494, -1.8547 0.6391 1.0204, -1.8531 0.6302 1.0394, -1.8005 0.6226 1.0127, -1.7997 0.6224 1.0126, -1.7987 0.617 1.0243, -1.7126 0.5856 1.0915, -1.7263 0.5861 1.0905, -1.7397 0.5874 1.0876, -1.7523 0.5897 1.0828, -1.764 0.5927 1.0762, -1.7744 0.5965 1.0681, -1.7833 0.601 1.0586, -1.7904 0.6059 1.0479, -1.7956 0.6113 1.0364, -1.7717 0.6204 1.0116, -1.8279 0.6287 1.0155, -1.8267 0.6215 1.031, -1.919 0.6918 1.0449, -1.8226 0.614 1.0471, -1.8157 0.6069 1.0624, -1.8063 0.6003 1.0765, -1.7945 0.5944 1.0891, -1.7807 0.5894 1.0999, -1.7653 0.5853 1.1085, -1.7484 0.5824 1.1149, -1.7307 0.5806 1.1188, -1.7126 0.58 1.1201, -1.8481 0.621 1.0593, -1.8396 0.6122 1.0781, -1.828 0.6041 1.0955, -1.8136 0.5969 1.111, -1.7966 0.5907 1.1243, -1.7775 0.5857 1.135, -1.7568 0.582 1.1428, -1.735 0.5798 1.1476, -1.7126 0.5791 1.1492, -1.8715 0.6321 1.0726, -1.8616 0.6218 1.0947, -1.848 0.6123 1.1151, -1.831 0.6038 1.1333, -1.811 0.5966 1.1489, -1.7887 0.5907 1.1614, -1.7644 0.5864 1.1706, -1.7388 0.5838 1.1762, -1.7126 0.583 1.178, -1.8921 0.6471 1.0868, -1.8809 0.6354 1.1117, -1.8655 0.6247 1.1348, -1.8463 0.6151 1.1553, -1.8238 0.6069 1.1729, -1.7985 0.6003 1.1871, -1.7711 0.5955 1.1974, -1.7422 0.5925 1.2038, -1.7126 0.5915 1.2059, -1.9167 0.6788 1.0726, -1.9093 0.6654 1.1014, -1.8971 0.6527 1.1287, -1.8802 0.6409 1.154, -1.8592 0.6304 1.1765, -1.8345 0.6214 1.1958, -1.8068 0.6142 1.2113, -1.7767 0.6089 1.2227, -1.7451 0.6056 1.2296, -1.7126 0.6045 1.2319, -1.5244 0.6711 1.0353, -1.5457 0.6536 1.0271, -1.5475 0.664 1.0047, -1.57 0.6394 1.0205, -1.5716 0.6483 1.0014, -1.5966 0.6289 1.0156, -1.5979 0.6362 1.0, -1.6255 0.6225 1.0126, -1.6535 0.6204 1.0116, -1.6247 0.6225 1.0126, -1.6257 0.628 1.0008, -1.5062 0.6918 1.0449, -1.5242 0.6712 1.0353, -1.5263 0.683 1.0101, -1.6288 0.6338 0.9886, -1.634 0.6392 0.9769, -1.6412 0.6442 0.9662, -1.6501 0.6487 0.9566, -1.6607 0.6525 0.9484, -1.6725 0.6556 0.9417, -1.6853 0.6579 0.9369, -1.6988 0.6592 0.934, -1.7126 0.6597 0.933, -1.602 0.6437 0.9839, -1.6089 0.6509 0.9685, -1.6184 0.6575 0.9543, -1.6302 0.6634 0.9416, -1.6441 0.6685 0.9308, -1.6596 0.6725 0.9221, -1.6765 0.6755 0.9157, -1.6943 0.6773 0.9118, -1.7126 0.6779 0.9105, -1.5767 0.6575 0.9815, -1.5851 0.6664 0.9626, -1.5968 0.6745 0.9451, -1.6113 0.6818 0.9295, -1.6284 0.688 0.9162, -1.6475 0.693 0.9055, -1.6683 0.6966 0.8977, -1.6902 0.6989 0.8929, -1.7126 0.6996 0.8913, -1.5535 0.6749 0.9815, -1.5634 0.6852 0.9593, -1.577 0.6947 0.9389, -1.594 0.7032 0.9207, -1.614 0.7105 0.9051, -1.6364 0.7163 0.8925, -1.6607 0.7206 0.8833, -1.6863 0.7232 0.8777, -1.7126 0.7241 0.8758, -1.533 0.6952 0.9838, -1.5442 0.7069 0.9588, -1.5596 0.7176 0.9358, -1.5788 0.7272 0.9152, -1.6013 0.7354 0.8976, -1.6266 0.742 0.8834, -1.6541 0.7469 0.8731, -1.683 0.7498 0.8667, -1.7126 0.7508 0.8646, -1.5085 0.7047 1.0172, -1.5159 0.7181 0.9885, -1.5281 0.7308 0.9611, -1.545 0.7426 0.9358, -1.566 0.7531 0.9133, -1.5907 0.7621 0.894, -1.6184 0.7693 0.8785, -1.6485 0.7746 0.8672, -1.6801 0.7779 0.8602, -1.7126 0.779 0.8579, -1.7956 0.4755 1.5088, -1.7956 0.5647 1.5504, -1.8305 0.5666 1.5463, -1.8305 0.4774 1.5047, -1.8632 0.5722 1.5343, -1.8632 0.483 1.4927, -1.8915 0.5811 1.5152, -1.8915 0.4919 1.4736, -1.9134 0.5927 1.4902, -1.9134 0.5035 1.4486, -1.9277 0.6064 1.4609, -1.9277 0.5172 1.4193, -1.9333 0.6211 1.4294, -1.9333 0.5319 1.3878, -1.4919 0.5319 1.3878, -1.4919 0.6211 1.4294, -1.4975 0.6064 1.4609, -1.4975 0.5172 1.4193, -1.5117 0.5927 1.4902, -1.5117 0.5035 1.4486, -1.5337 0.5811 1.5152, -1.5337 0.4919 1.4736, -1.562 0.5722 1.5343, -1.562 0.483 1.4927, -1.5946 0.5666 1.5463, -1.5946 0.4774 1.5047, -1.6296 0.5647 1.5504, -1.6296 0.4755 1.5088, -1.8477 0.7625 1.0779, -1.8481 0.765 1.0791, -1.8458 0.7538 1.1031, -1.8398 0.7453 1.0699, -1.842 0.75 1.0721, -1.84 0.7391 1.095, -1.8273 0.7305 1.063, -1.8325 0.7366 1.0658, -1.8307 0.7263 1.087, -1.811 0.7192 1.0577, -1.82 0.7254 1.0606, -1.8183 0.716 1.0794, -1.792 0.712 1.0544, -1.8051 0.7169 1.0567, -1.8036 0.7088 1.0728, -1.7717 0.7096 1.0532, -1.7885 0.7116 1.0542, -1.7871 0.705 1.0674, -1.7126 0.6792 1.1229, -1.7274 0.6798 1.1215, -1.7417 0.6816 1.1176, -1.7548 0.6846 1.1112, -1.7663 0.6886 1.1027, -1.7758 0.6934 1.0923, -1.7828 0.699 1.0804, -1.7983 0.7015 1.0886, -1.7897 0.6947 1.1031, -1.7782 0.6887 1.1159, -1.7641 0.6839 1.1263, -1.7481 0.6802 1.1341, -1.7307 0.678 1.1389, -1.7126 0.6773 1.1405, -1.8122 0.7075 1.0978, -1.8022 0.6996 1.1147, -1.7888 0.6927 1.1295, -1.7725 0.687 1.1416, -1.7539 0.6828 1.1507, -1.7336 0.6802 1.1562, -1.7126 0.6794 1.1581, -1.8238 0.7168 1.1074, -1.8127 0.708 1.1263, -1.7977 0.7003 1.1428, -1.7795 0.6939 1.1564, -1.7587 0.6892 1.1665, -1.7361 0.6863 1.1727, -1.7126 0.6853 1.1748, -1.8326 0.7288 1.117, -1.8206 0.7193 1.1374, -1.8045 0.711 1.1552, -1.7848 0.7042 1.1699, -1.7623 0.6991 1.1808, -1.7379 0.696 1.1875, -1.7126 0.6949 1.1897, -1.8381 0.743 1.1262, -1.8255 0.7331 1.1474, -1.8086 0.7244 1.1661, -1.788 0.7173 1.1814, -1.7646 0.712 1.1928, -1.7391 0.7087 1.1998, -1.7126 0.7076 1.2021, -1.8504 0.781 1.0865, -1.8477 0.7696 1.1109, -1.8399 0.7587 1.1343, -1.8272 0.7486 1.1559, -1.81 0.7398 1.1748, -1.7892 0.7325 1.1904, -1.7653 0.7272 1.2019, -1.7395 0.7238 1.209, -1.7126 0.7227 1.2114, -1.5768 0.765 1.0791, -1.5748 0.781 1.0865, -1.5774 0.7923 1.0621, -1.5827 0.7498 1.072, -1.5777 0.7626 1.0779, -1.5801 0.7736 1.054, -1.5922 0.7362 1.0657, -1.5857 0.7455 1.07, -1.5878 0.7558 1.0474, -1.6048 0.7249 1.0604, -1.5982 0.7308 1.0631, -1.6001 0.74 1.0427, -1.6199 0.7165 1.0564, -1.6144 0.7195 1.0579, -1.6161 0.7273 1.0403, -1.6366 0.7113 1.054, -1.6333 0.7123 1.0545, -1.6347 0.7186 1.0403, -1.6535 0.7096 1.0532, -1.6392 0.7249 1.0268, -1.6465 0.7307 1.0144, -1.6564 0.7358 1.0035, -1.6685 0.7399 0.9945, -1.6822 0.743 0.9879, -1.6971 0.745 0.9838, -1.7126 0.7456 0.9824, -1.6217 0.7351 1.0236, -1.6308 0.7423 1.0081, -1.643 0.7486 0.9946, -1.6579 0.7537 0.9835, -1.6749 0.7576 0.9753, -1.6934 0.76 0.9702, -1.7126 0.7608 0.9685, -1.6066 0.7491 1.0232, -1.6172 0.7574 1.0052, -1.6315 0.7648 0.9895, -1.6489 0.7708 0.9765, -1.6687 0.7753 0.9669, -1.6902 0.7781 0.961, -1.7126 0.779 0.959, -1.595 0.7659 1.0257, -1.6068 0.7752 1.0058, -1.6226 0.7833 0.9883, -1.6419 0.79 0.974, -1.6639 0.795 0.9633, -1.6878 0.798 0.9568, -1.7126 0.7991 0.9546, -1.5878 0.7843 1.031, -1.6003 0.7942 1.0099, -1.6171 0.8029 0.9913, -1.6375 0.81 0.9761, -1.6609 0.8152 0.9648, -1.6862 0.8185 0.9578, -1.7126 0.8196 0.9554, -1.5853 0.8032 1.0387, -1.598 0.8133 1.0171, -1.6152 0.8221 0.9982, -1.636 0.8294 0.9827, -1.6599 0.8348 0.9711, -1.6857 0.8381 0.964, -1.7126 0.8392 0.9616, -1.9093 0.6654 1.1014, -1.8971 0.6527 1.1287, -1.5907 0.7621 0.894, -1.6184 0.7693 0.8785, -1.4598 0.9658 0.4572, -1.6485 0.7746 0.8672, -1.5159 0.7181 0.9885, -1.5281 0.7308 0.9611, -1.8345 0.6214 1.1958, -1.8068 0.6142 1.2113, -1.7767 0.6089 1.2227, -1.545 0.7426 0.9358, -1.566 0.7531 0.9133, -1.8802 0.6409 1.154, -1.8592 0.6304 1.1765, -1.6801 0.7779 0.8602, -1.7126 0.779 0.8579, -1.9654 0.9658 0.4572, -1.7449 0.7779 0.8602, -1.7764 0.7747 0.867, -1.5287 0.6522 1.1298, -1.5163 0.6648 1.1027, -1.8063 0.7695 0.8783, -1.8339 0.7623 0.8936, -1.8585 0.7534 0.9127, -1.8795 0.743 0.935, -1.8965 0.7313 0.96, -1.9089 0.7187 0.9871, -1.6488 0.6088 1.2228, -1.6803 0.6056 1.2296, -1.7126 0.6045 1.2319, -1.7451 0.6056 1.2296, -1.5913 0.6212 1.1962, -1.5667 0.6301 1.1772, -1.5456 0.6405 1.1548, -1.5088 0.6781 1.0742, -1.5062 0.6918 1.0449, -1.5085 0.7047 1.0172, -1.9164 0.7054 1.0157, -1.919 0.6918 1.0449, -1.9167 0.6788 1.0726, -1.6189 0.614 1.2116, -1.9654 0.9658 0.4572, -1.9654 1.055 0.4988, -1.4598 1.055 0.4988, -1.6856 0.7239 1.209, -1.8403 0.8029 1.0395, -1.8276 0.813 1.0177, -1.5849 0.7591 1.1335, -1.5976 0.7489 1.1553, -1.6596 0.7272 1.2018, -1.6147 0.74 1.1744, -1.6356 0.7327 1.1901, -1.8105 0.8219 0.9986, -1.7896 0.8293 0.9829, -1.7656 0.8347 0.9712, -1.8504 0.781 1.0865, -1.848 0.7918 1.0632, -1.7396 0.8381 0.9641, -1.5748 0.781 1.0865, -1.5772 0.7701 1.1099, -1.459 1.0669 0.4694, -1.4589 0.974 0.4336, -1.4567 0.9843 0.374, -1.4567 1.0827 0.374, -1.457 0.9841 0.3827, -1.4577 1.0792 0.4163, -1.4578 0.9811 0.4039, -1.4578 1.079 0.419, -1.4582 0.9793 0.4166, -1.4579 1.0787 0.4223, -1.4584 0.9788 0.4198, -1.4588 1.0696 0.4583, -1.4589 1.0683 0.4638, -1.9657 0.9693 0.4493, -1.9663 0.9741 0.4337, -1.9663 1.068 0.4636, -1.9664 1.07 0.4583, -1.9669 0.9793 0.4165, -1.9666 1.0718 0.4533, -1.9671 0.9803 0.4134, -1.9674 1.0784 0.4189, -1.9674 0.9812 0.404, -1.9685 1.0827 0.374, -1.9685 0.9843 0.374, -1.9677 1.081 0.4057, -1.9675 1.079 0.4162, -2.0276 1.122 0.0044, -2.0276 1.0845 0.0175, -2.0276 1.051 0.0386, -2.0276 1.0229 0.0667, -2.0276 1.0018 0.1003, -2.0276 0.9887 0.1377, -2.0276 0.9843 0.1772, -2.0276 1.0827 0.1772, -1.6339 0.9843 0.1772, -1.6339 0.9887 0.1377, -1.6339 1.0018 0.1003, -1.6339 1.0229 0.0667, -1.6339 1.051 0.0386, -1.6339 1.0845 0.0175, -1.6339 1.122 0.0044, -2.126 1.0827 0.1772, -2.126 0.9843 0.1772, -2.1555 1.0827 0.1809, -2.1555 0.9843 0.1809, -1.1811 0.9843 1.5551, -1.1811 1.0827 1.5551, -1.1941 0.9843 1.5616, -1.1941 1.0827 1.5616, -1.2051 0.9843 1.571, -1.2051 1.0827 1.571, -1.2135 0.9843 1.5829, -1.2135 1.0827 1.5829, -1.2187 0.9843 1.5964, -1.2187 1.0827 1.5964, -1.2205 0.9843 1.6108, -1.2205 1.0827 1.6108, -1.2187 0.9843 1.6252, -1.2187 1.0827 1.6252, -1.2135 0.9843 1.6387, -1.2135 1.0827 1.6387, -1.2051 0.9843 1.6505, -1.2051 1.0827 1.6505, -1.1941 0.9843 1.66, -1.1941 1.0827 1.66, -1.1811 0.9843 1.6665, -1.1811 1.0827 1.6665, -1.1516 0.9843 1.5551, -1.1516 1.0827 1.5551, -1.7956 1.0827 1.6339, -1.6296 1.0827 1.6339, -1.7956 0.9843 1.6339, -1.6296 0.9843 1.6339, -1.8305 1.0827 1.6293, -1.8305 0.9843 1.6293, -1.8632 1.0827 1.6161, -1.8632 0.9843 1.6161, -1.8915 1.0827 1.595, -1.8915 0.9843 1.595, -1.9134 1.0827 1.5674, -1.9134 0.9843 1.5674, -1.9277 1.0827 1.5352, -1.9277 0.9843 1.5352, -1.9333 1.0827 1.5004, -1.9333 0.9843 1.5004, -1.9685 1.0827 0.374, -1.9685 0.9843 0.374, -1.9685 0.9843 0.374, -1.4567 0.9843 0.374, -1.9657 0.9693 0.4493, -1.4584 0.9788 0.4198, -1.9671 0.9803 0.4134, -1.457 0.9841 0.3827, -1.4919 0.9843 1.5004, -1.4567 1.0827 0.374, -1.4919 1.0827 1.5004, -1.4975 1.0827 1.5352, -1.4975 0.9843 1.5352, -1.5117 1.0827 1.5674, -1.5117 0.9843 1.5674, -1.5337 1.0827 1.595, -1.5337 0.9843 1.595, -1.562 1.0827 1.6161, -1.562 0.9843 1.6161, -1.5946 1.0827 1.6293, -1.5946 0.9843 1.6293, -1.6339 1.0827 0.1772, -1.1516 1.0827 1.3976, -1.1516 0.9843 1.3976, -1.1811 1.0827 1.2795, -1.1811 0.9843 1.2795, -1.2992 1.0827 0.1772, -1.2992 0.9843 0.1772, -1.1811 0.9843 1.752, -1.1811 1.0827 1.752, -1.2686 0.9843 0.1812, -2.1555 0.9843 1.752, -1.1969 0.9843 0.2362, -1.1851 0.9843 0.2647, -1.1811 0.9843 0.2953, -1.2402 0.9843 0.193, -1.2157 0.9843 0.2118, -2.1555 1.0827 1.752, -1.1811 1.0827 0.2953, -1.2686 1.0827 0.1812, -1.2402 1.0827 0.193, -1.2157 1.0827 0.2118, -1.1969 1.0827 0.2362, -1.1851 1.0827 0.2647, -1.9666 1.0718 0.4533, -1.4579 1.0787 0.4223, -1.9677 1.081 0.4057, -1.4567 1.0827 0.374, -1.9685 1.0827 0.374, -1.6831 0.5925 1.2038, -1.6865 0.5838 1.1762, -1.6904 0.5798 1.1476, -1.5987 0.6211 1.0319, -1.6946 0.5806 1.1188, -1.699 0.5861 1.0905, -1.6266 0.6167 1.0249, -1.6298 0.611 1.037, -1.635 0.6057 1.0484, -1.6422 0.6008 1.059, -1.651 0.5964 1.0684, -1.6614 0.5926 1.0764, -1.6731 0.5896 1.0829, -1.6857 0.5874 1.0876, -1.6535 0.6204 1.0116, -1.677 0.5824 1.1149, -1.6602 0.5853 1.1087, -1.6448 0.5893 1.1001, -1.631 0.5942 1.0894, -1.6193 0.6001 1.077, -1.6098 0.6066 1.063, -1.6029 0.6136 1.0478, -1.6687 0.582 1.1429, -1.6481 0.5856 1.1351, -1.6291 0.5905 1.1246, -1.6121 0.5967 1.1114, -1.5976 0.6038 1.0961, -1.586 0.6119 1.0788, -1.5774 0.6206 1.0602, -1.5722 0.6297 1.0405, -1.6611 0.5864 1.1706, -1.6369 0.5906 1.1616, -1.6147 0.5964 1.1492, -1.5948 0.6036 1.1338, -1.5778 0.612 1.1158, -1.5641 0.6214 1.0956, -1.5541 0.6316 1.0737, -1.548 0.6424 1.0506, -1.6544 0.5954 1.1975, -1.6271 0.6002 1.1873, -1.602 0.6067 1.1733, -1.5795 0.6148 1.1559, -1.5603 0.6243 1.1356, -1.5449 0.635 1.1127, -1.5336 0.6465 1.088, -1.5267 0.6586 1.062, -1.6803 0.6056 1.2296, -1.6488 0.6088 1.2228, -1.6189 0.614 1.2116, -1.5913 0.6212 1.1962, -1.5667 0.6301 1.1772, -1.5456 0.6405 1.1548, -1.5287 0.6522 1.1298, -1.5163 0.6648 1.1027, -1.5088 0.6781 1.0742, -1.7421 0.7498 0.8667, -1.7387 0.7232 0.8777, -1.7349 0.6989 0.8929, -1.7307 0.6773 0.9118, -1.7994 0.6283 1.0002, -1.7264 0.6592 0.9339, -1.7717 0.6204 1.0116, -1.7398 0.6579 0.9369, -1.7525 0.6556 0.9416, -1.7643 0.6526 0.9482, -1.7748 0.6488 0.9563, -1.7837 0.6444 0.9658, -1.7909 0.6394 0.9765, -1.7962 0.634 0.988, -1.7484 0.6755 0.9156, -1.7653 0.6726 0.9219, -1.7808 0.6686 0.9306, -1.7946 0.6636 0.9413, -1.8064 0.6577 0.9538, -1.816 0.6512 0.9679, -1.8229 0.6441 0.9831, -1.8272 0.6366 0.9992, -1.7567 0.6967 0.8976, -1.7773 0.693 0.9054, -1.7964 0.6881 0.9159, -1.8134 0.682 0.9291, -1.8279 0.6748 0.9445, -1.8396 0.6667 0.9618, -1.8482 0.658 0.9806, -1.8534 0.6488 1.0003, -1.7642 0.7207 0.8832, -1.7884 0.7164 0.8923, -1.8107 0.7106 0.9047, -1.8306 0.7034 0.9201, -1.8476 0.695 0.9382, -1.8613 0.6856 0.9584, -1.8713 0.6754 0.9804, -1.8774 0.6646 1.0034, -1.7708 0.7469 0.873, -1.7981 0.7421 0.8832, -1.8233 0.7356 0.8972, -1.8458 0.7275 0.9146, -1.865 0.718 0.935, -1.8804 0.7073 0.9578, -1.8917 0.6958 0.9826, -1.8986 0.6836 1.0086, -1.7449 0.7779 0.8602, -1.7764 0.7747 0.867, -1.8063 0.7695 0.8783, -1.8339 0.7623 0.8936, -1.8585 0.7534 0.9127, -1.8795 0.743 0.935, -1.8965 0.7313 0.96, -1.9089 0.7187 0.9871, -1.9164 0.7054 1.0157, -1.7126 0.6846 1.1068, -1.6977 0.6798 1.1215, -1.585 0.7396 1.094, -1.5943 0.7267 1.0861, -1.6067 0.7164 1.0787, -1.6215 0.7091 1.0722, -1.638 0.7053 1.0669, -1.6422 0.6992 1.0799, -1.6492 0.6936 1.0919, -1.6586 0.6887 1.1025, -1.6702 0.6846 1.1111, -1.6834 0.6816 1.1175, -1.6944 0.678 1.1389, -1.6769 0.6803 1.134, -1.6608 0.6839 1.1262, -1.6467 0.6889 1.1156, -1.6352 0.6949 1.1027, -1.6267 0.7017 1.0881, -1.6914 0.6802 1.1562, -1.6711 0.6829 1.1506, -1.6524 0.6871 1.1414, -1.636 0.6929 1.1292, -1.6226 0.6998 1.1142, -1.6127 0.7078 1.0971, -1.689 0.6863 1.1727, -1.6663 0.6893 1.1664, -1.6453 0.694 1.1562, -1.627 0.7004 1.1425, -1.6121 0.7082 1.1258, -1.601 0.7171 1.1067, -1.6871 0.696 1.1874, -1.6626 0.6991 1.1807, -1.64 0.7043 1.1697, -1.6203 0.7112 1.1549, -1.6042 0.7196 1.1368, -1.5922 0.7292 1.1163, -1.6859 0.7087 1.1997, -1.6603 0.712 1.1927, -1.6368 0.7174 1.1812, -1.6161 0.7246 1.1657, -1.5992 0.7334 1.1468, -1.5868 0.7434 1.1254, -1.5792 0.7543 1.1021, -1.8453 0.7732 1.055, -1.8376 0.7553 1.0483, -1.8253 0.7396 1.0435, -1.8093 0.7269 1.041, -1.7906 0.7183 1.0409, -1.7282 0.7449 0.9838, -1.7432 0.743 0.9879, -1.757 0.7399 0.9947, -1.769 0.7357 1.0037, -1.7789 0.7305 1.0147, -1.7862 0.7247 1.0273, -1.7319 0.7599 0.9702, -1.7505 0.7575 0.9754, -1.7676 0.7537 0.9837, -1.7825 0.7484 0.9949, -1.7948 0.7421 1.0086, -1.8038 0.7348 1.0241, -1.7351 0.778 0.961, -1.7568 0.7753 0.967, -1.7767 0.7707 0.9767, -1.7941 0.7646 0.9898, -1.8084 0.7572 1.0057, -1.8189 0.7487 1.0239, -1.7376 0.798 0.9568, -1.7616 0.7949 0.9634, -1.7837 0.7899 0.9742, -1.803 0.7831 0.9887, -1.8188 0.7749 1.0064, -1.8305 0.7655 1.0265, -1.7391 0.8185 0.9578, -1.7646 0.8152 0.9649, -1.7881 0.8099 0.9763, -1.8086 0.8027 0.9917, -1.8254 0.7939 1.0105, -1.8378 0.784 1.0318, -0.4134 1.4567 0.0945, -0.3301 1.6566 0.0945, -0.4134 1.4567 -0.0, -0.3301 1.6566 -0.0, -0.4967 1.6566 -0.0, -0.4967 1.6566 0.0945, -0.2165 1.6339 0.0945, -0.2165 1.6339 -0.0, -0.2184 1.6485 -0.0, -0.2184 1.6485 0.0945, -0.2237 1.6621 -0.0, -0.2237 1.6621 0.0945, -0.2323 1.6741 -0.0, -0.2323 1.6741 0.0945, -0.2436 1.6835 -0.0, -0.2436 1.6835 0.0945, -0.2569 1.6899 -0.0, -0.2569 1.6899 0.0945, -0.2713 1.6928 -0.0, -0.2713 1.6928 0.0945, -0.286 1.692 -0.0, -0.286 1.692 0.0945, -0.3 1.6876 -0.0, -0.3 1.6876 0.0945, -0.3126 1.6799 -0.0, -0.3126 1.6799 0.0945, -0.3228 1.6693 -0.0, -0.3228 1.6693 0.0945, -0.504 1.6693 -0.0, -0.504 1.6693 0.0945, -0.5142 1.6799 -0.0, -0.5142 1.6799 0.0945, -0.5267 1.6876 -0.0, -0.5267 1.6876 0.0945, -0.5408 1.692 -0.0, -0.5408 1.692 0.0945, -0.5555 1.6928 -0.0, -0.5555 1.6928 0.0945, -0.5699 1.6899 -0.0, -0.5699 1.6899 0.0945, -0.5831 1.6835 -0.0, -0.5831 1.6835 0.0945, -0.5944 1.6741 -0.0, -0.5944 1.6741 0.0945, -0.603 1.6621 -0.0, -0.603 1.6621 0.0945, -0.6084 1.6485 -0.0, -0.6084 1.6485 0.0945, -0.6102 1.6339 -0.0, -0.6102 1.6339 0.0945, -0.2165 1.1614 0.0945, -0.6102 1.1614 0.0945, -0.6102 1.0827 0.1732, -0.2165 1.0827 0.1732, -0.6102 1.0854 0.1528, -0.2165 1.0854 0.1528, -0.6102 1.0932 0.1339, -0.2165 1.0932 0.1339, -0.6102 1.1057 0.1175, -0.2165 1.1057 0.1175, -0.6102 1.122 0.105, -0.2165 1.122 0.105, -0.6102 1.141 0.0972, -0.2165 1.141 0.0972, -0.2165 1.1614 -0.0, -0.6102 1.1614 -0.0, -0.2369 0.6241 1.0037, -0.2362 0.6204 1.0116, -0.3543 0.6204 1.0116, -0.3537 0.6167 1.0196, -0.3481 0.6092 1.0356, -0.3516 0.6129 1.0278, -0.2953 0.5954 1.0652, -0.286 0.5957 1.0645, -0.2369 0.6165 1.02, -0.2391 0.6127 1.0282, -0.2427 0.6091 1.0359, -0.2475 0.6057 1.0431, -0.2535 0.6027 1.0495, -0.2606 0.6002 1.0549, -0.2685 0.5982 1.0593, -0.277 0.5967 1.0625, -0.3536 0.6243 1.0033, -0.3514 0.6281 0.9951, -0.3479 0.6317 0.9873, -0.33 0.6406 0.9683, -0.3221 0.6426 0.964, -0.3135 0.6441 0.9607, -0.3045 0.645 0.9588, -0.3136 0.5967 1.0625, -0.3222 0.5982 1.0593, -0.3432 0.6058 1.0429, -0.3302 0.6003 1.0548, -0.3372 0.6028 1.0493, -0.2953 0.6453 0.9581, -0.286 0.645 0.9588, -0.2769 0.6441 0.9608, -0.2425 0.6316 0.9877, -0.2604 0.6405 0.9685, -0.2473 0.6349 0.9804, -0.2533 0.638 0.974, -0.2683 0.6426 0.964, -0.239 0.6279 0.9955, -0.3046 0.5957 1.0645, -0.3431 0.6351 0.9802, -0.337 0.638 0.9738, -0.2373 0.7049 1.0632, -0.2362 0.7096 1.0532, -0.3543 0.7096 1.0532, -0.2407 0.7191 1.0328, -0.2462 0.7235 1.0235, -0.3533 0.7143 1.0432, -0.2374 0.7145 1.0428, -0.2727 0.7327 1.0038, -0.2838 0.7341 1.0007, -0.3532 0.7047 1.0637, -0.3498 0.7 1.0737, -0.3444 0.6957 1.083, -0.337 0.6919 1.0911, -0.3281 0.6888 1.0977, -0.3179 0.6865 1.1027, -0.2837 0.6851 1.1057, -0.2725 0.6866 1.1026, -0.2623 0.6889 1.0976, -0.3068 0.6851 1.1057, -0.2953 0.6846 1.1068, -0.2406 0.7002 1.0734, -0.246 0.6959 1.0827, -0.2953 0.7346 0.9997, -0.3069 0.7341 1.0008, -0.35 0.719 1.0331, -0.2533 0.692 1.0909, -0.2535 0.7272 1.0154, -0.2625 0.7303 1.0087, -0.318 0.7326 1.0038, -0.3283 0.7303 1.0088, -0.3372 0.7272 1.0156, -0.3446 0.7233 1.0238, -0.4836 0.6712 1.0353, -0.4835 0.6711 1.0353, -0.4814 0.6593 1.0605, -0.4619 0.6534 1.027, -0.4601 0.643 1.0494, -0.4374 0.6391 1.0204, -0.4358 0.6302 1.0394, -0.3832 0.6226 1.0127, -0.3823 0.6224 1.0126, -0.3814 0.617 1.0243, -0.2953 0.5856 1.0915, -0.309 0.5861 1.0905, -0.3223 0.5874 1.0876, -0.335 0.5897 1.0828, -0.3467 0.5927 1.0762, -0.3571 0.5965 1.0681, -0.366 0.601 1.0586, -0.3731 0.6059 1.0479, -0.3783 0.6113 1.0364, -0.3543 0.6204 1.0116, -0.4106 0.6287 1.0155, -0.4093 0.6215 1.031, -0.5016 0.6918 1.0449, -0.4052 0.614 1.0471, -0.3984 0.6069 1.0624, -0.389 0.6003 1.0765, -0.3772 0.5944 1.0891, -0.3634 0.5894 1.0999, -0.3479 0.5853 1.1085, -0.3311 0.5824 1.1149, -0.3134 0.5806 1.1188, -0.2953 0.58 1.1201, -0.4308 0.621 1.0593, -0.4223 0.6122 1.0781, -0.4107 0.6041 1.0955, -0.3962 0.5969 1.111, -0.3792 0.5907 1.1243, -0.3601 0.5857 1.135, -0.3394 0.582 1.1428, -0.3176 0.5798 1.1476, -0.2953 0.5791 1.1492, -0.4541 0.6321 1.0726, -0.4442 0.6218 1.0947, -0.4306 0.6123 1.1151, -0.4137 0.6038 1.1333, -0.3937 0.5966 1.1489, -0.3713 0.5907 1.1614, -0.3471 0.5864 1.1706, -0.3215 0.5838 1.1762, -0.2953 0.583 1.178, -0.4747 0.6471 1.0868, -0.4636 0.6354 1.1117, -0.4482 0.6247 1.1348, -0.429 0.6151 1.1553, -0.4065 0.6069 1.1729, -0.3812 0.6003 1.1871, -0.3538 0.5955 1.1974, -0.3249 0.5925 1.2038, -0.2953 0.5915 1.2059, -0.4994 0.6788 1.0726, -0.492 0.6654 1.1014, -0.4798 0.6527 1.1287, -0.4629 0.6409 1.154, -0.4419 0.6304 1.1765, -0.4172 0.6214 1.1958, -0.3895 0.6142 1.2113, -0.3594 0.6089 1.2227, -0.3277 0.6056 1.2296, -0.2953 0.6045 1.2319, -0.107 0.6711 1.0353, -0.1284 0.6536 1.0271, -0.1302 0.664 1.0047, -0.1527 0.6394 1.0205, -0.1543 0.6483 1.0014, -0.1793 0.6289 1.0156, -0.1805 0.6362 1.0, -0.2082 0.6225 1.0126, -0.2074 0.6225 1.0126, -0.2083 0.628 1.0008, -0.0889 0.6918 1.0449, -0.1069 0.6712 1.0353, -0.109 0.683 1.0101, -0.2115 0.6338 0.9886, -0.2167 0.6392 0.9769, -0.2239 0.6442 0.9662, -0.2328 0.6487 0.9566, -0.2433 0.6525 0.9484, -0.2551 0.6556 0.9417, -0.2679 0.6579 0.9369, -0.2814 0.6592 0.934, -0.2953 0.6597 0.933, -0.1847 0.6437 0.9839, -0.1916 0.6509 0.9685, -0.201 0.6575 0.9543, -0.2129 0.6634 0.9416, -0.2267 0.6685 0.9308, -0.2423 0.6725 0.9221, -0.2592 0.6755 0.9157, -0.277 0.6773 0.9118, -0.2953 0.6779 0.9105, -0.1594 0.6575 0.9815, -0.1678 0.6664 0.9626, -0.1795 0.6745 0.9451, -0.194 0.6818 0.9295, -0.211 0.688 0.9162, -0.2302 0.693 0.9055, -0.251 0.6966 0.8977, -0.2728 0.6989 0.8929, -0.2953 0.6996 0.8913, -0.1362 0.6749 0.9815, -0.1461 0.6852 0.9593, -0.1597 0.6947 0.9389, -0.1767 0.7032 0.9207, -0.1967 0.7105 0.9051, -0.2191 0.7163 0.8925, -0.2434 0.7206 0.8833, -0.269 0.7232 0.8777, -0.2953 0.7241 0.8758, -0.1157 0.6952 0.9838, -0.1269 0.7069 0.9588, -0.1423 0.7176 0.9358, -0.1615 0.7272 0.9152, -0.184 0.7354 0.8976, -0.2093 0.742 0.8834, -0.2367 0.7469 0.8731, -0.2656 0.7498 0.8667, -0.2953 0.7508 0.8646, -0.0912 0.7047 1.0172, -0.0985 0.7181 0.9885, -0.1108 0.7308 0.9611, -0.1276 0.7426 0.9358, -0.1487 0.7531 0.9133, -0.1733 0.7621 0.894, -0.2011 0.7693 0.8785, -0.2311 0.7746 0.8672, -0.2628 0.7779 0.8602, -0.2953 0.779 0.8579, -0.3783 0.4755 1.5088, -0.3783 0.5647 1.5504, -0.4132 0.5666 1.5463, -0.4132 0.4774 1.5047, -0.4459 0.5722 1.5343, -0.4459 0.483 1.4927, -0.4742 0.5811 1.5152, -0.4742 0.4919 1.4736, -0.4961 0.5927 1.4902, -0.4961 0.5035 1.4486, -0.5104 0.6064 1.4609, -0.5104 0.5172 1.4193, -0.516 0.6211 1.4294, -0.516 0.5319 1.3878, -0.0746 0.5319 1.3878, -0.0746 0.6211 1.4294, -0.0802 0.6064 1.4609, -0.0802 0.5172 1.4193, -0.0944 0.5927 1.4902, -0.0944 0.5035 1.4486, -0.1164 0.5811 1.5152, -0.1164 0.4919 1.4736, -0.1446 0.5722 1.5343, -0.1446 0.483 1.4927, -0.1773 0.5666 1.5463, -0.1773 0.4774 1.5047, -0.2123 0.5647 1.5504, -0.2123 0.4755 1.5088, -0.4304 0.7625 1.0779, -0.4308 0.765 1.0791, -0.4285 0.7538 1.1031, -0.4225 0.7453 1.0699, -0.4247 0.75 1.0721, -0.4227 0.7391 1.095, -0.41 0.7305 1.063, -0.4152 0.7366 1.0658, -0.4134 0.7263 1.087, -0.3937 0.7192 1.0577, -0.4027 0.7254 1.0606, -0.401 0.716 1.0794, -0.3747 0.712 1.0544, -0.3878 0.7169 1.0567, -0.3862 0.7088 1.0728, -0.3543 0.7096 1.0532, -0.3712 0.7116 1.0542, -0.3698 0.705 1.0674, -0.2953 0.6792 1.1229, -0.3101 0.6798 1.1215, -0.3243 0.6816 1.1176, -0.3375 0.6846 1.1112, -0.349 0.6886 1.1027, -0.3584 0.6934 1.0923, -0.3654 0.699 1.0804, -0.381 0.7015 1.0886, -0.3724 0.6947 1.1031, -0.3609 0.6887 1.1159, -0.3468 0.6839 1.1263, -0.3308 0.6802 1.1341, -0.3134 0.678 1.1389, -0.2953 0.6773 1.1405, -0.3949 0.7075 1.0978, -0.3849 0.6996 1.1147, -0.3715 0.6927 1.1295, -0.3552 0.687 1.1416, -0.3365 0.6828 1.1507, -0.3163 0.6802 1.1562, -0.2953 0.6794 1.1581, -0.4065 0.7168 1.1074, -0.3954 0.708 1.1263, -0.3804 0.7003 1.1428, -0.3622 0.6939 1.1564, -0.3414 0.6892 1.1665, -0.3188 0.6863 1.1727, -0.2953 0.6853 1.1748, -0.4153 0.7288 1.117, -0.4033 0.7193 1.1374, -0.3871 0.711 1.1552, -0.3674 0.7042 1.1699, -0.345 0.6991 1.1808, -0.3206 0.696 1.1875, -0.2953 0.6949 1.1897, -0.4207 0.743 1.1262, -0.4082 0.7331 1.1474, -0.3913 0.7244 1.1661, -0.3707 0.7173 1.1814, -0.3472 0.712 1.1928, -0.3218 0.7087 1.1998, -0.2953 0.7076 1.2021, -0.4331 0.781 1.0865, -0.4304 0.7696 1.1109, -0.4226 0.7587 1.1343, -0.4098 0.7486 1.1559, -0.3927 0.7398 1.1748, -0.3718 0.7325 1.1904, -0.348 0.7272 1.2019, -0.3222 0.7238 1.209, -0.2953 0.7227 1.2114, -0.1595 0.765 1.0791, -0.1575 0.781 1.0865, -0.1601 0.7923 1.0621, -0.1654 0.7498 1.072, -0.1604 0.7626 1.0779, -0.1628 0.7736 1.054, -0.1749 0.7362 1.0657, -0.1684 0.7455 1.07, -0.1705 0.7558 1.0474, -0.1875 0.7249 1.0604, -0.1809 0.7308 1.0631, -0.1827 0.74 1.0427, -0.2025 0.7165 1.0564, -0.1971 0.7195 1.0579, -0.1987 0.7273 1.0403, -0.2193 0.7113 1.054, -0.2159 0.7123 1.0545, -0.2174 0.7186 1.0403, -0.2362 0.7096 1.0532, -0.2219 0.7249 1.0268, -0.2292 0.7307 1.0144, -0.2391 0.7358 1.0035, -0.2511 0.7399 0.9945, -0.2649 0.743 0.9879, -0.2798 0.745 0.9838, -0.2953 0.7456 0.9824, -0.2043 0.7351 1.0236, -0.2134 0.7423 1.0081, -0.2257 0.7486 0.9946, -0.2406 0.7537 0.9835, -0.2576 0.7576 0.9753, -0.2761 0.76 0.9702, -0.2953 0.7608 0.9685, -0.1893 0.7491 1.0232, -0.1999 0.7574 1.0052, -0.2141 0.7648 0.9895, -0.2315 0.7708 0.9765, -0.2514 0.7753 0.9669, -0.2729 0.7781 0.961, -0.2953 0.779 0.959, -0.1777 0.7659 1.0257, -0.1895 0.7752 1.0058, -0.2053 0.7833 0.9883, -0.2246 0.79 0.974, -0.2466 0.795 0.9633, -0.2705 0.798 0.9568, -0.2953 0.7991 0.9546, -0.1704 0.7843 1.031, -0.1829 0.7942 1.0099, -0.1997 0.8029 0.9913, -0.2202 0.81 0.9761, -0.2436 0.8152 0.9648, -0.2689 0.8185 0.9578, -0.2953 0.8196 0.9554, -0.168 0.8032 1.0387, -0.1807 0.8133 1.0171, -0.1978 0.8221 0.9982, -0.2187 0.8294 0.9827, -0.2425 0.8348 0.9711, -0.2684 0.8381 0.964, -0.2953 0.8392 0.9616, -0.1487 0.7531 0.9133, -0.1733 0.7621 0.894, -0.0425 0.9658 0.4572, -0.2011 0.7693 0.8785, -0.2311 0.7746 0.8672, -0.4629 0.6409 1.154, -0.4798 0.6527 1.1287, -0.492 0.6654 1.1014, -0.0985 0.7181 0.9885, -0.1108 0.7308 0.9611, -0.1276 0.7426 0.9358, -0.2628 0.7779 0.8602, -0.2953 0.779 0.8579, -0.5481 0.9658 0.4572, -0.3276 0.7779 0.8602, -0.359 0.7747 0.867, -0.4412 0.7534 0.9127, -0.4622 0.743 0.935, -0.4791 0.7313 0.96, -0.4915 0.7187 0.9871, -0.4419 0.6304 1.1765, -0.4172 0.6214 1.1958, -0.3895 0.6142 1.2113, -0.3594 0.6089 1.2227, -0.2315 0.6088 1.2228, -0.263 0.6056 1.2296, -0.2953 0.6045 1.2319, -0.3277 0.6056 1.2296, -0.389 0.7695 0.8783, -0.4166 0.7623 0.8936, -0.1494 0.6301 1.1772, -0.1283 0.6405 1.1548, -0.1114 0.6522 1.1298, -0.099 0.6648 1.1027, -0.2016 0.614 1.2116, -0.174 0.6212 1.1962, -0.0915 0.6781 1.0742, -0.0889 0.6918 1.0449, -0.0912 0.7047 1.0172, -0.4991 0.7054 1.0157, -0.5016 0.6918 1.0449, -0.4994 0.6788 1.0726, -0.5481 0.9658 0.4572, -0.5481 1.055 0.4988, -0.0425 1.055 0.4988, -0.423 0.8029 1.0395, -0.4103 0.813 1.0177, -0.1676 0.7591 1.1335, -0.1803 0.7489 1.1553, -0.3932 0.8219 0.9986, -0.3722 0.8293 0.9829, -0.3483 0.8347 0.9712, -0.1974 0.74 1.1744, -0.2183 0.7327 1.1901, -0.2422 0.7272 1.2018, -0.2682 0.7239 1.209, -0.4331 0.781 1.0865, -0.4306 0.7918 1.0632, -0.3223 0.8381 0.9641, -0.1575 0.781 1.0865, -0.1599 0.7701 1.1099, -0.0417 1.0669 0.4694, -0.0416 0.974 0.4336, -0.0394 0.9843 0.374, -0.0394 1.0827 0.374, -0.0397 0.9841 0.3827, -0.0404 1.0792 0.4163, -0.0405 0.9811 0.4039, -0.0405 1.079 0.419, -0.0409 0.9793 0.4166, -0.0405 1.0787 0.4223, -0.041 0.9788 0.4198, -0.0414 1.0696 0.4583, -0.0416 1.0683 0.4638, -0.5484 0.9693 0.4493, -0.549 0.9741 0.4337, -0.549 1.068 0.4636, -0.5491 1.07 0.4583, -0.5496 0.9793 0.4165, -0.5492 1.0718 0.4533, -0.5497 0.9803 0.4134, -0.5501 1.0784 0.4189, -0.5501 0.9812 0.404, -0.5512 1.0827 0.374, -0.5512 0.9843 0.374, -0.5504 1.081 0.4057, -0.5502 1.079 0.4162, -0.6102 1.122 0.0044, -0.6102 1.0845 0.0175, -0.6102 1.051 0.0386, -0.6102 1.0229 0.0667, -0.6102 1.0018 0.1003, -0.6102 0.9887 0.1377, -0.6102 0.9843 0.1772, -0.6102 1.0827 0.1772, -0.2165 0.9843 0.1772, -0.2165 0.9887 0.1377, -0.2165 1.0018 0.1003, -0.2165 1.0229 0.0667, -0.2165 1.051 0.0386, -0.2165 1.0845 0.0175, -0.2165 1.122 0.0044, -0.7087 1.0827 0.1772, -0.7087 0.9843 0.1772, -0.7382 1.0827 0.1809, -0.7382 0.9843 0.1809, 0.2362 0.9843 1.752, 0.2362 1.0827 1.752, -0.7382 0.9843 1.752, -0.7382 1.0827 1.752, 0.2362 0.9843 1.6665, 0.2362 1.0827 1.6665, 0.2362 0.9843 1.5551, 0.2362 1.0827 1.5551, 0.2232 0.9843 1.5616, 0.2232 1.0827 1.5616, 0.2122 0.9843 1.571, 0.2122 1.0827 1.571, 0.2039 0.9843 1.5829, 0.2039 1.0827 1.5829, 0.1986 0.9843 1.5964, 0.1986 1.0827 1.5964, 0.1969 0.9843 1.6108, 0.1969 1.0827 1.6108, 0.1986 0.9843 1.6252, 0.1986 1.0827 1.6252, 0.2039 0.9843 1.6387, 0.2039 1.0827 1.6387, 0.2122 0.9843 1.6505, 0.2122 1.0827 1.6505, 0.2232 0.9843 1.66, 0.2232 1.0827 1.66, 0.2657 0.9843 1.5551, 0.2657 1.0827 1.5551, -0.3783 1.0827 1.6339, -0.2123 1.0827 1.6339, -0.3783 0.9843 1.6339, -0.2123 0.9843 1.6339, -0.4132 1.0827 1.6293, -0.4132 0.9843 1.6293, -0.4459 1.0827 1.6161, -0.4459 0.9843 1.6161, -0.4742 1.0827 1.595, -0.4742 0.9843 1.595, -0.4961 1.0827 1.5674, -0.4961 0.9843 1.5674, -0.5104 1.0827 1.5352, -0.5104 0.9843 1.5352, -0.516 1.0827 1.5004, -0.516 0.9843 1.5004, -0.5512 1.0827 0.374, -0.5512 0.9843 0.374, -0.5512 0.9843 0.374, -0.0394 0.9843 0.374, -0.5484 0.9693 0.4493, -0.041 0.9788 0.4198, -0.5497 0.9803 0.4134, -0.0397 0.9841 0.3827, -0.0746 0.9843 1.5004, -0.0394 1.0827 0.374, -0.0746 1.0827 1.5004, -0.0802 1.0827 1.5352, -0.0802 0.9843 1.5352, -0.0944 1.0827 1.5674, -0.0944 0.9843 1.5674, -0.1164 1.0827 1.595, -0.1164 0.9843 1.595, -0.1446 1.0827 1.6161, -0.1446 0.9843 1.6161, -0.1773 1.0827 1.6293, -0.1773 0.9843 1.6293, -0.2165 1.0827 0.1772, 0.2362 1.0827 1.2795, 0.2657 1.0827 1.3976, 0.2362 0.9843 1.2795, 0.2657 0.9843 1.3976, 0.1181 1.0827 0.1772, 0.1181 0.9843 0.1772, 0.2362 0.9843 0.2953, 0.2322 0.9843 0.2647, 0.1487 0.9843 0.1812, 0.1772 0.9843 0.193, 0.2016 0.9843 0.2118, 0.2204 0.9843 0.2362, 0.2362 1.0827 0.2953, 0.1487 1.0827 0.1812, 0.1772 1.0827 0.193, 0.2016 1.0827 0.2118, 0.2204 1.0827 0.2362, 0.2322 1.0827 0.2647, -0.5492 1.0718 0.4533, -0.0405 1.0787 0.4223, -0.5504 1.081 0.4057, -0.0394 1.0827 0.374, -0.5512 1.0827 0.374, -0.2658 0.5925 1.2038, -0.2692 0.5838 1.1762, -0.273 0.5798 1.1476, -0.1814 0.6211 1.0319, -0.2772 0.5806 1.1188, -0.2817 0.5861 1.0905, -0.2093 0.6167 1.0249, -0.2125 0.611 1.037, -0.2177 0.6057 1.0484, -0.2248 0.6008 1.059, -0.2337 0.5964 1.0684, -0.2441 0.5926 1.0764, -0.2558 0.5896 1.0829, -0.2684 0.5874 1.0876, -0.2362 0.6204 1.0116, -0.2596 0.5824 1.1149, -0.2429 0.5853 1.1087, -0.2275 0.5893 1.1001, -0.2137 0.5942 1.0894, -0.202 0.6001 1.077, -0.1925 0.6066 1.063, -0.1856 0.6136 1.0478, -0.2514 0.582 1.1429, -0.2308 0.5856 1.1351, -0.2117 0.5905 1.1246, -0.1948 0.5967 1.1114, -0.1803 0.6038 1.0961, -0.1687 0.6119 1.0788, -0.1601 0.6206 1.0602, -0.1549 0.6297 1.0405, -0.2438 0.5864 1.1706, -0.2196 0.5906 1.1616, -0.1973 0.5964 1.1492, -0.1774 0.6036 1.1338, -0.1605 0.612 1.1158, -0.1468 0.6214 1.0956, -0.1368 0.6316 1.0737, -0.1307 0.6424 1.0506, -0.2371 0.5954 1.1975, -0.2098 0.6002 1.1873, -0.1846 0.6067 1.1733, -0.1622 0.6148 1.1559, -0.143 0.6243 1.1356, -0.1275 0.635 1.1127, -0.1162 0.6465 1.088, -0.1093 0.6586 1.062, -0.263 0.6056 1.2296, -0.2315 0.6088 1.2228, -0.2016 0.614 1.2116, -0.174 0.6212 1.1962, -0.1494 0.6301 1.1772, -0.1283 0.6405 1.1548, -0.1114 0.6522 1.1298, -0.099 0.6648 1.1027, -0.0915 0.6781 1.0742, -0.3247 0.7498 0.8667, -0.3214 0.7232 0.8777, -0.3176 0.6989 0.8929, -0.3134 0.6773 0.9118, -0.3821 0.6283 1.0002, -0.309 0.6592 0.9339, -0.3543 0.6204 1.0116, -0.3224 0.6579 0.9369, -0.3352 0.6556 0.9416, -0.347 0.6526 0.9482, -0.3574 0.6488 0.9563, -0.3664 0.6444 0.9658, -0.3736 0.6394 0.9765, -0.3789 0.634 0.988, -0.3311 0.6755 0.9156, -0.3479 0.6726 0.9219, -0.3635 0.6686 0.9306, -0.3773 0.6636 0.9413, -0.3891 0.6577 0.9538, -0.3986 0.6512 0.9679, -0.4056 0.6441 0.9831, -0.4099 0.6366 0.9992, -0.3393 0.6967 0.8976, -0.36 0.693 0.9054, -0.3791 0.6881 0.9159, -0.3961 0.682 0.9291, -0.4106 0.6748 0.9445, -0.4223 0.6667 0.9618, -0.4309 0.658 0.9806, -0.4361 0.6488 1.0003, -0.3469 0.7207 0.8832, -0.371 0.7164 0.8923, -0.3934 0.7106 0.9047, -0.4133 0.7034 0.9201, -0.4303 0.695 0.9382, -0.444 0.6856 0.9584, -0.454 0.6754 0.9804, -0.4601 0.6646 1.0034, -0.3535 0.7469 0.873, -0.3808 0.7421 0.8832, -0.406 0.7356 0.8972, -0.4285 0.7275 0.9146, -0.4477 0.718 0.935, -0.4631 0.7073 0.9578, -0.4744 0.6958 0.9826, -0.4813 0.6836 1.0086, -0.3276 0.7779 0.8602, -0.359 0.7747 0.867, -0.389 0.7695 0.8783, -0.4166 0.7623 0.8936, -0.4412 0.7534 0.9127, -0.4622 0.743 0.935, -0.4791 0.7313 0.96, -0.4915 0.7187 0.9871, -0.4991 0.7054 1.0157, -0.2953 0.6846 1.1068, -0.2804 0.6798 1.1215, -0.1677 0.7396 1.094, -0.177 0.7267 1.0861, -0.1894 0.7164 1.0787, -0.2042 0.7091 1.0722, -0.2207 0.7053 1.0669, -0.2249 0.6992 1.0799, -0.2319 0.6936 1.0919, -0.2413 0.6887 1.1025, -0.2529 0.6846 1.1111, -0.266 0.6816 1.1175, -0.2771 0.678 1.1389, -0.2596 0.6803 1.134, -0.2435 0.6839 1.1262, -0.2294 0.6889 1.1156, -0.2179 0.6949 1.1027, -0.2093 0.7017 1.0881, -0.2741 0.6802 1.1562, -0.2538 0.6829 1.1506, -0.2351 0.6871 1.1414, -0.2187 0.6929 1.1292, -0.2053 0.6998 1.1142, -0.1954 0.7078 1.0971, -0.2716 0.6863 1.1727, -0.2489 0.6893 1.1664, -0.228 0.694 1.1562, -0.2097 0.7004 1.1425, -0.1948 0.7082 1.1258, -0.1837 0.7171 1.1067, -0.2698 0.696 1.1874, -0.2453 0.6991 1.1807, -0.2227 0.7043 1.1697, -0.203 0.7112 1.1549, -0.1868 0.7196 1.1368, -0.1749 0.7292 1.1163, -0.2686 0.7087 1.1997, -0.243 0.712 1.1927, -0.2194 0.7174 1.1812, -0.1988 0.7246 1.1657, -0.1819 0.7334 1.1468, -0.1694 0.7434 1.1254, -0.1619 0.7543 1.1021, -0.428 0.7732 1.055, -0.4203 0.7553 1.0483, -0.408 0.7396 1.0435, -0.392 0.7269 1.041, -0.3733 0.7183 1.0409, -0.3109 0.7449 0.9838, -0.3258 0.743 0.9879, -0.3396 0.7399 0.9947, -0.3517 0.7357 1.0037, -0.3616 0.7305 1.0147, -0.3689 0.7247 1.0273, -0.3146 0.7599 0.9702, -0.3332 0.7575 0.9754, -0.3502 0.7537 0.9837, -0.3652 0.7484 0.9949, -0.3774 0.7421 1.0086, -0.3865 0.7348 1.0241, -0.3178 0.778 0.961, -0.3394 0.7753 0.967, -0.3594 0.7707 0.9767, -0.3768 0.7646 0.9898, -0.391 0.7572 1.0057, -0.4016 0.7487 1.0239, -0.3202 0.798 0.9568, -0.3442 0.7949 0.9634, -0.3663 0.7899 0.9742, -0.3857 0.7831 0.9887, -0.4015 0.7749 1.0064, -0.4132 0.7655 1.0265, -0.3218 0.8185 0.9578, -0.3473 0.8152 0.9649, -0.3707 0.8099 0.9763, -0.3913 0.8027 0.9917, -0.4081 0.7939 1.0105, -0.4205 0.784 1.0318, 1.4864 -0.9121 1.0827, 1.469 -0.9093 0.8051, 1.469 -0.9093 1.0847, 1.4524 -0.9067 0.7991, 1.4524 -0.9067 1.0906, 1.7392 -0.9521 1.0827, 1.7392 -0.9521 0.8071, 1.4864 -0.9121 0.8071, 1.8 -0.9618 0.8367, 1.8093 -0.9632 0.8517, 1.815 -0.9642 0.8683, 1.7877 -0.9598 0.8243, 1.7729 -0.9575 0.8149, 1.7565 -0.9549 0.8091, 1.8 -0.9618 1.053, 1.7565 -0.9549 1.0807, 1.7877 -0.9598 1.0655, 1.7729 -0.9575 1.0749, 1.8093 -0.9632 1.0381, 1.815 -0.9642 1.0215, 1.817 -0.9645 1.0039, 1.817 -0.9645 0.8858, 1.437 -1.0039 1.0921, 1.437 -1.0039 1.0919, 1.4372 -1.0014 1.0919, 1.4447 -0.9553 1.0906, 1.4409 -0.9549 1.0919, 1.4399 -0.9673 1.0919, 1.4428 -0.9676 1.0906, 1.4389 -0.9797 1.0919, 1.4408 -0.9799 1.0906, 1.4384 -0.9859 1.0919, 1.4398 -0.9861 1.0906, 1.438 -0.9921 1.0919, 1.4389 -0.9922 1.0906, 1.4377 -0.9952 1.0919, 1.4384 -0.9953 1.0906, 1.4375 -0.9983 1.0919, 1.4379 -0.9984 1.0906, 1.4374 -1.0014 1.0906, 1.437 -1.0039 1.0906, 1.437 -1.0014 1.0932, 1.437 -1.0039 1.0932, 1.4448 -0.9058 1.0919, 1.4447 -0.9058 1.0919, 1.437 -0.9983 1.0932, 1.437 -0.9952 1.0932, 1.437 -0.9921 1.0932, 1.437 -0.9859 1.0932, 1.437 -0.9796 1.0932, 1.437 -0.9672 1.0932, 1.437 -0.9547 1.0932, 1.437 -0.9055 1.0932, 1.437 -1.0039 0.7971, 1.437 -1.0039 0.7965, 1.437 -1.0014 0.7965, 1.4447 -0.9058 0.7979, 1.4448 -0.9058 0.7979, 1.4409 -0.9549 0.7979, 1.437 -0.9547 0.7965, 1.437 -0.9055 0.7965, 1.437 -1.0039 0.7975, 1.437 -1.0039 0.7973, 1.4372 -1.0014 0.7979, 1.437 -1.0039 0.7978, 1.4399 -0.9673 0.7979, 1.437 -0.9672 0.7965, 1.4389 -0.9797 0.7979, 1.437 -0.9796 0.7965, 1.4384 -0.9859 0.7979, 1.437 -0.9859 0.7965, 1.438 -0.9921 0.7979, 1.437 -0.9921 0.7965, 1.4377 -0.9952 0.7979, 1.437 -0.9952 0.7965, 1.4375 -0.9983 0.7979, 1.437 -0.9983 0.7965, 1.4374 -1.0014 0.7991, 1.437 -1.0039 0.7991, 1.437 -1.0039 0.7979, 1.4447 -0.9553 0.7991, 1.4428 -0.9676 0.7991, 1.4408 -0.9799 0.7991, 1.4398 -0.9861 0.7991, 1.4389 -0.9922 0.7991, 1.4384 -0.9953 0.7991, 1.4379 -0.9984 0.7991, 1.4447 -0.9058 1.0919, 1.4447 -0.9058 0.7979, 1.4256 -0.9055 1.1013, 1.4256 -1.0039 1.1013, 1.3976 -0.9055 1.1614, 1.3976 -1.0039 1.1614, 1.3989 -0.9055 1.1475, 1.3989 -1.0039 1.1475, 1.4041 -0.9055 1.1301, 1.4041 -1.0039 1.1301, 1.4132 -0.9055 1.1145, 1.4132 -1.0039 1.1145, 1.3976 -0.9055 1.2008, 1.3976 -1.0039 1.2008, 1.4764 -0.9055 1.2795, 1.4764 -1.0039 1.2795, 1.456 -0.9055 1.2768, 1.456 -1.0039 1.2768, 1.437 -0.9055 1.269, 1.437 -1.0039 1.269, 1.4207 -0.9055 1.2565, 1.4207 -1.0039 1.2565, 1.4082 -0.9055 1.2402, 1.4082 -1.0039 1.2402, 1.4003 -0.9055 1.2212, 1.4003 -1.0039 1.2212, 1.9094 -1.0039 1.2795, 1.9094 -0.9055 1.2795, 1.9882 -0.9055 1.2008, 1.9882 -1.0039 1.2008, 1.9855 -0.9055 1.2212, 1.9855 -1.0039 1.2212, 1.9776 -0.9055 1.2402, 1.9776 -1.0039 1.2402, 1.9651 -0.9055 1.2565, 1.9651 -1.0039 1.2565, 1.9488 -0.9055 1.269, 1.9488 -1.0039 1.269, 1.9298 -0.9055 1.2768, 1.9298 -1.0039 1.2768, 1.9882 -0.9055 0.689, 1.9882 -1.0039 0.689, 1.9094 -0.9055 0.6102, 1.9094 -1.0039 0.6102, 1.9298 -0.9055 0.6129, 1.9298 -1.0039 0.6129, 1.9488 -0.9055 0.6208, 1.9488 -1.0039 0.6208, 1.9651 -0.9055 0.6333, 1.9651 -1.0039 0.6333, 1.9776 -0.9055 0.6496, 1.9776 -1.0039 0.6496, 1.9855 -0.9055 0.6686, 1.9855 -1.0039 0.6686, 1.4764 -0.9055 0.6102, 1.4764 -1.0039 0.6102, 1.3976 -0.9055 0.689, 1.3976 -1.0039 0.689, 1.4003 -0.9055 0.6686, 1.4003 -1.0039 0.6686, 1.4082 -0.9055 0.6496, 1.4082 -1.0039 0.6496, 1.4207 -0.9055 0.6333, 1.4207 -1.0039 0.6333, 1.437 -0.9055 0.6208, 1.437 -1.0039 0.6208, 1.456 -0.9055 0.6129, 1.456 -1.0039 0.6129, 1.3976 -0.9055 0.7283, 1.3976 -1.0039 0.7283, 1.4256 -1.0039 0.7885, 1.4256 -0.9055 0.7885, 1.4132 -0.9055 0.7753, 1.4132 -1.0039 0.7753, 1.4041 -0.9055 0.7596, 1.4041 -1.0039 0.7596, 1.3989 -0.9055 0.7423, 1.3989 -1.0039 0.7423, 1.3976 -0.9055 0.2953, 2.1457 -0.9055 0.2953, 1.3976 -1.0039 0.2953, 2.1457 -1.0039 0.2953, 2.166 -0.9055 0.298, 2.166 -1.0039 0.298, 2.185 -0.9055 0.3058, 2.185 -1.0039 0.3058, 2.2013 -0.9055 0.3183, 2.2013 -1.0039 0.3183, 2.2139 -0.9055 0.3346, 2.2139 -1.0039 0.3346, 2.2217 -0.9055 0.3536, 2.2217 -1.0039 0.3536, 2.2244 -0.9055 0.374, 2.2244 -1.0039 0.374, 0.3346 -0.9055 0.2953, 0.4331 -0.9055 0.2756, 0.3346 -1.0039 0.2953, 0.4331 -1.0039 0.2756, 0.6102 -1.0039 0.2953, 0.6102 -1.0039 0.2756, 0.6102 -0.9055 0.2953, 0.6102 -0.9055 0.2756, 1.0039 -1.0039 0.2953, 1.0039 -0.9055 0.2953, 2.2244 -1.0039 1.3779, 2.2244 -0.9055 1.3779, -0.0591 -0.9055 0.2953, -0.0591 -1.0039 0.2953, -0.1378 -1.0039 0.374, -0.1378 -0.9055 0.374, -0.1351 -0.9055 0.3536, -0.1351 -1.0039 0.3536, -0.1272 -0.9055 0.3346, -0.1272 -1.0039 0.3346, -0.1147 -0.9055 0.3183, -0.1147 -1.0039 0.3183, -0.0984 -0.9055 0.3058, -0.0984 -1.0039 0.3058, -0.0794 -0.9055 0.298, -0.0794 -1.0039 0.298, -0.1378 -1.0039 1.3779, -0.1378 -0.9055 1.3779, -0.1378 -1.0039 1.2389, -0.1378 -0.9055 1.2389, -0.1378 -0.9055 0.5328, -0.1378 -1.0039 0.5328, -0.2756 -1.0039 1.1962, -0.1759 -1.0039 1.1995, -0.2756 -0.9055 1.1962, -0.1759 -0.9055 1.1995, -0.2786 -0.8272 1.189, -0.2857 -0.8283 0.5822, -0.2835 -0.8276 0.5824, -0.2756 -0.8268 1.1888, -0.2787 -0.8271 0.5827, -0.2756 -0.8268 0.5829, -0.2853 -0.828 1.1894, -0.2858 -0.8282 1.1894, -0.2858 -0.8284 0.5822, -0.2928 -0.8309 1.1899, -0.2951 -0.8323 0.5816, -0.2859 -0.8282 1.1894, -0.2928 -0.8308 0.5818, -0.2926 -0.8306 0.5818, -0.3023 -0.8373 1.1905, -0.3026 -0.8375 1.1906, -0.2989 -0.8347 0.5814, -0.3008 -0.8359 0.5812, -0.2945 -0.8316 1.19, -0.2952 -0.8321 1.19, -0.2989 -0.8348 1.1903, -0.3096 -0.8465 0.5804, -0.307 -0.8429 0.5807, -0.3059 -0.8411 1.1909, -0.3043 -0.8392 0.5809, -0.3034 -0.8383 1.1906, -0.3034 -0.8383 0.581, -0.3023 -0.8373 0.5811, -0.3136 -0.856 0.5798, -0.311 -0.8491 1.1914, -0.3111 -0.8492 1.1914, -0.3095 -0.8466 1.1913, -0.3136 -0.856 0.5798, -0.3109 -0.8491 0.5802, -0.3071 -0.8429 1.191, -0.3101 -0.8472 0.5803, -0.3134 -0.856 1.1919, -0.3142 -0.8584 1.192, -0.3146 -0.8631 0.5793, -0.315 -0.8661 0.5792, -0.3134 -0.856 1.1919, -0.3137 -0.8565 0.5797, -0.315 -0.8661 1.1925, -0.3144 -0.8702 1.1927, -0.3142 -0.8739 0.5787, -0.3134 -0.8763 0.5785, -0.3147 -0.8631 1.1923, -0.3145 -0.8703 0.5789, -0.3137 -0.8758 1.1931, -0.3136 -0.8763 1.1931, -0.313 -0.8774 0.5785, -0.3104 -0.8843 1.1936, -0.3095 -0.8857 0.5779, -0.3131 -0.8774 1.1932, -0.3104 -0.8842 0.578, -0.3111 -0.8831 0.5781, -0.3101 -0.8851 1.1937, -0.3096 -0.8858 1.1937, -0.3065 -0.8904 0.5776, -0.3059 -0.8912 0.5775, -0.2952 -0.9002 0.5767, -0.2963 -0.8994 0.5768, -0.2951 -0.9 1.195, -0.3015 -0.8956 0.5772, -0.2962 -0.8993 1.1949, -0.3063 -0.8903 1.1941, -0.3043 -0.8931 1.1943, -0.3034 -0.8939 0.5773, -0.3034 -0.8939 1.1943, -0.3026 -0.8948 0.5772, -0.3015 -0.8957 1.1945, -0.3008 -0.8964 1.1946, -0.2945 -0.9006 0.5766, -0.2926 -0.9016 1.1951, -0.2897 -0.9026 0.5763, -0.2897 -0.9026 1.1953, -0.2857 -0.904 1.1956, -0.2756 -0.9055 0.5755, -0.2828 -0.9048 1.1958, -0.2828 -0.9046 0.5759, -0.2835 -0.9047 1.1957, -0.2853 -0.9043 0.576, -0.2858 -0.9041 0.5761, -0.1759 -0.9055 0.5721, -0.2756 -1.0039 0.5755, -0.1759 -1.0039 0.5721, -0.1391 -0.9055 0.5428, -0.1391 -1.0039 0.5428, -0.1429 -0.9055 0.5521, -0.1429 -1.0039 0.5521, -0.1489 -0.9055 0.5602, -0.1489 -1.0039 0.5602, -0.1567 -0.9055 0.5664, -0.1567 -1.0039 0.5664, -0.1659 -0.9055 0.5705, -0.1659 -1.0039 0.5705, -0.1659 -0.9055 1.2011, -0.1659 -1.0039 1.2011, -0.1567 -0.9055 1.2052, -0.1567 -1.0039 1.2052, -0.1489 -0.9055 1.2115, -0.1489 -1.0039 1.2115, -0.1429 -0.9055 1.2196, -0.1429 -1.0039 1.2196, -0.1391 -0.9055 1.2289, -0.1391 -1.0039 1.2289, -0.2853 -0.828 1.1894, -0.2863 -0.7297 1.189, -0.2756 -0.7283 1.1888, -0.2945 -0.8316 1.19, -0.3357 -0.7428 1.1899, -0.3116 -0.7334 1.1894, -0.3112 -0.7333 1.1894, -0.3094 -0.7326 1.1894, -0.3026 -0.8375 1.1906, -0.3692 -0.765 1.1905, -0.357 -0.7563 1.1903, -0.3443 -0.7471 1.19, -0.3413 -0.745 1.19, -0.3728 -0.7689 1.1906, -0.3828 -0.7795 1.1909, -0.3859 -0.7846 1.191, -0.3941 -0.7978 1.1913, -0.3995 -0.8064 1.1914, -0.3111 -0.8492 1.1914, -0.4007 -0.8083 1.1915, -0.4078 -0.8307 1.1919, -0.4078 -0.8308 1.1919, -0.411 -0.8408 1.1921, -0.4124 -0.8554 1.1923, -0.4134 -0.8661 1.1925, -0.4116 -0.8805 1.1927, -0.3137 -0.8758 1.1931, -0.3101 -0.8851 1.1937, -0.3976 -0.9297 1.1936, -0.4069 -0.9056 1.1932, -0.4085 -0.9017 1.1931, -0.4092 -0.8999 1.1931, -0.3967 -0.9319 1.1937, -0.3946 -0.9348 1.1937, -0.3833 -0.9506 1.1941, -0.3043 -0.8931 1.1943, -0.3767 -0.9598 1.1942, -0.3728 -0.9634 1.1943, -0.3662 -0.9695 1.1945, -0.3622 -0.9733 1.1946, -0.3478 -0.9822 1.1949, -0.344 -0.9846 1.195, -0.2926 -0.9016 1.1951, -0.3334 -0.9912 1.1952, -0.3251 -0.9939 1.1953, -0.311 -0.9984 1.1956, -0.2835 -0.9047 1.1957, -0.3009 -1.0016 1.1958, -0.3008 -1.0016 1.1958, -0.2756 -0.7283 0.5829, -0.2863 -0.7293 0.5827, -0.3009 -0.7307 0.5824, -0.2835 -0.8276 0.5824, -0.311 -0.7339 0.5822, -0.3114 -0.7341 0.5822, -0.3334 -0.7411 0.5818, -0.2926 -0.8306 0.5818, -0.3357 -0.7425 0.5818, -0.344 -0.7476 0.5816, -0.3573 -0.7559 0.5814, -0.3622 -0.759 0.5813, -0.3008 -0.8359 0.5812, -0.369 -0.7653 0.5811, -0.3728 -0.7689 0.581, -0.3043 -0.8392 0.5809, -0.3767 -0.7725 0.5809, -0.3856 -0.7849 0.5807, -0.3946 -0.7975 0.5804, -0.3101 -0.8472 0.5803, -0.3967 -0.8004 0.5803, -0.3991 -0.8065 0.5802, -0.4085 -0.8305 0.5798, -0.4085 -0.8306 0.5798, -0.3137 -0.8565 0.5797, -0.4092 -0.8323 0.5797, -0.4121 -0.8555 0.5793, -0.4134 -0.8661 0.5792, -0.412 -0.8806 0.5789, -0.411 -0.8914 0.5787, -0.3142 -0.8739 0.5787, -0.4078 -0.9015 0.5785, -0.4065 -0.9055 0.5785, -0.4007 -0.9239 0.5781, -0.3111 -0.8831 0.5781, -0.3973 -0.9294 0.578, -0.3941 -0.9345 0.5779, -0.3839 -0.951 0.5776, -0.3828 -0.9527 0.5776, -0.3728 -0.9634 0.5773, -0.3692 -0.9673 0.5772, -0.3026 -0.8948 0.5772, -0.3662 -0.9694 0.5772, -0.3479 -0.9825 0.5768, -0.3443 -0.9851 0.5767, -0.2945 -0.9006 0.5766, -0.3413 -0.9872 0.5766, -0.3249 -0.9937 0.5763, -0.3112 -0.999 0.5761, -0.2853 -0.9043 0.576, -0.3094 -0.9997 0.576, -0.3007 -1.0008 0.5759, -0.3009 -0.7307 0.5824, -0.3334 -0.7411 0.5818, -0.3413 -0.745 1.19, -0.3622 -0.759 0.5813, -0.3828 -0.7795 1.1909, -0.3967 -0.8004 0.5803, -0.4007 -0.8083 1.1915, -0.411 -0.8408 1.1921, -0.411 -0.8914 0.5787, -0.3967 -0.9319 1.1937, -0.4007 -0.9239 0.5781, -0.3828 -0.9527 0.5776, -0.3622 -0.9733 1.1946, -0.3009 -1.0016 1.1958, -0.3334 -0.9912 1.1952, -0.3413 -0.9872 0.5766, 1.2008 -1.4567 -0.0, 1.2841 -1.6566 -0.0, 1.2008 -1.4567 0.0984, 1.2841 -1.6566 0.0984, 1.1175 -1.6566 0.0984, 1.1175 -1.6566 -0.0, 1.1102 -1.6693 0.0984, 1.1102 -1.6693 -0.0, 1.1 -1.6799 0.0984, 1.1 -1.6799 -0.0, 1.0874 -1.6876 0.0984, 1.0874 -1.6876 -0.0, 1.0734 -1.692 0.0984, 1.0734 -1.692 -0.0, 1.0587 -1.6928 0.0984, 1.0587 -1.6928 -0.0, 1.0443 -1.6899 0.0984, 1.0443 -1.6899 -0.0, 1.031 -1.6835 0.0984, 1.031 -1.6835 -0.0, 1.0197 -1.6741 0.0984, 1.0197 -1.6741 -0.0, 1.0112 -1.6621 0.0984, 1.0112 -1.6621 -0.0, 1.0058 -1.6485 0.0984, 1.0058 -1.6485 -0.0, 1.0039 -1.6339 0.0984, 1.0039 -1.6339 -0.0, 1.0039 -1.0827 -0.0, 1.3976 -1.0827 -0.0, 1.3976 -1.6339 -0.0, 1.2914 -1.6693 -0.0, 1.3016 -1.6799 -0.0, 1.3958 -1.6485 -0.0, 1.3904 -1.6621 -0.0, 1.3818 -1.6741 -0.0, 1.3141 -1.6876 -0.0, 1.3282 -1.692 -0.0, 1.3429 -1.6928 -0.0, 1.3705 -1.6835 -0.0, 1.3573 -1.6899 -0.0, 1.3976 -1.6339 0.0984, 1.3958 -1.6485 0.0984, 1.3904 -1.6621 0.0984, 1.3818 -1.6741 0.0984, 1.3705 -1.6835 0.0984, 1.3573 -1.6899 0.0984, 1.3429 -1.6928 0.0984, 1.3282 -1.692 0.0984, 1.3141 -1.6876 0.0984, 1.3016 -1.6799 0.0984, 1.2914 -1.6693 0.0984, 1.3976 -1.0827 0.0984, 1.0039 -1.0827 0.0984, 1.3976 -1.0039 0.1772, 1.0039 -1.0039 0.1772, 1.3976 -1.0066 0.1568, 1.0039 -1.0066 0.1568, 1.3976 -1.0145 0.1378, 1.0039 -1.0145 0.1378, 1.3976 -1.027 0.1215, 1.0039 -1.027 0.1215, 1.3976 -1.0433 0.109, 1.0039 -1.0433 0.109, 1.3976 -1.0623 0.1011, 1.0039 -1.0623 0.1011, 1.0039 -1.0368 0.006, 1.3976 -1.0368 0.006, 1.0039 -0.9941 0.0237, 1.3976 -0.9941 0.0237, 1.0039 -0.9574 0.0519, 1.3976 -0.9574 0.0519, 1.0039 -0.9292 0.0886, 1.3976 -0.9292 0.0886, 1.0039 -0.9115 0.1313, 1.3976 -0.9115 0.1313, 1.0039 -0.9055 0.1772, 1.3976 -0.9055 0.1772, 1.437 -1.0039 0.7971, 1.437 -1.0039 0.7973, 1.437 -1.0039 0.7975, 1.437 -1.0039 1.0921, 1.437 -1.0039 0.7978, 1.4536 -1.0066 1.0847, 1.471 -1.0093 1.0827, 1.7238 -1.0494 1.0827, 1.8016 -1.0617 1.0039, 1.7996 -1.0614 1.0215, 1.7939 -1.0605 1.0381, 1.7846 -1.059 1.053, 1.7723 -1.057 1.0655, 1.7575 -1.0547 1.0749, 1.7411 -1.0521 1.0807, 1.8016 -1.0617 0.8858, 1.7238 -1.0494 0.8071, 1.7411 -1.0521 0.8091, 1.7575 -1.0547 0.8149, 1.7723 -1.057 0.8243, 1.7846 -1.059 0.8367, 1.7939 -1.0605 0.8517, 1.7996 -1.0614 0.8683, 1.471 -1.0093 0.8071, 1.4536 -1.0066 0.8051, 1.3276 -0.3657 1.1345, 1.3379 -0.3704 1.1343, 1.3389 -0.3695 0.6374, 1.3574 -0.3793 1.1339, 1.3663 -0.3862 0.638, 1.3661 -0.3862 1.1336, 1.3669 -0.3866 0.638, 1.3667 -0.3867 1.1336, 1.3747 -0.3913 0.6382, 1.3917 -0.4066 1.1329, 1.3908 -0.4076 0.6387, 1.3918 -0.4066 1.1329, 1.3996 -0.4165 0.639, 1.3993 -0.4166 1.1327, 1.4055 -0.4224 0.6391, 1.4118 -0.433 1.1323, 1.4117 -0.433 0.6394, 1.4183 -0.4415 1.132, 1.4239 -0.4537 0.6399, 1.4235 -0.4537 1.1318, 1.4278 -0.4603 0.64, 1.427 -0.4618 1.1316, 1.4281 -0.4613 0.6401, 1.4354 -0.4817 1.1311, 1.4354 -0.4817 0.6405, 1.3384 -0.3693 0.6373, 1.3276 -0.3659 0.6371, 1.3193 -0.3619 1.1347, 1.307 -0.3594 0.6367, 1.3071 -0.3596 1.135, 1.2971 -0.3563 0.6364, 1.2845 -0.3553 1.1355, 1.2846 -0.3556 0.6362, 1.2763 -0.3537 1.1356, 1.2746 -0.3538 1.1357, 1.2745 -0.355 0.636, 1.2417 -0.3558 1.1364, 1.2532 -0.3538 0.6355, 1.2419 -0.356 0.6353, 1.2401 -0.356 1.1364, 1.2403 -0.3563 0.6353, 1.2325 -0.3564 1.1365, 1.2104 -0.362 0.6346, 1.2104 -0.362 1.137, 0.3364 -0.646 0.8366, 0.3401 -0.6572 0.8366, 0.3468 -0.6426 0.8378, 0.3505 -0.6539 0.8378, 0.3567 -0.6394 0.8415, 0.3604 -0.6506 0.8415, 0.3656 -0.6365 0.8473, 0.3693 -0.6478 0.8473, 0.373 -0.6341 0.8551, 0.3767 -0.6454 0.8551, 0.3786 -0.6323 0.8645, 0.3823 -0.6435 0.8645, 0.3821 -0.6312 0.8749, 0.3857 -0.6424 0.8749, 0.3832 -0.6308 0.8858, 0.3869 -0.642 0.8858, 1.3408 -0.5088 0.6405, 1.3371 -0.5 0.6401, 1.2838 -0.4545 0.6367, 1.2737 -0.4527 0.6362, 1.2891 -0.4555 0.6369, 1.2929 -0.4573 0.6371, 1.2975 -0.4594 0.6373, 1.3062 -0.4634 0.6378, 1.31 -0.4664 0.638, 1.3103 -0.4666 0.638, 1.3214 -0.4755 0.6387, 1.3214 -0.4755 0.6387, 1.3248 -0.4799 0.639, 1.3303 -0.4872 0.6394, 1.3332 -0.491 0.6396, 1.3355 -0.4964 0.6399, 1.2408 -0.4557 0.6346, 1.2505 -0.4532 0.6351, 1.254 -0.453 0.6353, 1.2547 -0.4529 0.6353, 1.2694 -0.452 0.636, 1.2699 -0.4519 0.636, 1.3408 -0.5088 1.1311, 1.3103 -0.4666 1.1336, 1.3139 -0.4687 1.1334, 1.321 -0.4759 1.1329, 1.3249 -0.4799 1.1327, 1.3276 -0.4826 1.1325, 1.3303 -0.4872 1.1323, 1.3357 -0.4964 1.1318, 1.3375 -0.4994 1.1316, 1.3376 -0.4998 1.1316, 1.3101 -0.4664 1.1336, 1.2979 -0.4589 1.1343, 1.2977 -0.4589 1.1343, 1.2929 -0.4574 1.1345, 1.2838 -0.4545 1.135, 1.2793 -0.4531 1.1352, 1.2738 -0.4528 1.1355, 1.2693 -0.4525 1.1357, 1.2598 -0.452 1.1361, 1.2548 -0.4529 1.1363, 1.2541 -0.4531 1.1364, 1.2408 -0.4557 1.137, 0.3834 -0.6512 0.8858, 0.3837 -0.6511 0.8858, 0.3827 -0.6514 0.8762, 0.3612 -0.6545 0.8424, 0.3515 -0.6577 0.8389, 0.3517 -0.6593 0.8401, 0.3872 -0.6438 0.8858, 0.3861 -0.6444 0.8749, 0.3873 -0.6441 0.8858, 0.3511 -0.6558 0.8381, 0.3609 -0.6526 0.8417, 0.3697 -0.6497 0.8476, 0.3406 -0.6589 0.8368, 0.3407 -0.6592 0.8369, 0.3871 -0.6461 0.8858, 0.386 -0.6465 0.8751, 0.3826 -0.6476 0.8649, 0.3411 -0.6605 0.8374, 0.3864 -0.648 0.8858, 0.3853 -0.6484 0.8754, 0.382 -0.6495 0.8655, 0.3767 -0.6512 0.8566, 0.3853 -0.6497 0.8858, 0.3842 -0.6501 0.8757, 0.381 -0.6511 0.8662, 0.3759 -0.6528 0.8576, 0.369 -0.655 0.8504, 0.3827 -0.6456 0.8646, 0.3771 -0.6474 0.8553, 0.3771 -0.6493 0.8558, 0.3699 -0.6517 0.8482, 0.3696 -0.6535 0.8491, 0.3612 -0.6562 0.8436, 0.3609 -0.6577 0.845, 0.3518 -0.6606 0.8417, 0.3516 -0.6615 0.8435, 0.3413 -0.661 0.8377, 0.3416 -0.6619 0.8384, 0.3418 -0.6625 0.8389, 0.342 -0.663 0.8396, 0.3796 -0.6524 0.867, 0.3747 -0.654 0.8588, 0.3682 -0.6561 0.8519, 0.3603 -0.6587 0.8467, 0.3818 -0.652 0.8858, 0.3808 -0.6523 0.8766, 0.3779 -0.6532 0.8679, 0.3733 -0.6547 0.86, 0.367 -0.6568 0.8535, 0.3596 -0.6592 0.8486, 0.3513 -0.6619 0.8455, 0.3422 -0.6637 0.8405, 0.3423 -0.6639 0.8411, 0.3424 -0.6645 0.8424, 0.3424 -0.6645 0.8427, 0.3425 -0.6647 0.8445, 1.4897 -0.6709 1.1246, 1.4897 -0.6709 0.6471, 2.0894 -0.728 0.7454, 2.0894 -0.8264 0.7454, 2.0868 -0.8264 0.7255, 2.0868 -0.728 0.7255, 2.0793 -0.8264 0.7068, 2.0793 -0.728 0.7068, 2.0672 -0.8264 0.6907, 2.0672 -0.728 0.6907, 2.0515 -0.8264 0.6781, 2.0515 -0.728 0.6781, 2.0331 -0.8264 0.67, 2.0331 -0.728 0.67, 2.0133 -0.8264 0.6667, 2.0133 -0.728 0.6667, 2.0894 -0.8264 1.0262, 2.0894 -0.728 1.0262, 2.0133 -0.728 1.1049, 2.0133 -0.8264 1.1049, 2.0331 -0.8264 1.1017, 2.0331 -0.728 1.1017, 2.0515 -0.8264 1.0935, 2.0515 -0.728 1.0935, 2.0672 -0.8264 1.0809, 2.0672 -0.728 1.0809, 2.0793 -0.8264 1.0648, 2.0793 -0.728 1.0648, 2.0868 -0.8264 1.0462, 2.0868 -0.728 1.0462, 1.5654 -0.8264 1.1198, 1.5654 -0.8264 0.6518, 1.5654 -0.728 1.1198, 1.5654 -0.728 0.6518, 1.8504 -0.728 0.9824, 1.7126 -0.728 0.9824, 1.7126 -0.728 0.9055, 1.9247 -0.728 0.9254, 1.917 -0.728 0.944, 1.917 -0.728 0.8277, 1.9247 -0.728 0.8462, 1.9273 -0.728 0.8661, 1.9273 -0.728 0.9055, 1.9048 -0.728 0.9599, 1.8889 -0.728 0.9721, 1.8703 -0.728 0.9798, 1.9048 -0.728 0.8117, 1.8889 -0.728 0.7995, 1.8703 -0.728 0.7918, 1.7126 -0.728 0.8661, 1.7126 -0.728 0.7892, 1.8504 -0.728 0.7892, 1.8504 -0.6955 1.0229, 1.7126 -0.6955 1.0229, 1.7126 -0.7134 1.004, 1.8504 -0.7134 1.004, 1.9489 -0.7134 0.9055, 1.9455 -0.7134 0.931, 1.9678 -0.6955 0.9055, 1.9638 -0.6955 0.9359, 1.952 -0.6955 0.9642, 1.9357 -0.7134 0.9548, 1.9334 -0.6955 0.9885, 1.92 -0.7134 0.9752, 1.9091 -0.6955 1.0072, 1.8996 -0.7134 0.9908, 1.8808 -0.6955 1.0189, 1.8759 -0.7134 1.0006, 1.8504 -0.689 1.0376, 1.7126 -0.689 1.0376, 1.8504 -0.6894 1.0334, 1.7126 -0.6894 1.0334, 1.8504 -0.6907 1.0295, 1.7126 -0.6907 1.0295, 1.8504 -0.6928 1.0259, 1.7126 -0.6928 1.0259, 1.9678 -0.6955 0.8661, 1.9489 -0.7134 0.8661, 1.9708 -0.6928 0.9055, 1.9667 -0.6928 0.9367, 1.9547 -0.6928 0.9657, 1.9356 -0.6928 0.9907, 1.9106 -0.6928 1.0098, 1.8816 -0.6928 1.0218, 1.9744 -0.6907 0.9055, 1.9702 -0.6907 0.9376, 1.9578 -0.6907 0.9675, 1.9381 -0.6907 0.9932, 1.9124 -0.6907 1.0129, 1.8825 -0.6907 1.0253, 1.9783 -0.6894 0.9055, 1.974 -0.6894 0.9386, 1.9612 -0.6894 0.9695, 1.9409 -0.6894 0.996, 1.9144 -0.6894 1.0163, 1.8835 -0.6894 1.0291, 1.9824 -0.689 0.9055, 1.9779 -0.689 0.9397, 1.9648 -0.689 0.9715, 1.9438 -0.689 0.9989, 1.9164 -0.689 1.0199, 1.8846 -0.689 1.0331, 1.8504 -0.7134 0.7676, 1.8759 -0.7134 0.771, 1.8504 -0.6955 0.7488, 1.8808 -0.6955 0.7528, 1.9091 -0.6955 0.7645, 1.8996 -0.7134 0.7808, 1.9334 -0.6955 0.7831, 1.92 -0.7134 0.7965, 1.952 -0.6955 0.8074, 1.9357 -0.7134 0.8169, 1.9638 -0.6955 0.8358, 1.9455 -0.7134 0.8406, 1.9824 -0.689 0.8661, 1.9783 -0.6894 0.8661, 1.9744 -0.6907 0.8661, 1.9708 -0.6928 0.8661, 1.7126 -0.6955 0.7488, 1.7126 -0.7134 0.7676, 1.8504 -0.6928 0.7457, 1.8816 -0.6928 0.7498, 1.9106 -0.6928 0.7618, 1.9356 -0.6928 0.781, 1.9547 -0.6928 0.8059, 1.9667 -0.6928 0.835, 1.8504 -0.6907 0.7421, 1.8825 -0.6907 0.7463, 1.9124 -0.6907 0.7587, 1.9381 -0.6907 0.7784, 1.9578 -0.6907 0.8041, 1.9702 -0.6907 0.834, 1.8504 -0.6894 0.7382, 1.8835 -0.6894 0.7426, 1.9144 -0.6894 0.7553, 1.9409 -0.6894 0.7757, 1.9612 -0.6894 0.8022, 1.974 -0.6894 0.833, 1.8504 -0.689 0.7341, 1.8846 -0.689 0.7386, 1.9164 -0.689 0.7518, 1.9438 -0.689 0.7728, 1.9648 -0.689 0.8001, 1.9779 -0.689 0.832, 1.7126 -0.689 0.7341, 1.7126 -0.6894 0.7382, 1.7126 -0.6907 0.7421, 1.7126 -0.6928 0.7457, 1.5352 -0.8226 0.6512, 1.5541 -0.826 1.1201, 1.5352 -0.8226 1.1205, 1.5334 -0.8224 0.6512, 1.5335 -0.8222 1.1205, 1.522 -0.821 0.6509, 1.5129 -0.8184 1.1209, 1.5019 -0.8132 0.6505, 1.5019 -0.8134 1.1212, 1.4954 -0.8106 0.6503, 1.4955 -0.8106 1.1213, 1.4811 -0.805 0.65, 1.473 -0.8004 1.1218, 1.4727 -0.7991 0.6498, 1.4595 -0.7897 0.6495, 1.4722 -0.7998 1.1219, 1.4596 -0.7897 1.1222, 1.4463 -0.7803 0.6491, 1.4469 -0.7796 1.1225, 1.4456 -0.7797 0.6491, 1.4389 -0.7732 1.1227, 1.4296 -0.7609 0.6486, 1.4295 -0.761 1.1231, 1.4248 -0.7552 0.6484, 1.425 -0.7551 1.1232, 1.4172 -0.7463 0.6482, 1.4122 -0.7383 1.1237, 1.4078 -0.7274 0.6477, 1.4077 -0.7276 1.1239, 1.4071 -0.726 0.6477, 1.407 -0.7261 1.1239, 1.3986 -0.7088 0.6473, 1.3951 -0.6981 1.1246, 1.3951 -0.6981 0.6471, 1.4912 -0.6757 1.1243, 1.4953 -0.684 1.1239, 1.498 -0.6894 1.1236, 1.5122 -0.7073 1.1225, 1.5125 -0.7075 1.1225, 1.5105 -0.7053 1.1227, 1.5029 -0.6963 1.1232, 1.4995 -0.6923 1.1235, 1.5242 -0.7158 1.1219, 1.5266 -0.7175 1.1217, 1.528 -0.7185 1.1216, 1.5512 -0.7262 1.1205, 1.5372 -0.7221 1.1212, 1.5453 -0.7253 1.1208, 1.5462 -0.7256 1.1207, 1.5604 -0.7278 0.6516, 1.5512 -0.7261 0.6512, 1.5453 -0.725 0.6509, 1.5243 -0.7164 0.6498, 1.524 -0.7161 0.6498, 1.5266 -0.7174 0.6499, 1.5371 -0.7222 0.6505, 1.5421 -0.7244 0.6507, 1.5127 -0.7072 0.6491, 1.5104 -0.7053 0.649, 1.5091 -0.7043 0.6489, 1.4953 -0.684 0.6477, 1.503 -0.6963 0.6484, 1.4978 -0.6895 0.648, 1.4973 -0.6887 0.648, 1.5604 -0.7278 0.6516, 1.5462 -0.7256 1.1207, 1.5421 -0.7244 0.6507, 1.528 -0.7185 1.1216, 1.5122 -0.7073 1.1225, 1.5243 -0.7164 0.6498, 1.5091 -0.7043 0.6489, 1.4912 -0.6757 1.1243, 1.4973 -0.6887 0.648, 1.4995 -0.6923 1.1235, 2.126 0.3937 0.1378, 2.2244 0.3937 0.1378, 2.126 -0.315 0.1378, 2.2244 -0.315 0.1378, 2.126 -0.315 1.6339, 2.2244 -0.315 1.6339, 2.126 0.3937 1.6339, 2.2244 0.3937 1.6339, 2.126 0.3937 1.4764, 2.2244 0.3937 1.4764, 2.2244 0.8465 1.4764, 2.126 0.8465 1.4764, 2.126 -0.315 1.3779, 2.2244 -0.315 1.3779, 2.124 0.8617 1.4764, 2.219 0.8872 1.4764, 2.1181 0.876 1.4764, 2.2033 0.9252 1.4764, 2.1087 0.8882 1.4764, 2.1783 0.9578 1.4764, 2.0965 0.8976 1.4764, 2.1457 0.9828 1.4764, 2.0822 0.9035 1.4764, 2.1077 0.9986 1.4764, 2.0669 0.9055 1.4764, 2.0669 1.0039 1.4764, 1.1614 0.9055 1.4764, 1.1614 1.0039 1.4764, 2.0276 0.9055 0.1772, 1.6339 0.9055 0.1772, 1.6339 0.9115 0.1313, 2.0276 0.9115 0.1313, 1.6339 0.9292 0.0886, 2.0276 0.9292 0.0886, 1.6339 0.9574 0.0519, 2.0276 0.9574 0.0519, 1.6339 0.9941 0.0237, 2.0276 0.9941 0.0237, 1.6339 1.0368 0.006, 2.0276 1.0368 0.006, 1.6339 1.0827 -0.0, 2.0276 1.0827 -0.0, 1.6339 1.0039 0.1732, 2.0276 1.0039 0.1732, 1.6339 1.0066 0.1528, 2.0276 1.0066 0.1528, 1.6339 1.0145 0.1339, 2.0276 1.0145 0.1339, 1.6339 1.027 0.1175, 2.0276 1.027 0.1175, 1.6339 1.0433 0.105, 2.0276 1.0433 0.105, 1.6339 1.0623 0.0972, 2.0276 1.0623 0.0972, 1.6339 1.0827 0.0945, 2.0276 1.0827 0.0945, 1.8307 1.4567 0.0945, 1.7474 1.6566 0.0945, 1.6339 1.6339 0.0945, 2.0118 1.6741 0.0945, 2.0276 1.6339 0.0945, 2.0203 1.6621 0.0945, 2.0257 1.6485 0.0945, 1.914 1.6566 0.0945, 1.9213 1.6693 0.0945, 1.9315 1.6799 0.0945, 1.7401 1.6693 0.0945, 1.7299 1.6799 0.0945, 1.7174 1.6876 0.0945, 1.6742 1.6899 0.0945, 1.6609 1.6835 0.0945, 1.6497 1.6741 0.0945, 1.6411 1.6621 0.0945, 1.6357 1.6485 0.0945, 2.0005 1.6835 0.0945, 1.9872 1.6899 0.0945, 1.9728 1.6928 0.0945, 1.9581 1.692 0.0945, 1.9441 1.6876 0.0945, 1.7033 1.692 0.0945, 1.6886 1.6928 0.0945, 1.6339 1.6339 -0.0, 1.6357 1.6485 -0.0, 1.6411 1.6621 -0.0, 1.6497 1.6741 -0.0, 1.6609 1.6835 -0.0, 1.6742 1.6899 -0.0, 1.6886 1.6928 -0.0, 1.7033 1.692 -0.0, 1.7174 1.6876 -0.0, 1.7299 1.6799 -0.0, 1.7401 1.6693 -0.0, 1.7474 1.6566 -0.0, 2.0203 1.6621 -0.0, 2.0257 1.6485 -0.0, 2.0276 1.6339 -0.0, 1.8307 1.4567 -0.0, 1.914 1.6566 -0.0, 1.9213 1.6693 -0.0, 1.9315 1.6799 -0.0, 1.9441 1.6876 -0.0, 1.9581 1.692 -0.0, 1.9728 1.6928 -0.0, 1.9872 1.6899 -0.0, 2.0005 1.6835 -0.0, 2.0118 1.6741 -0.0, 1.8504 -0.6496 0.8661, 1.8504 -0.6496 0.9055, 1.8627 -0.6483 0.8661, 1.8627 -0.6483 0.9055, 1.8745 -0.6445 0.8661, 1.8745 -0.6445 0.9055, 1.8852 -0.6382 0.8661, 1.8852 -0.6382 0.9055, 1.8944 -0.6299 0.8661, 1.8944 -0.6299 0.9055, 1.8591 -0.6483 0.9142, 1.8566 -0.6483 0.9162, 1.8624 -0.6445 0.9264, 1.8623 -0.6483 0.9087, 1.8611 -0.6483 0.9117, 1.8737 -0.6445 0.9117, 1.8713 -0.6445 0.9176, 1.8674 -0.6445 0.9226, 1.8594 -0.6382 0.9392, 1.8566 -0.6445 0.9288, 1.8536 -0.6483 0.9174, 1.884 -0.6382 0.9145, 1.8806 -0.6382 0.9229, 1.875 -0.6382 0.9301, 1.8678 -0.6382 0.9357, 1.8504 -0.6299 0.9495, 1.8504 -0.6382 0.9403, 1.8504 -0.6445 0.9296, 1.8504 -0.6483 0.9178, 1.8929 -0.6299 0.9169, 1.8885 -0.6299 0.9275, 1.8815 -0.6299 0.9366, 1.8724 -0.6299 0.9436, 1.8618 -0.6299 0.948, 1.8591 -0.6483 0.8574, 1.8611 -0.6483 0.86, 1.8713 -0.6445 0.8541, 1.8536 -0.6483 0.8542, 1.8504 -0.6483 0.8538, 1.8566 -0.6483 0.8555, 1.8504 -0.6445 0.842, 1.8566 -0.6445 0.8428, 1.8624 -0.6445 0.8453, 1.8674 -0.6445 0.8491, 1.884 -0.6382 0.8571, 1.8737 -0.6445 0.8599, 1.8623 -0.6483 0.8629, 1.8504 -0.6382 0.8313, 1.8594 -0.6382 0.8325, 1.8678 -0.6382 0.836, 1.875 -0.6382 0.8415, 1.8806 -0.6382 0.8487, 1.8504 -0.6299 0.8221, 1.8618 -0.6299 0.8236, 1.8724 -0.6299 0.828, 1.8815 -0.6299 0.835, 1.8885 -0.6299 0.8441, 1.8929 -0.6299 0.8547, 2.2244 0.5118 0.8858, 2.126 0.5118 0.8858, 2.2244 0.5015 0.7876, 2.126 0.5015 0.7876, 2.2244 0.471 0.6937, 2.126 0.471 0.6937, 2.2244 0.4216 0.6081, 2.126 0.4216 0.6081, 2.2244 0.3555 0.5347, 2.126 0.3555 0.5347, 2.2244 0.2756 0.4767, 2.126 0.2756 0.4767, 2.2244 0.1854 0.4365, 2.126 0.1854 0.4365, 2.2244 0.0888 0.416, 2.126 0.0888 0.416, 2.2244 -0.01 0.416, 2.126 -0.01 0.416, 2.2244 -0.1066 0.4365, 2.126 -0.1066 0.4365, 2.2244 -0.1969 0.4767, 2.126 -0.1969 0.4767, 2.2244 -0.2768 0.5347, 2.126 -0.2768 0.5347, 2.2244 -0.3428 0.6081, 2.126 -0.3428 0.6081, 2.2244 -0.3922 0.6937, 2.126 -0.3922 0.6937, 2.2244 -0.4227 0.7876, 2.126 -0.4227 0.7876, 2.2244 -0.4331 0.8858, 2.126 -0.4331 0.8858, 2.2244 -0.424 0.978, 2.126 -0.424 0.978, 2.2244 -0.3971 1.0666, 2.126 -0.3971 1.0666, 2.2244 -0.3535 1.1483, 2.126 -0.3535 1.1483, 2.2244 -0.2947 1.2199, 2.126 -0.2947 1.2199, 2.2244 -0.2231 1.2786, 2.126 -0.2231 1.2786, 2.2244 -0.1414 1.3223, 2.126 -0.1414 1.3223, 2.2244 -0.0528 1.3492, 2.126 -0.0528 1.3492, 2.2244 0.0394 1.3583, 2.126 0.0394 1.3583, 2.2244 -0.315 0.2953, 2.126 -0.315 0.2953, 2.126 0.3937 0.2953, 2.2244 0.3937 0.2953, 1.8504 -0.6133 0.9679, 1.8665 -0.6133 0.9658, 1.8504 -0.6008 0.9893, 1.8721 -0.6008 0.9865, 1.8504 -0.5932 1.0129, 1.8782 -0.5932 1.0092, 1.8504 -0.5906 1.0376, 1.8846 -0.5906 1.0331, 1.9164 -0.5906 1.0199, 1.9041 -0.5932 0.9985, 1.9438 -0.5906 0.9989, 1.9263 -0.5932 0.9814, 1.9648 -0.5906 0.9715, 1.9434 -0.5932 0.9592, 1.9779 -0.5906 0.9397, 1.9541 -0.5932 0.9333, 1.9824 -0.5906 0.9055, 1.9578 -0.5932 0.9055, 1.8923 -0.6008 0.9781, 1.9097 -0.6008 0.9648, 1.923 -0.6008 0.9474, 1.9314 -0.6008 0.9272, 1.9342 -0.6008 0.9055, 1.8816 -0.6133 0.9595, 1.8945 -0.6133 0.9496, 1.9044 -0.6133 0.9367, 1.9107 -0.6133 0.9217, 1.9128 -0.6133 0.9055, 1.9128 -0.6133 0.8661, 1.9342 -0.6008 0.8661, 1.9578 -0.5932 0.8661, 1.9824 -0.5906 0.8661, 1.9107 -0.6133 0.85, 1.9314 -0.6008 0.8444, 1.9541 -0.5932 0.8383, 1.9779 -0.5906 0.832, 1.9648 -0.5906 0.8001, 1.9434 -0.5932 0.8124, 1.9438 -0.5906 0.7728, 1.9263 -0.5932 0.7902, 1.9164 -0.5906 0.7518, 1.9041 -0.5932 0.7731, 1.8846 -0.5906 0.7386, 1.8782 -0.5932 0.7624, 1.8504 -0.5906 0.7341, 1.8504 -0.5932 0.7587, 1.923 -0.6008 0.8242, 1.9097 -0.6008 0.8069, 1.8923 -0.6008 0.7935, 1.8721 -0.6008 0.7852, 1.8504 -0.6008 0.7823, 1.9044 -0.6133 0.8349, 1.8945 -0.6133 0.822, 1.8816 -0.6133 0.8121, 1.8665 -0.6133 0.8059, 1.8504 -0.6133 0.8037, 2.2244 -0.5315 0.2953, 2.126 -0.5315 0.2953, 2.126 0.8465 0.2953, 2.2244 0.8465 0.2953, 2.126 -0.5315 1.3779, 2.124 -0.5468 1.3779, 2.124 -0.5468 0.2953, 2.1181 -0.561 1.3779, 2.1181 -0.561 0.2953, 2.1087 -0.5733 1.3779, 2.1087 -0.5733 0.2953, 2.0965 -0.5826 1.3779, 2.0965 -0.5826 0.2953, 2.0822 -0.5885 1.3779, 2.0822 -0.5885 0.2953, 2.0669 -0.5906 1.3779, 2.0669 -0.5906 0.2953, 2.126 0.2202 1.3223, 2.126 0.1315 1.3492, 2.126 0.5027 0.978, 2.126 0.4758 1.0666, 2.126 0.4322 1.1483, 2.126 0.3734 1.2199, 2.126 0.3018 1.2786, 2.124 0.8617 0.2953, 2.1181 0.876 0.2953, 2.1087 0.8882 0.2953, 2.0965 0.8976 0.2953, 2.0822 0.9035 0.2953, 2.0669 0.9055 0.2953, 1.7126 -0.6496 0.8661, 1.7126 -0.6496 0.9055, 1.7126 -0.6483 0.9178, 1.7126 -0.6445 0.9296, 1.7126 -0.6382 0.9403, 1.7126 -0.6299 0.9495, 1.7126 -0.6483 0.8538, 1.7126 -0.6445 0.842, 1.7126 -0.6382 0.8313, 1.7126 -0.6299 0.8221, 1.7126 -0.6133 0.9679, 1.7126 -0.6008 0.9893, 1.7126 -0.5932 1.0129, 1.7126 -0.5906 1.0376, 1.7126 -0.6133 0.8037, 1.7126 -0.6008 0.7823, 1.7126 -0.5932 0.7587, 1.7126 -0.5906 0.7341, 1.7126 -0.689 0.6102, 1.7126 -0.5906 0.6102, 1.7099 -0.689 0.5899, 1.7099 -0.5906 0.5899, 1.7021 -0.689 0.5709, 1.7021 -0.5906 0.5709, 1.6895 -0.689 0.5546, 1.6895 -0.5906 0.5546, 1.6732 -0.689 0.542, 1.6732 -0.5906 0.542, 1.6542 -0.689 0.5342, 1.6542 -0.5906 0.5342, 1.6339 -0.689 0.5315, 1.6339 -0.5906 0.5315, 1.437 -0.689 0.5315, 1.437 -0.5906 0.5315, 1.3583 1.0039 0.2756, 1.3583 0.9055 0.2756, 1.3189 1.0039 0.2953, 1.3189 0.9055 0.2953, 1.1614 0.9055 0.2953, 1.1614 1.0039 0.2953, 1.0433 0.9055 0.4134, 1.0433 1.0039 0.4134, 1.0473 1.0039 0.3828, 1.0473 0.9055 0.3828, 1.0591 1.0039 0.3543, 1.0591 0.9055 0.3543, 1.0779 1.0039 0.3299, 1.0779 0.9055 0.3299, 1.1024 1.0039 0.3111, 1.1024 0.9055 0.3111, 1.1308 1.0039 0.2993, 1.1308 0.9055 0.2993, 1.0433 0.9055 0.4528, 1.0433 1.0039 0.4528, 1.122 0.9055 0.5315, 1.122 1.0039 0.5315, 1.1017 1.0039 0.5288, 1.1017 0.9055 0.5288, 1.0827 1.0039 0.5209, 1.0827 0.9055 0.5209, 1.0664 1.0039 0.5084, 1.0664 0.9055 0.5084, 1.0539 1.0039 0.4921, 1.0539 0.9055 0.4921, 1.046 1.0039 0.4731, 1.046 0.9055 0.4731, 1.2795 0.9055 0.5315, 1.2795 1.0039 0.5315, 1.2999 1.0039 0.5342, 1.2999 0.9055 0.5342, 1.3189 1.0039 0.542, 1.3189 0.9055 0.542, 1.3352 1.0039 0.5546, 1.3352 0.9055 0.5546, 1.3477 1.0039 0.5709, 1.3477 0.9055 0.5709, 1.3556 1.0039 0.5899, 1.3556 0.9055 0.5899, 1.3583 1.0039 0.6102, 1.3583 0.9055 0.6102, 1.3583 0.9055 1.1614, 1.3583 1.0039 1.1614, 1.3556 1.0039 1.1818, 1.3556 0.9055 1.1818, 1.3477 1.0039 1.2008, 1.3477 0.9055 1.2008, 1.3352 1.0039 1.2171, 1.3352 0.9055 1.2171, 1.3189 1.0039 1.2296, 1.3189 0.9055 1.2296, 1.2999 1.0039 1.2375, 1.2999 0.9055 1.2375, 1.2795 1.0039 1.2402, 1.2795 0.9055 1.2402, 1.122 1.0039 1.2402, 1.122 0.9055 1.2402, 1.1308 1.0039 1.4723, 1.1308 0.9055 1.4723, 1.1024 1.0039 1.4605, 1.1024 0.9055 1.4605, 1.0779 1.0039 1.4418, 1.0779 0.9055 1.4418, 1.0591 1.0039 1.4173, 1.0591 0.9055 1.4173, 1.0473 1.0039 1.3888, 1.0473 0.9055 1.3888, 1.0433 1.0039 1.3583, 1.0433 0.9055 1.3583, 2.0276 0.9055 0.2953, 2.0276 1.0039 0.2953, 2.0669 1.0039 0.2953, 2.1077 0.9986 0.2953, 2.1457 0.9828 0.2953, 2.1783 0.9578 0.2953, 2.2033 0.9252 0.2953, 2.219 0.8872 0.2953, 2.2244 0.4322 1.1483, 2.2244 0.4758 1.0666, 2.2244 0.5027 0.978, 2.2244 0.1315 1.3492, 2.2244 -0.5315 1.3779, 2.2244 0.2202 1.3223, 2.2244 0.3018 1.2786, 2.2244 0.3734 1.2199, 1.6732 -0.5906 0.2756, 1.8307 -0.5906 0.2756, 1.6732 -0.689 0.2756, 1.8307 -0.689 0.2756, 2.219 -0.5723 0.2953, 2.2033 -0.6102 0.2953, 2.1783 -0.6429 0.2953, 2.1457 -0.6679 0.2953, 2.1077 -0.6836 0.2953, 2.0669 -0.689 0.2953, 1.437 -0.5906 1.2402, 1.6339 -0.5906 1.2402, 1.437 -0.689 1.2402, 1.6339 -0.689 1.2402, 1.3583 -0.5906 0.4528, 1.3583 -0.689 0.4528, 1.361 -0.689 0.4731, 1.361 -0.5906 0.4731, 1.3688 -0.689 0.4921, 1.3688 -0.5906 0.4921, 1.3813 -0.689 0.5084, 1.3813 -0.5906 0.5084, 1.3976 -0.689 0.5209, 1.3976 -0.5906 0.5209, 1.4166 -0.689 0.5288, 1.4166 -0.5906 0.5288, 1.4764 -0.5906 0.2953, 1.4764 -0.689 0.2953, 1.4479 -0.689 0.2987, 1.4479 -0.5906 0.2987, 1.4212 -0.689 0.309, 1.4212 -0.5906 0.309, 1.3976 -0.689 0.3253, 1.3976 -0.5906 0.3253, 1.8307 -0.5906 0.2953, 1.3583 -0.5906 0.3253, 1.7099 -0.5906 1.1818, 1.7021 -0.5906 1.2008, 1.6895 -0.5906 1.2171, 1.6339 -0.5906 0.2953, 1.6732 -0.5906 1.2296, 1.6542 -0.5906 1.2375, 1.3583 -0.5906 1.3779, 1.7126 -0.5906 1.1614, 1.4166 -0.5906 1.2428, 1.361 -0.5906 1.2985, 1.3583 -0.5906 1.3189, 1.3976 -0.5906 1.2507, 1.3813 -0.5906 1.2632, 1.3688 -0.5906 1.2795, 1.3583 -0.689 0.3253, 1.3583 -0.689 1.3189, 1.3583 -0.689 1.3779, 1.4166 -0.689 1.2428, 1.3976 -0.689 1.2507, 1.3813 -0.689 1.2632, 1.3688 -0.689 1.2795, 1.361 -0.689 1.2985, 1.8307 -0.689 0.2953, 2.0669 -0.689 1.3779, 2.1077 -0.6836 1.3779, 2.1457 -0.6679 1.3779, 2.1783 -0.6429 1.3779, 2.2033 -0.6102 1.3779, 2.219 -0.5723 1.3779, 1.5157 1.0039 0.2756, 1.5157 0.9055 0.2756, 1.5157 0.9055 0.2953, 1.5157 1.0039 0.2953, 1.6339 0.9055 0.2953, 1.0827 0.9055 1.2507, 1.046 0.9055 1.2985, 1.0664 0.9055 1.2632, 1.0539 0.9055 1.2795, 1.0433 0.9055 1.3189, 1.1017 0.9055 1.2428, 1.6339 1.0039 0.2953, 1.0433 1.0039 1.3189, 1.046 1.0039 1.2985, 1.0539 1.0039 1.2795, 1.0664 1.0039 1.2632, 1.0827 1.0039 1.2507, 1.1017 1.0039 1.2428, 1.6542 -0.689 1.2375, 1.6732 -0.689 1.2296, 1.6895 -0.689 1.2171, 1.7021 -0.689 1.2008, 1.7099 -0.689 1.1818, 1.7126 -0.689 1.1614, 1.6339 -0.689 0.2953, -0.084 -0.8465 0.9151, -0.0906 -0.8465 0.9065, -0.0655 -0.8465 0.8459, -0.0755 -0.8465 0.9216, -0.0947 -0.8465 0.8965, -0.0961 -0.8465 0.8858, -0.0947 -0.8465 0.8751, -0.0906 -0.8465 0.8652, -0.084 -0.8465 0.8566, -0.0755 -0.8465 0.85, 0.0394 -0.8465 0.8445, 0.0394 -0.8465 0.9272, -0.0548 -0.8465 0.8445, -0.0548 -0.8465 0.9272, -0.0655 -0.8465 0.9258, -0.0548 -0.748 0.8445, -0.0548 -0.7478 0.8424, -0.0647 -0.748 0.8457, -0.0652 -0.7478 0.8437, -0.074 -0.748 0.8492, -0.0749 -0.7478 0.8474, -0.0822 -0.748 0.8549, -0.0836 -0.7478 0.8534, -0.0888 -0.748 0.8623, -0.0905 -0.7478 0.8612, -0.0934 -0.748 0.8712, -0.0953 -0.7478 0.8704, -0.0958 -0.748 0.8808, -0.0978 -0.7478 0.8806, -0.0958 -0.748 0.8908, -0.0978 -0.7478 0.8911, -0.0934 -0.748 0.9005, -0.0953 -0.7478 0.9012, -0.0888 -0.748 0.9093, -0.0905 -0.7478 0.9105, -0.0822 -0.748 0.9168, -0.0836 -0.7478 0.9183, -0.074 -0.748 0.9224, -0.0749 -0.7478 0.9242, -0.0647 -0.748 0.926, -0.0652 -0.7478 0.9279, -0.0548 -0.748 0.9272, -0.0548 -0.7478 0.9292, -0.0548 -0.747 0.8405, -0.0656 -0.747 0.8419, -0.0758 -0.747 0.8457, -0.0848 -0.747 0.8519, -0.092 -0.747 0.8601, -0.0971 -0.747 0.8698, -0.0997 -0.747 0.8804, -0.0997 -0.747 0.8913, -0.0971 -0.747 0.9019, -0.092 -0.747 0.9115, -0.0848 -0.747 0.9197, -0.0758 -0.747 0.9259, -0.0656 -0.747 0.9298, -0.0548 -0.747 0.9311, -0.0548 -0.7457 0.8389, -0.066 -0.7457 0.8403, -0.0766 -0.7457 0.8443, -0.0859 -0.7457 0.8507, -0.0934 -0.7457 0.8592, -0.0986 -0.7457 0.8692, -0.1014 -0.7457 0.8802, -0.1014 -0.7457 0.8915, -0.0986 -0.7457 0.9025, -0.0934 -0.7457 0.9125, -0.0859 -0.7457 0.9209, -0.0766 -0.7457 0.9274, -0.066 -0.7457 0.9314, -0.0548 -0.7457 0.9327, -0.0548 -0.7441 0.8377, -0.0663 -0.7441 0.8391, -0.0772 -0.7441 0.8432, -0.0867 -0.7441 0.8498, -0.0944 -0.7441 0.8585, -0.0998 -0.7441 0.8687, -0.1026 -0.7441 0.88, -0.1026 -0.7441 0.8916, -0.0998 -0.7441 0.9029, -0.0944 -0.7441 0.9132, -0.0867 -0.7441 0.9219, -0.0772 -0.7441 0.9285, -0.0663 -0.7441 0.9326, -0.0548 -0.7441 0.934, -0.0548 -0.7422 0.8369, -0.0665 -0.7422 0.8383, -0.0775 -0.7422 0.8425, -0.0872 -0.7422 0.8492, -0.0951 -0.7422 0.858, -0.1005 -0.7422 0.8685, -0.1034 -0.7422 0.8799, -0.1034 -0.7422 0.8917, -0.1005 -0.7422 0.9032, -0.0951 -0.7422 0.9136, -0.0872 -0.7422 0.9225, -0.0775 -0.7422 0.9292, -0.0665 -0.7422 0.9333, -0.0548 -0.7422 0.9348, -0.0548 -0.7402 0.8366, -0.0666 -0.7402 0.838, -0.0777 -0.7402 0.8422, -0.0874 -0.7402 0.849, -0.0953 -0.7402 0.8579, -0.1008 -0.7402 0.8684, -0.1036 -0.7402 0.8799, -0.1036 -0.7402 0.8918, -0.1008 -0.7402 0.9033, -0.0953 -0.7402 0.9138, -0.0874 -0.7402 0.9227, -0.0777 -0.7402 0.9294, -0.0666 -0.7402 0.9336, -0.0548 -0.7402 0.935, -0.0548 -0.8442 0.8229, 0.0394 -0.8442 0.8229, -0.0548 -0.8268 0.7829, 0.0394 -0.8268 0.7829, -0.0548 -0.8374 0.8017, 0.0394 -0.8375 0.8018, -0.0548 -0.8375 0.8018, -0.0548 -0.8442 0.8226, 0.0394 -0.8376 0.8019, 0.0394 -0.8442 0.8227, 0.161 -0.8272 0.8445, 0.161 -0.8272 0.9272, 0.101 -0.8416 0.9272, 0.101 -0.8416 0.8445, -0.0548 -0.8375 0.9699, 0.0394 -0.8375 0.9699, -0.0548 -0.8374 0.97, 0.0394 -0.8268 0.9888, -0.0548 -0.8268 0.9888, -0.0548 -0.8442 0.9488, 0.0394 -0.8442 0.9488, -0.0548 -0.8442 0.949, 0.0394 -0.8442 0.9489, 0.0394 -0.8376 0.9698, -0.0711 -0.8442 0.9469, -0.0766 -0.8374 0.9671, -0.0969 -0.8374 0.9587, -0.0766 -0.8374 0.8045, -0.0814 -0.8268 0.7864, -0.0969 -0.8374 0.8129, -0.1063 -0.8268 0.7967, -0.1143 -0.8374 0.8263, -0.1276 -0.8268 0.813, -0.1277 -0.8374 0.8437, -0.144 -0.8268 0.8343, -0.1361 -0.8374 0.864, -0.1542 -0.8268 0.8592, -0.139 -0.8374 0.8858, -0.1577 -0.8268 0.8858, -0.1361 -0.8374 0.9076, -0.1542 -0.8268 0.9125, -0.1277 -0.8374 0.9279, -0.144 -0.8268 0.9373, -0.1143 -0.8374 0.9453, -0.1276 -0.8268 0.9586, -0.1063 -0.8268 0.975, -0.0814 -0.8268 0.9853, -0.0864 -0.8442 0.9406, -0.0995 -0.8442 0.9305, -0.1095 -0.8442 0.9174, -0.1159 -0.8442 0.9022, -0.118 -0.8442 0.8858, -0.1159 -0.8442 0.8695, -0.1095 -0.8442 0.8542, -0.0995 -0.8442 0.8411, -0.0864 -0.8442 0.8311, -0.0711 -0.8442 0.8248, -0.0548 -0.7283 0.8366, -0.0666 -0.7283 0.838, -0.0777 -0.7283 0.8422, -0.0874 -0.7283 0.849, -0.0953 -0.7283 0.8579, -0.1008 -0.7283 0.8684, -0.1036 -0.7283 0.8799, -0.1036 -0.7283 0.8918, -0.1008 -0.7283 0.9033, -0.0953 -0.7283 0.9138, -0.0874 -0.7283 0.9227, -0.0777 -0.7283 0.9294, -0.0666 -0.7283 0.9336, -0.0548 -0.7283 0.935, 0.0394 -0.748 0.9272, 0.0394 -0.748 0.8445, 0.0394 -0.7478 0.8427, 0.0394 -0.7477 0.8425, 0.0394 -0.7473 0.8411, 0.0394 -0.7469 0.8406, 0.0394 -0.7463 0.8396, 0.0394 -0.7457 0.839, 0.0394 -0.7451 0.8383, 0.0394 -0.7441 0.8377, 0.0394 -0.7436 0.8374, 0.0394 -0.7422 0.8369, 0.0394 -0.7419 0.8368, 0.0394 -0.7402 0.8366, 0.0394 -0.7478 0.9289, 0.0394 -0.7477 0.9292, 0.0394 -0.7473 0.9306, 0.0394 -0.7469 0.9311, 0.0394 -0.7463 0.9321, 0.0394 -0.7457 0.9327, 0.0394 -0.7451 0.9333, 0.0394 -0.7441 0.9339, 0.0394 -0.7436 0.9343, 0.0394 -0.7422 0.9347, 0.0394 -0.7419 0.9348, 0.0394 -0.7402 0.935, 0.0394 -0.7283 0.8366, 0.0394 -0.7283 0.935, -0.144 -0.8268 0.9373, -0.1276 -0.8268 0.9586, -0.0814 -0.8268 0.7864, 0.0394 -0.8268 0.5934, -0.1063 -0.8268 0.7967, -0.1276 -0.8268 0.813, -0.144 -0.8268 0.8343, -0.1063 -0.8268 0.975, -0.0814 -0.8268 0.9853, 0.0394 -0.8268 1.1783, -0.1542 -0.8268 0.8592, -0.1577 -0.8268 0.8858, -0.1542 -0.8268 0.9125, 0.0975 -0.8222 0.7829, 0.0979 -0.8222 0.7829, 0.0996 -0.8328 0.8019, 0.1549 -0.8085 0.7829, 0.1583 -0.8187 0.8018, 0.1583 -0.8187 0.8019, 0.1006 -0.8394 0.8227, 0.1603 -0.825 0.8227, 0.1603 -0.8251 0.8229, 0.3729 -0.7583 0.9272, 0.3729 -0.7583 0.8445, 0.3831 -0.755 0.8459, 0.4109 -0.746 0.8965, 0.407 -0.7473 0.9065, 0.407 -0.7473 0.8652, 0.4109 -0.746 0.8751, 0.4122 -0.7456 0.8858, 0.4007 -0.7493 0.9151, 0.3926 -0.7519 0.9216, 0.3831 -0.755 0.9258, 0.3926 -0.7519 0.85, 0.4007 -0.7493 0.8566, 0.1582 -0.8186 0.97, 0.1549 -0.8085 0.9888, 0.0979 -0.8222 0.9888, 0.0975 -0.8222 0.9888, 0.0996 -0.8328 0.9698, 0.1583 -0.8187 0.9698, 0.1006 -0.8394 0.9489, 0.1603 -0.825 0.9489, 0.1603 -0.825 0.949, 0.0394 -0.7283 1.1783, 0.0394 -0.7283 0.5934, 0.0856 -0.7444 0.8445, 0.0856 -0.7444 0.9272, 0.1306 -0.7336 0.8445, 0.1306 -0.7336 0.9272, 0.0855 -0.7442 0.8427, 0.0854 -0.7436 0.8411, 0.0853 -0.7427 0.8396, 0.0851 -0.7415 0.8383, 0.1282 -0.7261 0.8366, 0.0843 -0.7366 0.8366, 0.0846 -0.7383 0.8368, 0.1287 -0.7278 0.8368, 0.0849 -0.74 0.8374, 0.1292 -0.7293 0.8374, 0.1297 -0.7308 0.8383, 0.1301 -0.7319 0.8396, 0.1304 -0.7328 0.8411, 0.1306 -0.7334 0.8427, 0.0855 -0.7442 0.9289, 0.0854 -0.7436 0.9306, 0.0853 -0.7427 0.9321, 0.0851 -0.7415 0.9333, 0.0849 -0.74 0.9343, 0.1306 -0.7334 0.9289, 0.1304 -0.7328 0.9306, 0.1301 -0.7319 0.9321, 0.1297 -0.7308 0.9333, 0.1292 -0.7293 0.9343, 0.0846 -0.7383 0.9348, 0.1287 -0.7278 0.9348, 0.0843 -0.7366 0.935, 0.1282 -0.7261 0.935, 0.3596 -0.6592 0.9231, 0.367 -0.6568 0.9181, 0.3808 -0.6523 0.895, 0.3425 -0.6647 0.9272, 0.3513 -0.6619 0.9261, 0.3733 -0.6547 0.9116, 0.3779 -0.6532 0.9038, 0.0825 -0.725 0.8366, 0.1245 -0.7149 0.8366, 0.1245 -0.7149 0.935, 0.0825 -0.725 0.935, 0.3425 -0.6645 0.9289, 0.3423 -0.664 0.9306, 0.342 -0.6631 0.9321, 0.3416 -0.6619 0.9333, 0.3411 -0.6605 0.9343, 0.3406 -0.6589 0.9348, 0.3401 -0.6572 0.935, 0.1549 -0.8085 0.5966, 0.0979 -0.8222 0.595, 0.0975 -0.8222 0.595, 0.3669 -0.7396 0.7829, 0.3702 -0.7498 0.8018, 0.3722 -0.7562 0.8229, 0.3908 -0.7432 0.9668, 0.3877 -0.7512 0.9465, 0.4021 -0.7465 0.9402, 0.43 -0.7375 0.9021, 0.424 -0.7394 0.9172, 0.4145 -0.7425 0.9303, 0.3723 -0.7562 0.9487, 0.4101 -0.737 0.9584, 0.4266 -0.7316 0.9451, 0.4392 -0.7275 0.9277, 0.4472 -0.7249 0.9075, 0.3669 -0.7396 0.9888, 0.3701 -0.7497 0.97, 0.3702 -0.7499 0.9696, 0.3722 -0.7561 0.949, 0.432 -0.7368 0.8858, 0.4321 -0.7368 0.8858, 0.4499 -0.724 0.8858, 0.4501 -0.7238 0.8858, 0.3922 -0.7314 0.9853, 0.4158 -0.7237 0.975, 0.4361 -0.7171 0.9586, 0.4517 -0.7121 0.9373, 0.4614 -0.7089 0.9125, 0.4648 -0.7078 0.8858, 0.0975 -0.8222 1.1767, 0.0979 -0.8222 1.1767, 0.1549 -0.8085 1.1751, 0.0825 -0.725 0.595, 0.1245 -0.7149 0.5966, 0.0979 -0.8222 0.595, 0.3922 -0.7314 0.9853, 0.4158 -0.7237 0.975, 0.4361 -0.7171 0.9586, 0.4517 -0.7121 0.9373, 0.4517 -0.7121 0.8343, 0.4361 -0.7171 0.813, 0.4614 -0.7089 0.9125, 0.4614 -0.7089 0.8592, 0.4158 -0.7237 0.7967, 0.3922 -0.7314 0.7864, 0.0825 -0.725 0.595, 0.3364 -0.646 0.935, 0.1245 -0.7149 1.1751, 0.3821 -0.6312 0.8968, 0.3786 -0.6323 0.9072, 0.373 -0.6341 0.9165, 0.3656 -0.6365 0.9243, 0.3567 -0.6394 0.9302, 0.3468 -0.6426 0.9338, 0.0979 -0.8222 1.1767, 0.0825 -0.725 1.1767, 0.0825 -0.725 1.1767, 0.4614 -0.7089 0.8592, 0.4474 -0.7247 0.8641, 0.4394 -0.7273 0.8438, 0.3877 -0.7512 0.825, 0.4301 -0.7374 0.8695, 0.4022 -0.7465 0.8313, 0.4146 -0.7425 0.8413, 0.4241 -0.7394 0.8543, 0.4517 -0.7121 0.8343, 0.4267 -0.7315 0.8264, 0.4361 -0.7171 0.813, 0.4101 -0.7368 0.813, 0.4158 -0.7237 0.7967, 0.3909 -0.7431 0.8046, 0.3922 -0.7314 0.7864, 0.3824 -0.6516 0.8954, 0.3857 -0.6424 0.8968, 0.3861 -0.6441 0.8967, 0.3823 -0.6435 0.9072, 0.3826 -0.6453 0.9071, 0.3767 -0.6454 0.9165, 0.3771 -0.6471 0.9164, 0.3693 -0.6478 0.9243, 0.3697 -0.6495 0.9241, 0.3604 -0.6506 0.9302, 0.3609 -0.6523 0.93, 0.3505 -0.6539 0.9338, 0.351 -0.6555 0.9336, 0.386 -0.6459 0.8966, 0.3826 -0.647 0.9068, 0.3772 -0.6488 0.916, 0.3699 -0.6512 0.9237, 0.3611 -0.654 0.9295, 0.3514 -0.6572 0.933, 0.3856 -0.6476 0.8964, 0.3823 -0.6487 0.9064, 0.3769 -0.6504 0.9154, 0.3698 -0.6528 0.923, 0.3612 -0.6555 0.9286, 0.3517 -0.6586 0.9321, 0.3849 -0.6492 0.8961, 0.3816 -0.6502 0.9059, 0.3764 -0.6519 0.9147, 0.3694 -0.6542 0.922, 0.3611 -0.6569 0.9275, 0.3518 -0.6599 0.9309, 0.3838 -0.6505 0.8958, 0.3806 -0.6515 0.9052, 0.3756 -0.6532 0.9137, 0.3688 -0.6554 0.9208, 0.3607 -0.658 0.9261, 0.3517 -0.6609 0.9295, 0.3794 -0.6525 0.9045, 0.3745 -0.6541 0.9127, 0.368 -0.6562 0.9195, 0.3602 -0.6588 0.9246, 0.3516 -0.6616 0.9278, -1.3583 -0.9055 0.1772, -1.2992 -0.9055 0.1772, -1.3583 -1.0039 0.1772, -1.2992 -1.0039 0.1772, -2.126 -1.0039 0.1772, -2.126 -0.9055 0.1772, -1.752 -1.0039 0.1772, -1.752 -0.9055 0.1772, -1.7705 -0.6357 1.0428, -1.6546 -0.6355 1.0432, -1.7717 -0.6309 1.0532, -1.6535 -0.6309 1.0532, -1.7706 -0.6262 1.0632, -1.6547 -0.626 1.0637, -1.658 -0.6213 1.0737, -1.6635 -0.617 1.083, -1.6708 -0.6132 1.0911, -1.6798 -0.6101 1.0977, -1.69 -0.6078 1.1027, -1.7011 -0.6064 1.1057, -1.7126 -0.6059 1.1068, -1.7672 -0.6404 1.0328, -1.7617 -0.6447 1.0235, -1.7544 -0.6485 1.0154, -1.7454 -0.6516 1.0087, -1.7352 -0.6539 1.0038, -1.7241 -0.6553 1.0007, -1.7242 -0.6064 1.1057, -1.7353 -0.6078 1.1026, -1.7456 -0.6102 1.0976, -1.7126 -0.6558 0.9997, -1.701 -0.6553 1.0008, -1.6579 -0.6402 1.0331, -1.6899 -0.6539 1.0038, -1.7546 -0.6133 1.0909, -1.7619 -0.6171 1.0827, -1.7673 -0.6215 1.0734, -1.6796 -0.6516 1.0088, -1.6706 -0.6484 1.0156, -1.6633 -0.6446 1.0238, -1.771 -0.5453 1.0037, -1.7034 -0.5663 0.9588, -1.7126 -0.5666 0.9581, -1.6542 -0.538 1.0196, -1.7394 -0.5194 1.0593, -1.7308 -0.5179 1.0625, -1.7218 -0.517 1.0645, -1.7126 -0.5167 1.0652, -1.6563 -0.5341 1.0278, -1.7033 -0.517 1.0645, -1.6564 -0.5494 0.9951, -1.66 -0.553 0.9873, -1.6648 -0.5563 0.9802, -1.6708 -0.5593 0.9738, -1.6779 -0.5618 0.9683, -1.6858 -0.5639 0.964, -1.6943 -0.5654 0.9607, -1.7709 -0.5377 1.02, -1.7688 -0.5339 1.0282, -1.7652 -0.5303 1.0359, -1.7604 -0.527 1.0431, -1.6942 -0.5179 1.0625, -1.6856 -0.5194 1.0593, -1.6777 -0.5215 1.0548, -1.6706 -0.5241 1.0493, -1.6646 -0.5271 1.0429, -1.6598 -0.5305 1.0356, -1.7717 -0.5417 1.0116, -1.6535 -0.5417 1.0116, -1.6543 -0.5456 1.0033, -1.7219 -0.5663 0.9588, -1.731 -0.5654 0.9608, -1.7396 -0.5639 0.964, -1.7544 -0.524 1.0495, -1.7473 -0.5215 1.0549, -1.7546 -0.5592 0.974, -1.7606 -0.5562 0.9804, -1.7475 -0.5618 0.9685, -1.7654 -0.5528 0.9877, -1.7689 -0.5492 0.9955, -1.5771 -0.6863 1.0791, -1.5775 -0.6837 1.0779, -1.5799 -0.6944 1.055, -1.5832 -0.6713 1.0721, -1.5854 -0.6665 1.0699, -1.5876 -0.6766 1.0483, -1.5927 -0.6579 1.0658, -1.5979 -0.6518 1.063, -1.5999 -0.6608 1.0435, -1.6052 -0.6467 1.0606, -1.6142 -0.6404 1.0577, -1.6159 -0.6482 1.041, -1.6201 -0.6382 1.0567, -1.6332 -0.6333 1.0544, -1.6346 -0.6396 1.0409, -1.6367 -0.6329 1.0542, -1.6535 -0.6309 1.0532, -1.7126 -0.6669 0.9824, -1.697 -0.6662 0.9838, -1.682 -0.6643 0.9879, -1.6682 -0.6611 0.9947, -1.6562 -0.6569 1.0037, -1.6463 -0.6518 1.0147, -1.639 -0.6459 1.0273, -1.7126 -0.682 0.9685, -1.6933 -0.6812 0.9702, -1.6747 -0.6788 0.9754, -1.6576 -0.6749 0.9837, -1.6427 -0.6697 0.9949, -1.6304 -0.6633 1.0086, -1.6214 -0.6561 1.0241, -1.7126 -0.7002 0.959, -1.6901 -0.6993 0.961, -1.6684 -0.6965 0.967, -1.6485 -0.692 0.9767, -1.6311 -0.6859 0.9898, -1.6168 -0.6785 1.0057, -1.6063 -0.67 1.0239, -1.7126 -0.7203 0.9546, -1.6876 -0.7193 0.9568, -1.6636 -0.7162 0.9634, -1.6415 -0.7111 0.9742, -1.6222 -0.7044 0.9887, -1.6064 -0.6961 1.0064, -1.5947 -0.6868 1.0265, -1.7126 -0.7408 0.9554, -1.6861 -0.7397 0.9578, -1.6606 -0.7364 0.9649, -1.6371 -0.7311 0.9763, -1.6166 -0.7239 0.9917, -1.5998 -0.7152 1.0105, -1.5874 -0.7052 1.0318, -1.7126 -0.7605 0.9616, -1.6856 -0.7593 0.9641, -1.6596 -0.756 0.9712, -1.6356 -0.7505 0.9829, -1.6147 -0.7432 0.9986, -1.5976 -0.7343 1.0177, -1.5849 -0.7241 1.0395, -1.5772 -0.7131 1.0632, -1.5748 -0.7022 1.0865, -1.5794 -0.675 1.1031, -1.5852 -0.6604 1.095, -1.5945 -0.6476 1.087, -1.6069 -0.6373 1.0794, -1.6216 -0.6301 1.0728, -1.6381 -0.6263 1.0674, -1.7126 -0.6004 1.1229, -1.6978 -0.601 1.1215, -1.6835 -0.6029 1.1176, -1.6704 -0.6058 1.1112, -1.6589 -0.6098 1.1027, -1.6494 -0.6147 1.0923, -1.6424 -0.6202 1.0804, -1.6269 -0.6227 1.0886, -1.6355 -0.6159 1.1031, -1.647 -0.61 1.1159, -1.6611 -0.6051 1.1263, -1.6771 -0.6015 1.1341, -1.6945 -0.5993 1.1389, -1.7126 -0.5985 1.1405, -1.613 -0.6287 1.0978, -1.623 -0.6209 1.1147, -1.6364 -0.614 1.1295, -1.6527 -0.6083 1.1416, -1.6713 -0.6041 1.1507, -1.6916 -0.6015 1.1562, -1.7126 -0.6006 1.1581, -1.6013 -0.638 1.1074, -1.6125 -0.6292 1.1263, -1.6274 -0.6215 1.1428, -1.6457 -0.6152 1.1564, -1.6665 -0.6105 1.1665, -1.6891 -0.6076 1.1727, -1.7126 -0.6066 1.1748, -1.5926 -0.6501 1.117, -1.6046 -0.6406 1.1374, -1.6207 -0.6323 1.1552, -1.6404 -0.6254 1.1699, -1.6629 -0.6204 1.1808, -1.6873 -0.6172 1.1875, -1.7126 -0.6162 1.1897, -1.5871 -0.6643 1.1262, -1.5997 -0.6544 1.1474, -1.6166 -0.6457 1.1661, -1.6372 -0.6385 1.1814, -1.6606 -0.6332 1.1928, -1.6861 -0.63 1.1998, -1.7126 -0.6289 1.2021, -1.5774 -0.6909 1.1109, -1.5853 -0.6799 1.1343, -1.598 -0.6699 1.1559, -1.6152 -0.661 1.1748, -1.636 -0.6538 1.1904, -1.6599 -0.6484 1.2019, -1.6857 -0.6451 1.209, -1.7126 -0.644 1.2114, -1.7126 -0.6059 1.1068, -1.7275 -0.601 1.1215, -1.8475 -0.6838 1.0779, -1.8425 -0.6711 1.072, -1.8402 -0.6608 1.094, -1.8395 -0.6667 1.07, -1.833 -0.6575 1.0657, -1.8309 -0.648 1.0861, -1.827 -0.6521 1.0631, -1.8204 -0.6462 1.0604, -1.8185 -0.6377 1.0787, -1.8108 -0.6408 1.0579, -1.8053 -0.6377 1.0564, -1.8037 -0.6304 1.0722, -1.7919 -0.6336 1.0545, -1.7886 -0.6325 1.054, -1.7872 -0.6265 1.0669, -1.7717 -0.6309 1.0532, -1.783 -0.6204 1.0799, -1.776 -0.6148 1.0919, -1.7666 -0.6099 1.1025, -1.755 -0.6059 1.1111, -1.7418 -0.6029 1.1175, -1.7308 -0.5993 1.1389, -1.7483 -0.6015 1.134, -1.7644 -0.6052 1.1262, -1.7785 -0.6101 1.1156, -1.79 -0.6161 1.1027, -1.7985 -0.623 1.0881, -1.7338 -0.6015 1.1562, -1.7541 -0.6041 1.1506, -1.7728 -0.6084 1.1414, -1.7892 -0.6141 1.1292, -1.8026 -0.6211 1.1142, -1.8125 -0.629 1.0971, -1.7362 -0.6076 1.1727, -1.7589 -0.6105 1.1664, -1.7799 -0.6153 1.1562, -1.7981 -0.6217 1.1425, -1.8131 -0.6295 1.1258, -1.8242 -0.6384 1.1067, -1.7381 -0.6172 1.1874, -1.7626 -0.6204 1.1807, -1.7852 -0.6255 1.1697, -1.8049 -0.6324 1.1549, -1.821 -0.6408 1.1368, -1.833 -0.6504 1.1163, -1.7392 -0.63 1.1997, -1.7649 -0.6333 1.1927, -1.7884 -0.6386 1.1812, -1.8091 -0.6459 1.1657, -1.826 -0.6546 1.1468, -1.8384 -0.6647 1.1254, -1.846 -0.6755 1.1021, -1.8484 -0.6862 1.0791, -1.7396 -0.6451 1.209, -1.7656 -0.6485 1.2018, -1.7896 -0.6539 1.1901, -1.8105 -0.6612 1.1744, -1.8276 -0.6701 1.1553, -1.8403 -0.6803 1.1335, -1.848 -0.6913 1.1099, -1.8504 -0.7022 1.0865, -1.8477 -0.7136 1.0621, -1.8451 -0.6949 1.054, -1.8374 -0.677 1.0474, -1.8251 -0.6612 1.0427, -1.8091 -0.6485 1.0403, -1.7905 -0.6398 1.0403, -1.786 -0.6461 1.0268, -1.7786 -0.6519 1.0144, -1.7688 -0.657 1.0035, -1.7567 -0.6612 0.9945, -1.743 -0.6643 0.9879, -1.7281 -0.6662 0.9838, -1.8035 -0.6563 1.0236, -1.7944 -0.6635 1.0081, -1.7822 -0.6698 0.9946, -1.7673 -0.675 0.9835, -1.7503 -0.6788 0.9753, -1.7318 -0.6812 0.9702, -1.8186 -0.6703 1.0232, -1.808 -0.6787 1.0052, -1.7937 -0.686 0.9895, -1.7763 -0.6921 0.9765, -1.7565 -0.6966 0.9669, -1.735 -0.6993 0.961, -1.8302 -0.6871 1.0257, -1.8184 -0.6964 1.0058, -1.8026 -0.7046 0.9883, -1.7833 -0.7112 0.974, -1.7613 -0.7162 0.9633, -1.7374 -0.7193 0.9568, -1.8374 -0.7056 1.031, -1.8249 -0.7155 1.0099, -1.8081 -0.7241 0.9913, -1.7877 -0.7312 0.9761, -1.7643 -0.7365 0.9648, -1.739 -0.7398 0.9578, -1.8399 -0.7245 1.0387, -1.8272 -0.7346 1.0171, -1.81 -0.7434 0.9982, -1.7892 -0.7506 0.9827, -1.7653 -0.756 0.9711, -1.7395 -0.7593 0.964, -1.6296 -0.3967 1.5088, -1.6296 -0.4859 1.5504, -1.5946 -0.4878 1.5463, -1.5946 -0.3986 1.5047, -1.562 -0.4934 1.5343, -1.562 -0.4042 1.4927, -1.5337 -0.5023 1.5152, -1.5337 -0.4131 1.4736, -1.5117 -0.514 1.4902, -1.5117 -0.4248 1.4486, -1.4975 -0.5276 1.4609, -1.4975 -0.4384 1.4193, -1.4919 -0.5423 1.4294, -1.4919 -0.4531 1.3878, -1.7956 -0.4859 1.5504, -1.7956 -0.3967 1.5088, -1.9333 -0.4531 1.3878, -1.9333 -0.5423 1.4294, -1.9277 -0.5276 1.4609, -1.9277 -0.4384 1.4193, -1.9134 -0.514 1.4902, -1.9134 -0.4248 1.4486, -1.8915 -0.5023 1.5152, -1.8915 -0.4131 1.4736, -1.8632 -0.4934 1.5343, -1.8632 -0.4042 1.4927, -1.8305 -0.4878 1.5463, -1.8305 -0.3986 1.5047, -1.9008 -0.5924 1.0353, -1.8795 -0.5748 1.0271, -1.8777 -0.5853 1.0047, -1.8552 -0.5606 1.0205, -1.8536 -0.5695 1.0014, -1.8286 -0.5502 1.0156, -1.8273 -0.5574 1.0, -1.7996 -0.5437 1.0126, -1.7717 -0.5417 1.0116, -1.8005 -0.5438 1.0126, -1.7995 -0.5493 1.0008, -1.919 -0.613 1.0449, -1.901 -0.5925 1.0353, -1.8989 -0.6042 1.0101, -1.7964 -0.555 0.9886, -1.7912 -0.5604 0.9769, -1.784 -0.5655 0.9662, -1.7751 -0.5699 0.9566, -1.7645 -0.5738 0.9484, -1.7527 -0.5769 0.9417, -1.7399 -0.5791 0.9369, -1.7264 -0.5805 0.934, -1.7126 -0.5809 0.933, -1.8232 -0.565 0.9839, -1.8163 -0.5721 0.9685, -1.8068 -0.5788 0.9543, -1.795 -0.5847 0.9416, -1.7811 -0.5897 0.9308, -1.7656 -0.5938 0.9221, -1.7487 -0.5968 0.9157, -1.7309 -0.5986 0.9118, -1.7126 -0.5992 0.9105, -1.8485 -0.5788 0.9815, -1.8401 -0.5876 0.9626, -1.8284 -0.5958 0.9451, -1.8139 -0.603 0.9295, -1.7968 -0.6092 0.9162, -1.7777 -0.6142 0.9055, -1.7569 -0.6179 0.8977, -1.735 -0.6201 0.8929, -1.7126 -0.6209 0.8913, -1.8717 -0.5961 0.9815, -1.8618 -0.6064 0.9593, -1.8482 -0.616 0.9389, -1.8312 -0.6245 0.9207, -1.8112 -0.6317 0.9051, -1.7888 -0.6376 0.8925, -1.7645 -0.6419 0.8833, -1.7389 -0.6445 0.8777, -1.7126 -0.6454 0.8758, -1.8922 -0.6165 0.9838, -1.881 -0.6281 0.9588, -1.8656 -0.6389 0.9358, -1.8464 -0.6485 0.9152, -1.8239 -0.6567 0.8976, -1.7986 -0.6633 0.8834, -1.7711 -0.6681 0.8731, -1.7422 -0.6711 0.8667, -1.7126 -0.6721 0.8646, -1.9167 -0.6259 1.0172, -1.9093 -0.6393 0.9885, -1.8971 -0.6521 0.9611, -1.8802 -0.6639 0.9358, -1.8592 -0.6744 0.9133, -1.8345 -0.6834 0.894, -1.8068 -0.6906 0.8785, -1.7767 -0.6959 0.8672, -1.7451 -0.6991 0.8602, -1.7126 -0.7002 0.8579, -1.7126 -0.5258 1.2319, -1.7126 -0.5128 1.2059, -1.742 -0.5138 1.2038, -1.7126 -0.5042 1.178, -1.7387 -0.5051 1.1762, -1.7126 -0.5003 1.1492, -1.7348 -0.5011 1.1476, -1.8265 -0.5423 1.0319, -1.7126 -0.5012 1.1201, -1.7306 -0.5018 1.1188, -1.7126 -0.5069 1.0915, -1.7262 -0.5073 1.0905, -1.7986 -0.5379 1.0249, -1.7954 -0.5323 1.037, -1.7902 -0.527 1.0484, -1.783 -0.522 1.059, -1.7742 -0.5177 1.0684, -1.7638 -0.5139 1.0764, -1.7521 -0.5109 1.0829, -1.7395 -0.5087 1.0876, -1.7482 -0.5036 1.1149, -1.765 -0.5065 1.1087, -1.7804 -0.5105 1.1001, -1.7942 -0.5155 1.0894, -1.8059 -0.5213 1.077, -1.8154 -0.5278 1.063, -1.8223 -0.5349 1.0478, -1.7565 -0.5033 1.1429, -1.7771 -0.5069 1.1351, -1.7961 -0.5118 1.1246, -1.8131 -0.5179 1.1114, -1.8276 -0.5251 1.0961, -1.8392 -0.5331 1.0788, -1.8478 -0.5418 1.0602, -1.853 -0.551 1.0405, -1.7641 -0.5077 1.1706, -1.7882 -0.5119 1.1616, -1.8105 -0.5177 1.1492, -1.8304 -0.5248 1.1338, -1.8474 -0.5332 1.1158, -1.8611 -0.5427 1.0956, -1.8711 -0.5529 1.0737, -1.8772 -0.5636 1.0506, -1.7708 -0.5167 1.1975, -1.7981 -0.5215 1.1873, -1.8232 -0.528 1.1733, -1.8457 -0.5361 1.1559, -1.8649 -0.5456 1.1356, -1.8803 -0.5562 1.1127, -1.8916 -0.5678 1.088, -1.8985 -0.5799 1.062, -1.7449 -0.5269 1.2296, -1.7764 -0.5301 1.2228, -1.8063 -0.5353 1.2116, -1.8339 -0.5425 1.1962, -1.8585 -0.5513 1.1772, -1.8795 -0.5617 1.1548, -1.8965 -0.5734 1.1298, -1.9089 -0.5861 1.1027, -1.9164 -0.5994 1.0742, -1.5242 -0.5925 1.0353, -1.5244 -0.5923 1.0353, -1.5264 -0.5806 1.0605, -1.546 -0.5746 1.027, -1.5478 -0.5642 1.0494, -1.5705 -0.5604 1.0204, -1.5721 -0.5515 1.0394, -1.6247 -0.5439 1.0127, -1.6255 -0.5437 1.0126, -1.6265 -0.5382 1.0243, -1.6989 -0.5073 1.0905, -1.6855 -0.5087 1.0876, -1.6729 -0.5109 1.0828, -1.6612 -0.514 1.0762, -1.6507 -0.5178 1.0681, -1.6419 -0.5222 1.0586, -1.6348 -0.5272 1.0479, -1.6296 -0.5326 1.0364, -1.6535 -0.5417 1.0116, -1.5973 -0.55 1.0155, -1.5985 -0.5428 1.031, -1.5062 -0.613 1.0449, -1.6026 -0.5353 1.0471, -1.6095 -0.5281 1.0624, -1.6189 -0.5215 1.0765, -1.6307 -0.5157 1.0891, -1.6444 -0.5106 1.0999, -1.6599 -0.5066 1.1085, -1.6767 -0.5036 1.1149, -1.6944 -0.5018 1.1188, -1.5771 -0.5423 1.0593, -1.5856 -0.5335 1.0781, -1.5972 -0.5254 1.0955, -1.6116 -0.5181 1.111, -1.6286 -0.5119 1.1243, -1.6477 -0.507 1.135, -1.6684 -0.5033 1.1428, -1.6902 -0.5011 1.1476, -1.5537 -0.5534 1.0726, -1.5636 -0.5431 1.0947, -1.5772 -0.5336 1.1151, -1.5942 -0.5251 1.1333, -1.6141 -0.5178 1.1489, -1.6365 -0.512 1.1614, -1.6608 -0.5077 1.1706, -1.6864 -0.5051 1.1762, -1.5331 -0.5683 1.0868, -1.5443 -0.5567 1.1117, -1.5597 -0.5459 1.1348, -1.5789 -0.5364 1.1553, -1.6014 -0.5282 1.1729, -1.6267 -0.5216 1.1871, -1.6541 -0.5167 1.1974, -1.683 -0.5138 1.2038, -1.5085 -0.6001 1.0726, -1.5159 -0.5867 1.1014, -1.5281 -0.5739 1.1287, -1.545 -0.5621 1.154, -1.566 -0.5516 1.1765, -1.5907 -0.5426 1.1958, -1.6184 -0.5354 1.2113, -1.6485 -0.5301 1.2227, -1.6801 -0.5269 1.2296, -1.6831 -0.6711 0.8667, -1.6865 -0.6445 0.8777, -1.6903 -0.6201 0.8929, -1.6945 -0.5986 0.9118, -1.6258 -0.5496 1.0002, -1.6988 -0.5805 0.9339, -1.6535 -0.5417 1.0116, -1.6854 -0.5791 0.9369, -1.6727 -0.5769 0.9416, -1.6609 -0.5739 0.9482, -1.6504 -0.5701 0.9563, -1.6415 -0.5656 0.9658, -1.6343 -0.5607 0.9765, -1.629 -0.5553 0.988, -1.6768 -0.5968 0.9156, -1.6599 -0.5939 0.9219, -1.6444 -0.5898 0.9306, -1.6306 -0.5848 0.9413, -1.6187 -0.579 0.9538, -1.6092 -0.5724 0.9679, -1.6023 -0.5653 0.9831, -1.598 -0.5578 0.9992, -1.6685 -0.6179 0.8976, -1.6479 -0.6143 0.9054, -1.6288 -0.6094 0.9159, -1.6118 -0.6032 0.9291, -1.5973 -0.596 0.9445, -1.5856 -0.588 0.9618, -1.577 -0.5792 0.9806, -1.5718 -0.57 1.0003, -1.661 -0.6419 0.8832, -1.6368 -0.6377 0.8923, -1.6145 -0.6319 0.9047, -1.5946 -0.6247 0.9201, -1.5776 -0.6163 0.9382, -1.5639 -0.6069 0.9584, -1.5539 -0.5966 0.9804, -1.5477 -0.5859 1.0034, -1.6544 -0.6682 0.873, -1.6271 -0.6634 0.8832, -1.6019 -0.6569 0.8972, -1.5794 -0.6487 0.9146, -1.5602 -0.6392 0.935, -1.5448 -0.6286 0.9578, -1.5335 -0.6171 0.9826, -1.5266 -0.6049 1.0086, -1.6803 -0.6992 0.8602, -1.6488 -0.696 0.867, -1.6189 -0.6907 0.8783, -1.5913 -0.6836 0.8936, -1.5667 -0.6747 0.9127, -1.5456 -0.6643 0.935, -1.5287 -0.6526 0.96, -1.5163 -0.64 0.9871, -1.5088 -0.6267 1.0157, -1.4598 -0.8871 0.4572, -1.4598 -0.9763 0.4988, -1.9654 -0.9763 0.4988, -1.9654 -0.8871 0.4572, -1.8504 -0.7022 1.0865, -1.5748 -0.7022 1.0865, -1.5159 -0.5867 1.1014, -1.5281 -0.5739 1.1287, -1.545 -0.5622 1.154, -1.566 -0.5516 1.1765, -1.5907 -0.5427 1.1958, -1.6184 -0.5354 1.2113, -1.6485 -0.5301 1.2227, -1.9093 -0.6393 0.9885, -1.8971 -0.6521 0.9611, -1.8802 -0.6639 0.9358, -1.8592 -0.6744 0.9133, -1.8345 -0.6834 0.894, -1.8068 -0.6906 0.8785, -1.7767 -0.6959 0.8672, -1.8339 -0.5425 1.1962, -1.8585 -0.5513 1.1772, -1.7764 -0.5301 1.2228, -1.7449 -0.5269 1.2296, -1.7126 -0.5258 1.2319, -1.6801 -0.5269 1.2296, -1.8795 -0.5618 1.1548, -1.8965 -0.5734 1.1298, -1.9089 -0.5861 1.1027, -1.8063 -0.5353 1.2116, -1.7451 -0.6991 0.8602, -1.7126 -0.7002 0.8579, -1.4598 -0.8871 0.4572, -1.6803 -0.6992 0.8602, -1.6488 -0.696 0.867, -1.6189 -0.6907 0.8783, -1.5913 -0.6836 0.8936, -1.5667 -0.6747 0.9127, -1.9164 -0.5994 1.0742, -1.919 -0.613 1.0449, -1.9167 -0.6259 1.0172, -1.5456 -0.6643 0.935, -1.5287 -0.6526 0.96, -1.5163 -0.64 0.9871, -1.5088 -0.6267 1.0157, -1.5062 -0.613 1.0449, -1.5085 -0.6001 1.0726, -1.4595 -0.8903 0.4499, -1.4589 -0.8952 0.4342, -1.4589 -0.989 0.4644, -1.4588 -0.9912 0.4583, -1.4582 -0.9006 0.4165, -1.4586 -0.9932 0.4529, -1.4581 -0.9015 0.4137, -1.4578 -0.9996 0.4193, -1.4578 -0.9024 0.4042, -1.4567 -1.0039 0.374, -1.4567 -0.9055 0.374, -1.4574 -1.0023 0.4048, -1.4577 -1.0002 0.4162, -1.9661 -0.9878 0.4702, -1.9663 -0.8951 0.4341, -1.9685 -0.9055 0.374, -1.9685 -1.0039 0.374, -1.9682 -0.9053 0.382, -1.9675 -1.0004 0.4163, -1.9674 -0.9023 0.4042, -1.9674 -1.0002 0.4194, -1.9669 -0.9006 0.4166, -1.9673 -0.9999 0.4228, -1.9668 -0.9002 0.4195, -1.9664 -0.9909 0.4583, -1.9663 -0.9893 0.4645, -1.1811 -0.9055 0.2953, -1.1811 -1.0039 0.2953, -1.1851 -1.0039 0.2647, -1.1851 -0.9055 0.2647, -1.1969 -1.0039 0.2362, -1.1969 -0.9055 0.2362, -1.2157 -1.0039 0.2118, -1.2157 -0.9055 0.2118, -1.2402 -1.0039 0.193, -1.2402 -0.9055 0.193, -1.2686 -1.0039 0.1812, -1.2686 -0.9055 0.1812, -1.1811 -1.0039 1.2795, -1.1811 -0.9055 1.2795, -1.1516 -0.9055 1.3976, -1.1516 -1.0039 1.3976, -1.1516 -0.9055 1.5551, -1.1516 -1.0039 1.5551, -1.1811 -1.0039 1.5551, -1.1811 -0.9055 1.5551, -1.1811 -0.9055 1.6665, -1.1811 -1.0039 1.6665, -1.1941 -0.9055 1.66, -1.1941 -1.0039 1.66, -1.2051 -0.9055 1.6505, -1.2051 -1.0039 1.6505, -1.2135 -0.9055 1.6387, -1.2135 -1.0039 1.6387, -1.2187 -0.9055 1.6252, -1.2187 -1.0039 1.6252, -1.2205 -0.9055 1.6108, -1.2205 -1.0039 1.6108, -1.2187 -0.9055 1.5964, -1.2187 -1.0039 1.5964, -1.2135 -0.9055 1.5829, -1.2135 -1.0039 1.5829, -1.2051 -0.9055 1.571, -1.2051 -1.0039 1.571, -1.1941 -0.9055 1.5616, -1.1941 -1.0039 1.5616, -1.1811 -1.0039 1.752, -1.1811 -0.9055 1.752, -2.1555 -0.9055 1.752, -2.1555 -1.0039 1.752, -2.1555 -1.0039 0.1809, -2.1555 -0.9055 0.1809, -1.6296 -1.0039 1.6339, -1.7956 -1.0039 1.6339, -1.6296 -0.9055 1.6339, -1.7956 -0.9055 1.6339, -1.5946 -1.0039 1.6293, -1.5946 -0.9055 1.6293, -1.562 -1.0039 1.6161, -1.562 -0.9055 1.6161, -1.5337 -1.0039 1.595, -1.5337 -0.9055 1.595, -1.5117 -1.0039 1.5674, -1.5117 -0.9055 1.5674, -1.4975 -1.0039 1.5352, -1.4975 -0.9055 1.5352, -1.4919 -1.0039 1.5004, -1.4919 -0.9055 1.5004, -1.4567 -1.0039 0.374, -1.4567 -0.9055 0.374, -1.4567 -0.9055 0.374, -1.9685 -0.9055 0.374, -1.4595 -0.8903 0.4499, -1.9668 -0.9002 0.4195, -1.4581 -0.9015 0.4137, -1.9682 -0.9053 0.382, -1.9333 -0.9055 1.5004, -1.9685 -1.0039 0.374, -1.9333 -1.0039 1.5004, -1.9277 -1.0039 1.5352, -1.9277 -0.9055 1.5352, -1.9134 -1.0039 1.5674, -1.9134 -0.9055 1.5674, -1.8915 -1.0039 1.595, -1.8915 -0.9055 1.595, -1.8632 -1.0039 1.6161, -1.8632 -0.9055 1.6161, -1.8305 -1.0039 1.6293, -1.8305 -0.9055 1.6293, -1.9661 -0.9878 0.4702, -1.4586 -0.9932 0.4529, -1.9673 -0.9999 0.4228, -1.4574 -1.0023 0.4048, -1.9685 -1.0039 0.374, -1.4567 -1.0039 0.374, -1.5551 -1.4567 0.0984, -1.6384 -1.6566 0.0984, -1.5551 -1.4567 -0.0, -1.6384 -1.6566 -0.0, -1.4718 -1.6566 -0.0, -1.4718 -1.6566 0.0984, -1.3583 -1.6339 -0.0, -1.3583 -1.6339 0.0984, -1.3601 -1.6485 0.0984, -1.3601 -1.6485 -0.0, -1.3655 -1.6621 0.0984, -1.3655 -1.6621 -0.0, -1.3741 -1.6741 0.0984, -1.3741 -1.6741 -0.0, -1.3854 -1.6835 0.0984, -1.3854 -1.6835 -0.0, -1.3986 -1.6899 0.0984, -1.3986 -1.6899 -0.0, -1.413 -1.6928 0.0984, -1.413 -1.6928 -0.0, -1.4277 -1.692 0.0984, -1.4277 -1.692 -0.0, -1.4418 -1.6876 0.0984, -1.4418 -1.6876 -0.0, -1.4543 -1.6799 0.0984, -1.4543 -1.6799 -0.0, -1.4645 -1.6693 0.0984, -1.4645 -1.6693 -0.0, -1.3583 -1.0827 0.0984, -1.752 -1.0827 0.0984, -1.752 -1.6339 0.0984, -1.7501 -1.6485 0.0984, -1.7448 -1.6621 0.0984, -1.7362 -1.6741 0.0984, -1.6457 -1.6693 0.0984, -1.6559 -1.6799 0.0984, -1.7249 -1.6835 0.0984, -1.7116 -1.6899 0.0984, -1.6972 -1.6928 0.0984, -1.6825 -1.692 0.0984, -1.6685 -1.6876 0.0984, -1.6457 -1.6693 -0.0, -1.6559 -1.6799 -0.0, -1.6685 -1.6876 -0.0, -1.6825 -1.692 -0.0, -1.6972 -1.6928 -0.0, -1.7116 -1.6899 -0.0, -1.7249 -1.6835 -0.0, -1.7362 -1.6741 -0.0, -1.7448 -1.6621 -0.0, -1.7501 -1.6485 -0.0, -1.752 -1.6339 -0.0, -1.3583 -1.0066 0.1568, -1.752 -1.0066 0.1568, -1.3583 -1.0145 0.1378, -1.752 -1.0145 0.1378, -1.3583 -1.027 0.1215, -1.752 -1.027 0.1215, -1.3583 -1.0433 0.109, -1.752 -1.0433 0.109, -1.3583 -1.0623 0.1011, -1.752 -1.0623 0.1011, -1.752 -1.0827 -0.0, -1.3583 -1.0827 -0.0, -1.3583 -0.91 0.1377, -1.3583 -0.9231 0.1003, -1.3583 -0.9442 0.0667, -1.3583 -0.9722 0.0386, -1.3583 -1.0433 0.0044, -1.3583 -1.0058 0.0175, -1.752 -1.0433 0.0044, -1.752 -1.0058 0.0175, -1.752 -0.9722 0.0386, -1.752 -0.91 0.1377, -1.752 -0.9231 0.1003, -1.752 -0.9442 0.0667
            ]
        }
        coordIndex [
            0,1,2,-1,2,1,3,-1,2,4,0,-1,0,4,5,-1,6,7,8,-1,6,8,9,-1,9,8,10,-1,9,10,11,-1,11,10,12,-1,11,12,13,-1,13,12,14,-1,13,14,15,-1,15,14,16,-1,15,16,17,-1,17,16,18,-1,17,18,19,-1,19,18,20,-1,19,20,21,-1,21,20,22,-1,21,22,23,-1,23,22,24,-1,23,24,25,-1,25,24,26,-1,25,26,27,-1,27,26,3,-1,27,3,1,-1,28,29,30,-1,28,30,31,-1,31,30,32,-1,31,32,33,-1,33,32,34,-1,33,34,35,-1,35,34,36,-1,35,36,37,-1,37,36,38,-1,37,38,39,-1,39,38,40,-1,39,40,41,-1,41,40,42,-1,41,42,43,-1,43,42,44,-1,43,44,45,-1,45,44,46,-1,45,46,47,-1,47,46,48,-1,47,48,49,-1,49,48,5,-1,49,5,4,-1,32,30,5,-1,5,30,29,-1,5,29,0,-1,44,42,40,-1,29,50,0,-1,0,50,51,-1,0,51,1,-1,1,51,6,-1,1,6,9,-1,15,17,1,-1,1,17,19,-1,1,19,21,-1,48,46,36,-1,36,46,44,-1,36,44,38,-1,38,44,40,-1,48,36,5,-1,5,36,34,-1,5,34,32,-1,9,11,1,-1,1,11,13,-1,1,13,15,-1,21,23,1,-1,1,23,25,-1,1,25,27,-1,52,53,54,-1,54,53,55,-1,54,55,56,-1,56,55,57,-1,56,57,58,-1,58,57,59,-1,58,59,60,-1,60,59,61,-1,60,61,62,-1,62,61,63,-1,62,63,50,-1,50,63,51,-1,2,3,7,-1,31,33,4,-1,3,20,18,-1,18,16,3,-1,3,16,14,-1,3,14,12,-1,7,64,2,-1,2,64,65,-1,2,65,4,-1,4,65,28,-1,4,28,31,-1,37,45,47,-1,26,24,3,-1,3,24,22,-1,3,22,20,-1,12,10,3,-1,3,10,8,-1,3,8,7,-1,37,39,45,-1,45,39,41,-1,45,41,43,-1,33,35,4,-1,4,35,37,-1,4,37,49,-1,49,37,47,-1,66,67,68,-1,69,70,71,-1,72,73,74,-1,74,73,75,-1,74,75,71,-1,71,75,76,-1,71,76,69,-1,72,77,73,-1,73,77,78,-1,73,78,79,-1,73,80,81,-1,66,68,82,-1,83,84,71,-1,71,84,85,-1,79,86,73,-1,73,86,87,-1,73,87,80,-1,81,88,73,-1,73,88,89,-1,73,89,68,-1,68,89,90,-1,68,90,91,-1,85,92,71,-1,71,92,93,-1,71,93,94,-1,94,95,71,-1,71,95,96,-1,71,96,97,-1,97,98,99,-1,91,100,68,-1,68,100,101,-1,68,101,82,-1,70,102,71,-1,71,102,103,-1,71,103,83,-1,99,104,97,-1,97,104,105,-1,97,105,71,-1,106,107,108,-1,109,110,111,-1,112,113,111,-1,111,113,114,-1,111,114,115,-1,108,107,111,-1,111,107,116,-1,111,116,109,-1,110,117,111,-1,111,117,118,-1,111,118,112,-1,108,119,106,-1,106,119,120,-1,106,120,121,-1,121,122,106,-1,106,122,123,-1,106,123,124,-1,125,115,126,-1,126,115,127,-1,128,129,130,-1,130,129,131,-1,124,132,106,-1,106,132,133,-1,106,133,134,-1,134,133,131,-1,134,131,135,-1,135,131,129,-1,125,136,115,-1,115,136,137,-1,115,137,111,-1,138,139,140,-1,139,141,142,-1,141,143,144,-1,145,146,147,-1,89,148,149,-1,89,149,90,-1,90,149,150,-1,90,150,91,-1,91,150,151,-1,91,151,100,-1,100,151,152,-1,100,152,101,-1,101,152,153,-1,101,153,82,-1,82,153,154,-1,82,154,66,-1,66,154,155,-1,66,155,67,-1,67,155,156,-1,67,156,68,-1,68,156,147,-1,68,147,73,-1,73,147,146,-1,73,146,157,-1,143,158,159,-1,159,158,145,-1,138,140,160,-1,145,147,159,-1,159,147,156,-1,159,156,161,-1,161,156,155,-1,161,155,162,-1,162,155,154,-1,162,154,163,-1,163,154,153,-1,163,153,164,-1,164,153,152,-1,164,152,165,-1,165,152,151,-1,165,151,166,-1,166,151,150,-1,166,150,167,-1,167,150,149,-1,167,149,168,-1,168,149,148,-1,168,148,169,-1,143,159,144,-1,144,159,161,-1,144,161,170,-1,170,161,162,-1,170,162,171,-1,171,162,163,-1,171,163,172,-1,172,163,164,-1,172,164,173,-1,173,164,165,-1,173,165,174,-1,174,165,166,-1,174,166,175,-1,175,166,167,-1,175,167,176,-1,176,167,168,-1,176,168,177,-1,177,168,169,-1,177,169,178,-1,141,144,142,-1,142,144,170,-1,142,170,179,-1,179,170,171,-1,179,171,180,-1,180,171,172,-1,180,172,181,-1,181,172,173,-1,181,173,182,-1,182,173,174,-1,182,174,183,-1,183,174,175,-1,183,175,184,-1,184,175,176,-1,184,176,185,-1,185,176,177,-1,185,177,186,-1,186,177,178,-1,186,178,187,-1,139,142,140,-1,140,142,179,-1,140,179,188,-1,188,179,180,-1,188,180,189,-1,189,180,181,-1,189,181,190,-1,190,181,182,-1,190,182,191,-1,191,182,183,-1,191,183,192,-1,192,183,184,-1,192,184,193,-1,193,184,185,-1,193,185,194,-1,194,185,186,-1,194,186,195,-1,195,186,187,-1,195,187,196,-1,160,140,197,-1,197,140,188,-1,197,188,198,-1,198,188,189,-1,198,189,199,-1,199,189,190,-1,199,190,200,-1,200,190,191,-1,200,191,201,-1,201,191,192,-1,201,192,202,-1,202,192,193,-1,202,193,203,-1,203,193,194,-1,203,194,204,-1,204,194,195,-1,204,195,205,-1,205,195,196,-1,205,196,206,-1,207,208,209,-1,208,210,211,-1,210,212,213,-1,214,215,71,-1,212,216,217,-1,217,216,214,-1,218,219,220,-1,220,219,207,-1,214,71,217,-1,217,71,105,-1,217,105,221,-1,221,105,104,-1,221,104,222,-1,222,104,99,-1,222,99,223,-1,223,99,98,-1,223,98,224,-1,224,98,97,-1,224,97,225,-1,225,97,96,-1,225,96,226,-1,226,96,95,-1,226,95,227,-1,227,95,94,-1,227,94,228,-1,228,94,93,-1,228,93,229,-1,212,217,213,-1,213,217,221,-1,213,221,230,-1,230,221,222,-1,230,222,231,-1,231,222,223,-1,231,223,232,-1,232,223,224,-1,232,224,233,-1,233,224,225,-1,233,225,234,-1,234,225,226,-1,234,226,235,-1,235,226,227,-1,235,227,236,-1,236,227,228,-1,236,228,237,-1,237,228,229,-1,237,229,238,-1,210,213,211,-1,211,213,230,-1,211,230,239,-1,239,230,231,-1,239,231,240,-1,240,231,232,-1,240,232,241,-1,241,232,233,-1,241,233,242,-1,242,233,234,-1,242,234,243,-1,243,234,235,-1,243,235,244,-1,244,235,236,-1,244,236,245,-1,245,236,237,-1,245,237,246,-1,246,237,238,-1,246,238,247,-1,208,211,209,-1,209,211,239,-1,209,239,248,-1,248,239,240,-1,248,240,249,-1,249,240,241,-1,249,241,250,-1,250,241,242,-1,250,242,251,-1,251,242,243,-1,251,243,252,-1,252,243,244,-1,252,244,253,-1,253,244,245,-1,253,245,254,-1,254,245,246,-1,254,246,255,-1,255,246,247,-1,255,247,256,-1,207,209,220,-1,220,209,248,-1,220,248,257,-1,257,248,249,-1,257,249,258,-1,258,249,250,-1,258,250,259,-1,259,250,251,-1,259,251,260,-1,260,251,252,-1,260,252,261,-1,261,252,253,-1,261,253,262,-1,262,253,254,-1,262,254,263,-1,263,254,255,-1,263,255,264,-1,264,255,256,-1,264,256,265,-1,218,220,266,-1,266,220,257,-1,266,257,267,-1,267,257,258,-1,267,258,268,-1,268,258,259,-1,268,259,269,-1,269,259,260,-1,269,260,270,-1,270,260,261,-1,270,261,271,-1,271,261,262,-1,271,262,272,-1,272,262,263,-1,272,263,273,-1,273,263,264,-1,273,264,274,-1,274,264,265,-1,274,265,275,-1,276,277,278,-1,276,278,279,-1,279,278,280,-1,279,280,281,-1,281,280,282,-1,281,282,283,-1,283,282,284,-1,283,284,285,-1,285,284,286,-1,285,286,287,-1,287,286,288,-1,287,288,289,-1,290,291,292,-1,290,292,293,-1,293,292,294,-1,293,294,295,-1,295,294,296,-1,295,296,297,-1,297,296,298,-1,297,298,299,-1,299,298,300,-1,299,300,301,-1,301,300,302,-1,301,302,303,-1,302,277,303,-1,303,277,276,-1,304,305,306,-1,307,308,309,-1,310,311,312,-1,313,314,315,-1,316,317,318,-1,319,320,321,-1,322,133,323,-1,323,133,132,-1,323,132,324,-1,324,132,124,-1,324,124,325,-1,325,124,123,-1,325,123,326,-1,326,123,122,-1,326,122,327,-1,327,122,121,-1,327,121,328,-1,328,121,120,-1,328,120,321,-1,321,120,119,-1,321,119,319,-1,320,316,321,-1,321,316,318,-1,321,318,328,-1,328,318,329,-1,328,329,327,-1,327,329,330,-1,327,330,326,-1,326,330,331,-1,326,331,325,-1,325,331,332,-1,325,332,324,-1,324,332,333,-1,324,333,323,-1,323,333,334,-1,323,334,322,-1,322,334,335,-1,317,313,318,-1,318,313,315,-1,318,315,329,-1,329,315,336,-1,329,336,330,-1,330,336,337,-1,330,337,331,-1,331,337,338,-1,331,338,332,-1,332,338,339,-1,332,339,333,-1,333,339,340,-1,333,340,334,-1,334,340,341,-1,334,341,335,-1,335,341,342,-1,314,310,315,-1,315,310,312,-1,315,312,336,-1,336,312,343,-1,336,343,337,-1,337,343,344,-1,337,344,338,-1,338,344,345,-1,338,345,339,-1,339,345,346,-1,339,346,340,-1,340,346,347,-1,340,347,341,-1,341,347,348,-1,341,348,342,-1,342,348,349,-1,311,307,312,-1,312,307,309,-1,312,309,343,-1,343,309,350,-1,343,350,344,-1,344,350,351,-1,344,351,345,-1,345,351,352,-1,345,352,346,-1,346,352,353,-1,346,353,347,-1,347,353,354,-1,347,354,348,-1,348,354,355,-1,348,355,349,-1,349,355,356,-1,308,304,309,-1,309,304,306,-1,309,306,350,-1,350,306,357,-1,350,357,351,-1,351,357,358,-1,351,358,352,-1,352,358,359,-1,352,359,353,-1,353,359,360,-1,353,360,354,-1,354,360,361,-1,354,361,355,-1,355,361,362,-1,355,362,356,-1,356,362,363,-1,305,364,306,-1,306,364,365,-1,306,365,357,-1,357,365,366,-1,357,366,358,-1,358,366,367,-1,358,367,359,-1,359,367,368,-1,359,368,360,-1,360,368,369,-1,360,369,361,-1,361,369,370,-1,361,370,362,-1,362,370,371,-1,362,371,363,-1,363,371,372,-1,373,374,375,-1,376,377,378,-1,379,380,381,-1,382,383,384,-1,385,386,387,-1,388,389,390,-1,391,388,116,-1,116,388,390,-1,116,390,109,-1,109,390,392,-1,109,392,110,-1,110,392,393,-1,110,393,117,-1,117,393,394,-1,117,394,118,-1,118,394,395,-1,118,395,112,-1,112,395,396,-1,112,396,113,-1,113,396,397,-1,113,397,114,-1,114,397,398,-1,389,385,390,-1,390,385,387,-1,390,387,392,-1,392,387,399,-1,392,399,393,-1,393,399,400,-1,393,400,394,-1,394,400,401,-1,394,401,395,-1,395,401,402,-1,395,402,396,-1,396,402,403,-1,396,403,397,-1,397,403,404,-1,397,404,398,-1,398,404,405,-1,386,382,387,-1,387,382,384,-1,387,384,399,-1,399,384,406,-1,399,406,400,-1,400,406,407,-1,400,407,401,-1,401,407,408,-1,401,408,402,-1,402,408,409,-1,402,409,403,-1,403,409,410,-1,403,410,404,-1,404,410,411,-1,404,411,405,-1,405,411,412,-1,383,379,384,-1,384,379,381,-1,384,381,406,-1,406,381,413,-1,406,413,407,-1,407,413,414,-1,407,414,408,-1,408,414,415,-1,408,415,409,-1,409,415,416,-1,409,416,410,-1,410,416,417,-1,410,417,411,-1,411,417,418,-1,411,418,412,-1,412,418,419,-1,380,376,381,-1,381,376,378,-1,381,378,413,-1,413,378,420,-1,413,420,414,-1,414,420,421,-1,414,421,415,-1,415,421,422,-1,415,422,416,-1,416,422,423,-1,416,423,417,-1,417,423,424,-1,417,424,418,-1,418,424,425,-1,418,425,419,-1,419,425,426,-1,377,373,378,-1,378,373,375,-1,378,375,420,-1,420,375,427,-1,420,427,421,-1,421,427,428,-1,421,428,422,-1,422,428,429,-1,422,429,423,-1,423,429,430,-1,423,430,424,-1,424,430,431,-1,424,431,425,-1,425,431,432,-1,425,432,426,-1,426,432,433,-1,434,435,289,-1,436,437,438,-1,438,437,439,-1,440,441,438,-1,289,442,287,-1,287,442,443,-1,287,443,285,-1,285,443,444,-1,285,444,283,-1,441,445,438,-1,438,445,446,-1,438,446,436,-1,435,447,289,-1,289,447,448,-1,289,448,442,-1,439,449,438,-1,438,449,450,-1,438,450,451,-1,451,450,452,-1,451,452,453,-1,454,455,290,-1,453,456,451,-1,451,456,457,-1,451,457,458,-1,458,459,451,-1,451,459,460,-1,451,460,461,-1,297,299,462,-1,462,299,301,-1,462,301,463,-1,463,301,303,-1,463,303,464,-1,464,303,276,-1,464,276,465,-1,465,276,279,-1,465,279,444,-1,444,279,281,-1,444,281,283,-1,466,467,290,-1,290,467,468,-1,290,468,454,-1,455,469,290,-1,290,469,470,-1,290,470,438,-1,438,470,471,-1,438,471,440,-1,461,472,451,-1,451,472,473,-1,451,473,289,-1,289,473,474,-1,289,474,434,-1,466,290,475,-1,475,290,293,-1,475,293,462,-1,462,293,295,-1,462,295,297,-1,476,289,477,-1,477,289,288,-1,478,291,438,-1,438,291,290,-1,298,296,479,-1,480,481,477,-1,291,482,483,-1,479,296,484,-1,483,485,291,-1,291,485,486,-1,291,486,292,-1,292,486,484,-1,292,484,294,-1,294,484,296,-1,481,487,477,-1,477,487,488,-1,477,488,489,-1,369,368,288,-1,288,368,367,-1,288,367,366,-1,284,282,370,-1,370,282,280,-1,370,280,371,-1,431,430,478,-1,280,278,371,-1,371,278,277,-1,371,277,372,-1,372,277,302,-1,372,302,479,-1,479,302,300,-1,479,300,298,-1,369,288,370,-1,370,288,286,-1,370,286,284,-1,366,365,288,-1,288,365,490,-1,288,490,477,-1,477,490,491,-1,477,491,480,-1,489,492,477,-1,477,492,433,-1,477,433,478,-1,478,433,432,-1,478,432,431,-1,430,429,478,-1,478,429,428,-1,478,428,427,-1,427,375,478,-1,478,375,493,-1,478,493,291,-1,291,493,494,-1,291,494,482,-1,478,438,495,-1,495,438,496,-1,497,498,499,-1,499,498,500,-1,499,500,501,-1,501,500,502,-1,501,502,503,-1,503,502,504,-1,503,504,505,-1,505,504,506,-1,505,506,496,-1,496,506,507,-1,496,507,495,-1,508,476,477,-1,508,477,509,-1,477,510,509,-1,509,510,511,-1,509,511,512,-1,512,511,513,-1,512,513,514,-1,514,513,515,-1,514,515,516,-1,517,518,519,-1,519,518,516,-1,519,516,520,-1,520,516,515,-1,29,28,50,-1,50,28,65,-1,50,65,62,-1,62,65,521,-1,62,521,60,-1,60,521,522,-1,60,522,58,-1,522,523,58,-1,58,523,524,-1,58,524,56,-1,56,524,525,-1,56,525,54,-1,54,525,526,-1,54,526,52,-1,52,526,527,-1,52,527,528,-1,529,527,526,-1,529,526,530,-1,530,526,525,-1,530,525,531,-1,531,525,524,-1,531,524,532,-1,532,524,523,-1,532,523,533,-1,533,523,522,-1,533,522,534,-1,534,522,521,-1,534,521,535,-1,535,521,65,-1,535,65,64,-1,528,527,536,-1,536,527,537,-1,538,536,539,-1,539,536,537,-1,540,541,542,-1,542,541,543,-1,542,543,544,-1,544,543,545,-1,544,545,546,-1,546,545,547,-1,546,547,548,-1,548,547,549,-1,548,549,550,-1,550,549,551,-1,550,551,552,-1,552,551,553,-1,552,553,554,-1,554,553,555,-1,554,555,556,-1,556,555,557,-1,556,557,558,-1,558,557,559,-1,558,559,560,-1,560,559,561,-1,562,563,540,-1,540,563,541,-1,564,565,566,-1,566,565,567,-1,564,566,568,-1,568,566,569,-1,568,569,570,-1,570,569,571,-1,570,571,572,-1,572,571,573,-1,572,573,574,-1,574,573,575,-1,574,575,576,-1,576,575,577,-1,576,577,578,-1,578,577,579,-1,580,578,581,-1,581,578,579,-1,516,582,583,-1,438,451,496,-1,496,451,584,-1,496,584,585,-1,584,509,585,-1,585,509,512,-1,585,512,503,-1,503,512,586,-1,503,586,501,-1,501,586,516,-1,501,516,587,-1,587,516,583,-1,583,588,589,-1,589,588,590,-1,590,588,591,-1,591,588,592,-1,591,592,593,-1,593,592,594,-1,593,594,595,-1,595,594,596,-1,595,596,597,-1,597,596,598,-1,597,598,599,-1,599,598,600,-1,599,600,565,-1,565,600,567,-1,7,6,64,-1,64,6,51,-1,64,51,535,-1,535,51,63,-1,535,63,534,-1,534,63,61,-1,534,61,533,-1,533,61,59,-1,533,59,532,-1,532,59,57,-1,532,57,531,-1,531,57,530,-1,530,57,55,-1,530,55,529,-1,529,55,53,-1,529,53,601,-1,602,603,604,-1,604,603,605,-1,606,607,601,-1,601,607,529,-1,608,560,609,-1,609,560,561,-1,607,610,583,-1,603,562,540,-1,539,537,582,-1,582,537,527,-1,582,527,583,-1,583,527,529,-1,583,529,607,-1,611,577,575,-1,612,613,583,-1,583,613,614,-1,583,614,605,-1,539,582,611,-1,611,582,579,-1,611,579,577,-1,544,546,588,-1,610,615,583,-1,583,615,616,-1,583,616,612,-1,594,608,596,-1,596,608,598,-1,588,546,592,-1,575,573,611,-1,611,573,571,-1,611,571,569,-1,546,548,592,-1,592,548,550,-1,592,550,594,-1,594,550,552,-1,552,554,594,-1,594,554,556,-1,594,556,608,-1,608,556,558,-1,608,558,560,-1,544,588,542,-1,542,588,583,-1,542,583,540,-1,540,583,605,-1,540,605,603,-1,569,566,611,-1,611,566,567,-1,611,567,608,-1,608,567,600,-1,608,600,598,-1,608,609,611,-1,611,609,617,-1,605,614,604,-1,604,614,618,-1,607,606,619,-1,607,619,610,-1,610,619,620,-1,610,620,615,-1,615,620,621,-1,615,621,616,-1,616,621,622,-1,616,622,612,-1,612,622,623,-1,612,623,613,-1,613,623,618,-1,613,618,614,-1,477,478,510,-1,510,478,495,-1,510,495,511,-1,495,507,511,-1,511,507,506,-1,511,506,624,-1,624,506,515,-1,515,506,625,-1,515,625,520,-1,625,502,520,-1,520,502,500,-1,520,500,626,-1,626,500,627,-1,626,627,628,-1,603,602,562,-1,562,602,563,-1,568,570,617,-1,617,570,572,-1,617,572,574,-1,593,595,609,-1,609,595,597,-1,618,627,604,-1,604,627,541,-1,604,541,602,-1,602,541,563,-1,528,536,628,-1,628,536,538,-1,628,538,578,-1,578,538,617,-1,578,617,576,-1,576,617,574,-1,627,606,628,-1,628,606,601,-1,628,601,528,-1,528,601,53,-1,528,53,52,-1,618,623,627,-1,627,623,622,-1,627,622,621,-1,591,551,549,-1,621,620,627,-1,627,620,619,-1,627,619,606,-1,597,599,609,-1,609,599,565,-1,609,565,617,-1,617,565,564,-1,617,564,568,-1,609,561,559,-1,591,549,590,-1,551,591,553,-1,553,591,593,-1,553,593,555,-1,549,547,590,-1,590,547,545,-1,590,545,627,-1,627,545,543,-1,627,543,541,-1,609,559,593,-1,593,559,557,-1,593,557,555,-1,611,617,539,-1,539,617,538,-1,206,196,629,-1,196,187,630,-1,187,178,631,-1,632,212,210,-1,178,169,633,-1,169,148,634,-1,72,635,636,-1,72,636,77,-1,77,636,637,-1,77,637,78,-1,78,637,638,-1,78,638,79,-1,79,638,639,-1,79,639,86,-1,86,639,640,-1,86,640,87,-1,87,640,641,-1,87,641,80,-1,80,641,642,-1,80,642,81,-1,81,642,634,-1,81,634,88,-1,88,634,148,-1,88,148,89,-1,72,643,635,-1,635,643,214,-1,635,214,216,-1,169,634,633,-1,633,634,642,-1,633,642,644,-1,644,642,641,-1,644,641,645,-1,645,641,640,-1,645,640,646,-1,646,640,639,-1,646,639,647,-1,647,639,638,-1,647,638,648,-1,648,638,637,-1,648,637,649,-1,649,637,636,-1,649,636,650,-1,650,636,635,-1,650,635,632,-1,632,635,216,-1,632,216,212,-1,178,633,631,-1,631,633,644,-1,631,644,651,-1,651,644,645,-1,651,645,652,-1,652,645,646,-1,652,646,653,-1,653,646,647,-1,653,647,654,-1,654,647,648,-1,654,648,655,-1,655,648,649,-1,655,649,656,-1,656,649,650,-1,656,650,657,-1,657,650,632,-1,657,632,658,-1,658,632,210,-1,658,210,208,-1,187,631,630,-1,630,631,651,-1,630,651,659,-1,659,651,652,-1,659,652,660,-1,660,652,653,-1,660,653,661,-1,661,653,654,-1,661,654,662,-1,662,654,655,-1,662,655,663,-1,663,655,656,-1,663,656,664,-1,664,656,657,-1,664,657,665,-1,665,657,658,-1,665,658,666,-1,666,658,208,-1,666,208,207,-1,196,630,629,-1,629,630,659,-1,629,659,667,-1,667,659,660,-1,667,660,668,-1,668,660,661,-1,668,661,669,-1,669,661,662,-1,669,662,670,-1,670,662,663,-1,670,663,671,-1,671,663,664,-1,671,664,672,-1,672,664,665,-1,672,665,673,-1,673,665,666,-1,673,666,674,-1,674,666,207,-1,674,207,219,-1,206,629,675,-1,675,629,667,-1,675,667,676,-1,676,667,668,-1,676,668,677,-1,677,668,669,-1,677,669,678,-1,678,669,670,-1,678,670,679,-1,679,670,671,-1,679,671,680,-1,680,671,672,-1,680,672,681,-1,681,672,673,-1,681,673,682,-1,682,673,674,-1,682,674,683,-1,683,674,219,-1,683,219,218,-1,275,265,684,-1,265,256,685,-1,256,247,686,-1,247,238,687,-1,688,145,158,-1,238,229,689,-1,229,93,92,-1,76,690,146,-1,229,92,689,-1,689,92,85,-1,689,85,691,-1,691,85,84,-1,691,84,692,-1,692,84,83,-1,692,83,693,-1,693,83,103,-1,693,103,694,-1,694,103,102,-1,694,102,695,-1,695,102,70,-1,695,70,696,-1,696,70,69,-1,696,69,697,-1,697,69,76,-1,697,76,688,-1,688,76,146,-1,688,146,145,-1,238,689,687,-1,687,689,691,-1,687,691,698,-1,698,691,692,-1,698,692,699,-1,699,692,693,-1,699,693,700,-1,700,693,694,-1,700,694,701,-1,701,694,695,-1,701,695,702,-1,702,695,696,-1,702,696,703,-1,703,696,697,-1,703,697,704,-1,704,697,688,-1,704,688,705,-1,705,688,158,-1,705,158,143,-1,247,687,686,-1,686,687,698,-1,686,698,706,-1,706,698,699,-1,706,699,707,-1,707,699,700,-1,707,700,708,-1,708,700,701,-1,708,701,709,-1,709,701,702,-1,709,702,710,-1,710,702,703,-1,710,703,711,-1,711,703,704,-1,711,704,712,-1,712,704,705,-1,712,705,713,-1,713,705,143,-1,713,143,141,-1,256,686,685,-1,685,686,706,-1,685,706,714,-1,714,706,707,-1,714,707,715,-1,715,707,708,-1,715,708,716,-1,716,708,709,-1,716,709,717,-1,717,709,710,-1,717,710,718,-1,718,710,711,-1,718,711,719,-1,719,711,712,-1,719,712,720,-1,720,712,713,-1,720,713,721,-1,721,713,141,-1,721,141,139,-1,265,685,684,-1,684,685,714,-1,684,714,722,-1,722,714,715,-1,722,715,723,-1,723,715,716,-1,723,716,724,-1,724,716,717,-1,724,717,725,-1,725,717,718,-1,725,718,726,-1,726,718,719,-1,726,719,727,-1,727,719,720,-1,727,720,728,-1,728,720,721,-1,728,721,729,-1,729,721,139,-1,729,139,138,-1,275,684,730,-1,730,684,722,-1,730,722,731,-1,731,722,723,-1,731,723,732,-1,732,723,724,-1,732,724,733,-1,733,724,725,-1,733,725,734,-1,734,725,726,-1,734,726,735,-1,735,726,727,-1,735,727,736,-1,736,727,728,-1,736,728,737,-1,737,728,729,-1,737,729,738,-1,738,729,138,-1,738,138,160,-1,739,322,740,-1,377,376,741,-1,380,379,742,-1,383,382,743,-1,386,385,744,-1,389,388,745,-1,388,391,745,-1,745,391,106,-1,745,106,746,-1,746,106,134,-1,746,134,747,-1,747,134,135,-1,747,135,748,-1,748,135,129,-1,748,129,749,-1,749,129,128,-1,749,128,750,-1,750,128,130,-1,750,130,740,-1,740,130,131,-1,740,131,739,-1,322,335,740,-1,740,335,751,-1,740,751,750,-1,750,751,752,-1,750,752,749,-1,749,752,753,-1,749,753,748,-1,748,753,754,-1,748,754,747,-1,747,754,755,-1,747,755,746,-1,746,755,756,-1,746,756,745,-1,745,756,744,-1,745,744,389,-1,389,744,385,-1,335,342,751,-1,751,342,757,-1,751,757,752,-1,752,757,758,-1,752,758,753,-1,753,758,759,-1,753,759,754,-1,754,759,760,-1,754,760,755,-1,755,760,761,-1,755,761,756,-1,756,761,762,-1,756,762,744,-1,744,762,743,-1,744,743,386,-1,386,743,382,-1,342,349,757,-1,757,349,763,-1,757,763,758,-1,758,763,764,-1,758,764,759,-1,759,764,765,-1,759,765,760,-1,760,765,766,-1,760,766,761,-1,761,766,767,-1,761,767,762,-1,762,767,768,-1,762,768,743,-1,743,768,742,-1,743,742,383,-1,383,742,379,-1,349,356,763,-1,763,356,769,-1,763,769,764,-1,764,769,770,-1,764,770,765,-1,765,770,771,-1,765,771,766,-1,766,771,772,-1,766,772,767,-1,767,772,773,-1,767,773,768,-1,768,773,774,-1,768,774,742,-1,742,774,741,-1,742,741,380,-1,380,741,376,-1,356,363,769,-1,769,363,775,-1,769,775,770,-1,770,775,776,-1,770,776,771,-1,771,776,777,-1,771,777,772,-1,772,777,778,-1,772,778,773,-1,773,778,779,-1,773,779,774,-1,774,779,780,-1,774,780,741,-1,741,780,781,-1,741,781,377,-1,377,781,373,-1,363,372,775,-1,775,372,479,-1,775,479,776,-1,776,479,484,-1,776,484,777,-1,777,484,486,-1,777,486,778,-1,778,486,485,-1,778,485,779,-1,779,485,483,-1,779,483,780,-1,780,483,482,-1,780,482,781,-1,781,482,494,-1,781,494,373,-1,373,494,374,-1,305,304,782,-1,308,307,783,-1,311,310,784,-1,314,313,785,-1,317,316,786,-1,320,319,111,-1,114,398,115,-1,115,398,787,-1,115,787,127,-1,127,787,788,-1,127,788,126,-1,126,788,789,-1,126,789,125,-1,125,789,790,-1,125,790,136,-1,136,790,791,-1,136,791,137,-1,137,791,792,-1,137,792,111,-1,111,792,786,-1,111,786,320,-1,320,786,316,-1,398,405,787,-1,787,405,793,-1,787,793,788,-1,788,793,794,-1,788,794,789,-1,789,794,795,-1,789,795,790,-1,790,795,796,-1,790,796,791,-1,791,796,797,-1,791,797,792,-1,792,797,798,-1,792,798,786,-1,786,798,785,-1,786,785,317,-1,317,785,313,-1,405,412,793,-1,793,412,799,-1,793,799,794,-1,794,799,800,-1,794,800,795,-1,795,800,801,-1,795,801,796,-1,796,801,802,-1,796,802,797,-1,797,802,803,-1,797,803,798,-1,798,803,804,-1,798,804,785,-1,785,804,784,-1,785,784,314,-1,314,784,310,-1,412,419,799,-1,799,419,805,-1,799,805,800,-1,800,805,806,-1,800,806,801,-1,801,806,807,-1,801,807,802,-1,802,807,808,-1,802,808,803,-1,803,808,809,-1,803,809,804,-1,804,809,810,-1,804,810,784,-1,784,810,783,-1,784,783,311,-1,311,783,307,-1,419,426,805,-1,805,426,811,-1,805,811,806,-1,806,811,812,-1,806,812,807,-1,807,812,813,-1,807,813,808,-1,808,813,814,-1,808,814,809,-1,809,814,815,-1,809,815,810,-1,810,815,816,-1,810,816,783,-1,783,816,782,-1,783,782,308,-1,308,782,304,-1,426,433,811,-1,811,433,492,-1,811,492,812,-1,812,492,489,-1,812,489,813,-1,813,489,488,-1,813,488,814,-1,814,488,487,-1,814,487,815,-1,815,487,481,-1,815,481,816,-1,816,481,480,-1,816,480,782,-1,782,480,491,-1,782,491,305,-1,305,491,364,-1,817,818,819,-1,819,818,820,-1,819,821,817,-1,817,821,822,-1,823,824,825,-1,823,825,826,-1,826,825,827,-1,826,827,828,-1,828,827,829,-1,828,829,830,-1,830,829,831,-1,830,831,832,-1,832,831,833,-1,832,833,834,-1,834,833,835,-1,834,835,836,-1,836,835,837,-1,836,837,838,-1,838,837,839,-1,838,839,840,-1,840,839,841,-1,840,841,842,-1,842,841,843,-1,842,843,844,-1,844,843,820,-1,844,820,818,-1,822,821,845,-1,822,845,846,-1,846,845,847,-1,846,847,848,-1,848,847,849,-1,848,849,850,-1,850,849,851,-1,850,851,852,-1,852,851,853,-1,852,853,854,-1,854,853,855,-1,854,855,856,-1,856,855,857,-1,856,857,858,-1,858,857,859,-1,858,859,860,-1,860,859,861,-1,860,861,862,-1,862,861,863,-1,862,863,864,-1,864,863,865,-1,864,865,866,-1,823,818,867,-1,867,818,817,-1,867,817,868,-1,868,817,866,-1,823,826,818,-1,818,826,828,-1,818,828,830,-1,830,832,818,-1,818,832,834,-1,818,834,844,-1,834,836,838,-1,838,840,834,-1,834,840,842,-1,834,842,844,-1,817,822,866,-1,866,822,846,-1,866,846,864,-1,864,846,848,-1,854,856,852,-1,852,856,858,-1,852,858,860,-1,848,850,864,-1,864,850,852,-1,864,852,862,-1,862,852,860,-1,869,870,871,-1,871,870,872,-1,871,872,873,-1,873,872,874,-1,873,874,875,-1,875,874,876,-1,875,876,877,-1,877,876,878,-1,877,878,879,-1,879,878,880,-1,879,880,868,-1,868,880,867,-1,819,820,824,-1,831,829,820,-1,829,827,820,-1,820,827,825,-1,820,825,824,-1,865,849,847,-1,831,820,833,-1,833,820,843,-1,833,843,841,-1,861,859,851,-1,859,857,851,-1,851,857,855,-1,851,855,853,-1,824,881,819,-1,819,881,882,-1,819,882,821,-1,821,882,865,-1,821,865,845,-1,845,865,847,-1,841,839,833,-1,833,839,837,-1,833,837,835,-1,849,865,851,-1,851,865,863,-1,851,863,861,-1,883,884,885,-1,885,884,886,-1,887,888,889,-1,889,888,886,-1,889,886,890,-1,884,891,886,-1,886,891,892,-1,886,892,893,-1,893,894,886,-1,886,894,895,-1,886,895,896,-1,896,897,886,-1,886,897,898,-1,886,898,890,-1,885,899,883,-1,883,899,900,-1,883,900,901,-1,902,903,883,-1,883,903,904,-1,883,904,905,-1,906,907,908,-1,908,907,909,-1,908,909,910,-1,905,911,883,-1,883,911,912,-1,883,912,913,-1,914,915,916,-1,916,915,917,-1,913,918,883,-1,883,918,915,-1,883,915,919,-1,919,915,914,-1,887,889,908,-1,908,889,920,-1,908,920,906,-1,901,921,883,-1,883,921,922,-1,883,922,902,-1,923,924,925,-1,926,927,928,-1,925,924,928,-1,928,924,929,-1,928,929,926,-1,930,931,928,-1,925,932,923,-1,923,932,933,-1,923,933,934,-1,934,935,923,-1,923,935,936,-1,923,936,937,-1,938,939,940,-1,937,941,923,-1,923,941,942,-1,923,942,943,-1,943,942,944,-1,931,945,928,-1,928,945,946,-1,928,946,947,-1,938,940,942,-1,942,940,948,-1,942,948,944,-1,927,949,928,-1,928,949,950,-1,928,950,930,-1,951,952,953,-1,951,953,946,-1,946,953,954,-1,946,954,947,-1,955,956,957,-1,956,958,959,-1,958,960,961,-1,962,963,964,-1,889,965,966,-1,889,966,920,-1,920,966,967,-1,920,967,906,-1,906,967,968,-1,906,968,907,-1,907,968,969,-1,907,969,909,-1,909,969,970,-1,909,970,910,-1,910,970,971,-1,910,971,908,-1,908,971,972,-1,908,972,887,-1,887,972,973,-1,887,973,888,-1,888,973,964,-1,888,964,886,-1,886,964,963,-1,886,963,974,-1,960,975,976,-1,976,975,962,-1,955,957,977,-1,962,964,976,-1,976,964,973,-1,976,973,978,-1,978,973,972,-1,978,972,979,-1,979,972,971,-1,979,971,980,-1,980,971,970,-1,980,970,981,-1,981,970,969,-1,981,969,982,-1,982,969,968,-1,982,968,983,-1,983,968,967,-1,983,967,984,-1,984,967,966,-1,984,966,985,-1,985,966,965,-1,985,965,986,-1,960,976,961,-1,961,976,978,-1,961,978,987,-1,987,978,979,-1,987,979,988,-1,988,979,980,-1,988,980,989,-1,989,980,981,-1,989,981,990,-1,990,981,982,-1,990,982,991,-1,991,982,983,-1,991,983,992,-1,992,983,984,-1,992,984,993,-1,993,984,985,-1,993,985,994,-1,994,985,986,-1,994,986,995,-1,958,961,959,-1,959,961,987,-1,959,987,996,-1,996,987,988,-1,996,988,997,-1,997,988,989,-1,997,989,998,-1,998,989,990,-1,998,990,999,-1,999,990,991,-1,999,991,1000,-1,1000,991,992,-1,1000,992,1001,-1,1001,992,993,-1,1001,993,1002,-1,1002,993,994,-1,1002,994,1003,-1,1003,994,995,-1,1003,995,1004,-1,956,959,957,-1,957,959,996,-1,957,996,1005,-1,1005,996,997,-1,1005,997,1006,-1,1006,997,998,-1,1006,998,1007,-1,1007,998,999,-1,1007,999,1008,-1,1008,999,1000,-1,1008,1000,1009,-1,1009,1000,1001,-1,1009,1001,1010,-1,1010,1001,1002,-1,1010,1002,1011,-1,1011,1002,1003,-1,1011,1003,1012,-1,1012,1003,1004,-1,1012,1004,1013,-1,977,957,1014,-1,1014,957,1005,-1,1014,1005,1015,-1,1015,1005,1006,-1,1015,1006,1016,-1,1016,1006,1007,-1,1016,1007,1017,-1,1017,1007,1008,-1,1017,1008,1018,-1,1018,1008,1009,-1,1018,1009,1019,-1,1019,1009,1010,-1,1019,1010,1020,-1,1020,1010,1011,-1,1020,1011,1021,-1,1021,1011,1012,-1,1021,1012,1022,-1,1022,1012,1013,-1,1022,1013,1023,-1,1024,1025,1026,-1,1025,1027,1028,-1,1027,1029,1030,-1,1031,884,883,-1,1029,1032,1033,-1,1033,1032,1031,-1,1034,1035,1036,-1,1036,1035,1024,-1,1031,883,1033,-1,1033,883,919,-1,1033,919,1037,-1,1037,919,914,-1,1037,914,1038,-1,1038,914,916,-1,1038,916,1039,-1,1039,916,917,-1,1039,917,1040,-1,1040,917,915,-1,1040,915,1041,-1,1041,915,918,-1,1041,918,1042,-1,1042,918,913,-1,1042,913,1043,-1,1043,913,912,-1,1043,912,1044,-1,1044,912,911,-1,1044,911,1045,-1,1029,1033,1030,-1,1030,1033,1037,-1,1030,1037,1046,-1,1046,1037,1038,-1,1046,1038,1047,-1,1047,1038,1039,-1,1047,1039,1048,-1,1048,1039,1040,-1,1048,1040,1049,-1,1049,1040,1041,-1,1049,1041,1050,-1,1050,1041,1042,-1,1050,1042,1051,-1,1051,1042,1043,-1,1051,1043,1052,-1,1052,1043,1044,-1,1052,1044,1053,-1,1053,1044,1045,-1,1053,1045,1054,-1,1027,1030,1028,-1,1028,1030,1046,-1,1028,1046,1055,-1,1055,1046,1047,-1,1055,1047,1056,-1,1056,1047,1048,-1,1056,1048,1057,-1,1057,1048,1049,-1,1057,1049,1058,-1,1058,1049,1050,-1,1058,1050,1059,-1,1059,1050,1051,-1,1059,1051,1060,-1,1060,1051,1052,-1,1060,1052,1061,-1,1061,1052,1053,-1,1061,1053,1062,-1,1062,1053,1054,-1,1062,1054,1063,-1,1025,1028,1026,-1,1026,1028,1055,-1,1026,1055,1064,-1,1064,1055,1056,-1,1064,1056,1065,-1,1065,1056,1057,-1,1065,1057,1066,-1,1066,1057,1058,-1,1066,1058,1067,-1,1067,1058,1059,-1,1067,1059,1068,-1,1068,1059,1060,-1,1068,1060,1069,-1,1069,1060,1061,-1,1069,1061,1070,-1,1070,1061,1062,-1,1070,1062,1071,-1,1071,1062,1063,-1,1071,1063,1072,-1,1024,1026,1036,-1,1036,1026,1064,-1,1036,1064,1073,-1,1073,1064,1065,-1,1073,1065,1074,-1,1074,1065,1066,-1,1074,1066,1075,-1,1075,1066,1067,-1,1075,1067,1076,-1,1076,1067,1068,-1,1076,1068,1077,-1,1077,1068,1069,-1,1077,1069,1078,-1,1078,1069,1070,-1,1078,1070,1079,-1,1079,1070,1071,-1,1079,1071,1080,-1,1080,1071,1072,-1,1080,1072,1081,-1,1034,1036,1082,-1,1082,1036,1073,-1,1082,1073,1083,-1,1083,1073,1074,-1,1083,1074,1084,-1,1084,1074,1075,-1,1084,1075,1085,-1,1085,1075,1076,-1,1085,1076,1086,-1,1086,1076,1077,-1,1086,1077,1087,-1,1087,1077,1078,-1,1087,1078,1088,-1,1088,1078,1079,-1,1088,1079,1089,-1,1089,1079,1080,-1,1089,1080,1090,-1,1090,1080,1081,-1,1090,1081,1091,-1,1092,1093,1094,-1,1092,1094,1095,-1,1095,1094,1096,-1,1095,1096,1097,-1,1097,1096,1098,-1,1097,1098,1099,-1,1099,1098,1100,-1,1099,1100,1101,-1,1101,1100,1102,-1,1101,1102,1103,-1,1103,1102,1104,-1,1103,1104,1105,-1,1106,1107,1108,-1,1106,1108,1109,-1,1109,1108,1110,-1,1109,1110,1111,-1,1111,1110,1112,-1,1111,1112,1113,-1,1113,1112,1114,-1,1113,1114,1115,-1,1115,1114,1116,-1,1115,1116,1117,-1,1117,1116,1118,-1,1117,1118,1119,-1,1118,1093,1119,-1,1119,1093,1092,-1,1120,1121,1122,-1,1123,1124,1125,-1,1126,1127,1128,-1,1129,1130,1131,-1,1132,1133,1134,-1,1135,1136,1137,-1,1138,942,1139,-1,1139,942,941,-1,1139,941,1140,-1,1140,941,937,-1,1140,937,1141,-1,1141,937,936,-1,1141,936,1142,-1,1142,936,935,-1,1142,935,1143,-1,1143,935,934,-1,1143,934,1144,-1,1144,934,933,-1,1144,933,1137,-1,1137,933,932,-1,1137,932,1135,-1,1136,1132,1137,-1,1137,1132,1134,-1,1137,1134,1144,-1,1144,1134,1145,-1,1144,1145,1143,-1,1143,1145,1146,-1,1143,1146,1142,-1,1142,1146,1147,-1,1142,1147,1141,-1,1141,1147,1148,-1,1141,1148,1140,-1,1140,1148,1149,-1,1140,1149,1139,-1,1139,1149,1150,-1,1139,1150,1138,-1,1138,1150,1151,-1,1133,1129,1134,-1,1134,1129,1131,-1,1134,1131,1145,-1,1145,1131,1152,-1,1145,1152,1146,-1,1146,1152,1153,-1,1146,1153,1147,-1,1147,1153,1154,-1,1147,1154,1148,-1,1148,1154,1155,-1,1148,1155,1149,-1,1149,1155,1156,-1,1149,1156,1150,-1,1150,1156,1157,-1,1150,1157,1151,-1,1151,1157,1158,-1,1130,1126,1131,-1,1131,1126,1128,-1,1131,1128,1152,-1,1152,1128,1159,-1,1152,1159,1153,-1,1153,1159,1160,-1,1153,1160,1154,-1,1154,1160,1161,-1,1154,1161,1155,-1,1155,1161,1162,-1,1155,1162,1156,-1,1156,1162,1163,-1,1156,1163,1157,-1,1157,1163,1164,-1,1157,1164,1158,-1,1158,1164,1165,-1,1127,1123,1128,-1,1128,1123,1125,-1,1128,1125,1159,-1,1159,1125,1166,-1,1159,1166,1160,-1,1160,1166,1167,-1,1160,1167,1161,-1,1161,1167,1168,-1,1161,1168,1162,-1,1162,1168,1169,-1,1162,1169,1163,-1,1163,1169,1170,-1,1163,1170,1164,-1,1164,1170,1171,-1,1164,1171,1165,-1,1165,1171,1172,-1,1124,1120,1125,-1,1125,1120,1122,-1,1125,1122,1166,-1,1166,1122,1173,-1,1166,1173,1167,-1,1167,1173,1174,-1,1167,1174,1168,-1,1168,1174,1175,-1,1168,1175,1169,-1,1169,1175,1176,-1,1169,1176,1170,-1,1170,1176,1177,-1,1170,1177,1171,-1,1171,1177,1178,-1,1171,1178,1172,-1,1172,1178,1179,-1,1121,1180,1122,-1,1122,1180,1181,-1,1122,1181,1173,-1,1173,1181,1182,-1,1173,1182,1174,-1,1174,1182,1183,-1,1174,1183,1175,-1,1175,1183,1184,-1,1175,1184,1176,-1,1176,1184,1185,-1,1176,1185,1177,-1,1177,1185,1186,-1,1177,1186,1178,-1,1178,1186,1187,-1,1178,1187,1179,-1,1179,1187,1188,-1,1189,1190,1191,-1,1192,1193,1194,-1,1195,1196,1197,-1,1198,1199,1200,-1,1201,1202,1203,-1,1204,1205,1206,-1,1207,1204,929,-1,929,1204,1206,-1,929,1206,926,-1,926,1206,1208,-1,926,1208,927,-1,927,1208,1209,-1,927,1209,949,-1,949,1209,1210,-1,949,1210,950,-1,950,1210,1211,-1,950,1211,930,-1,930,1211,1212,-1,930,1212,931,-1,931,1212,1213,-1,931,1213,945,-1,945,1213,1214,-1,1205,1201,1206,-1,1206,1201,1203,-1,1206,1203,1208,-1,1208,1203,1215,-1,1208,1215,1209,-1,1209,1215,1216,-1,1209,1216,1210,-1,1210,1216,1217,-1,1210,1217,1211,-1,1211,1217,1218,-1,1211,1218,1212,-1,1212,1218,1219,-1,1212,1219,1213,-1,1213,1219,1220,-1,1213,1220,1214,-1,1214,1220,1221,-1,1202,1198,1203,-1,1203,1198,1200,-1,1203,1200,1215,-1,1215,1200,1222,-1,1215,1222,1216,-1,1216,1222,1223,-1,1216,1223,1217,-1,1217,1223,1224,-1,1217,1224,1218,-1,1218,1224,1225,-1,1218,1225,1219,-1,1219,1225,1226,-1,1219,1226,1220,-1,1220,1226,1227,-1,1220,1227,1221,-1,1221,1227,1228,-1,1199,1195,1200,-1,1200,1195,1197,-1,1200,1197,1222,-1,1222,1197,1229,-1,1222,1229,1223,-1,1223,1229,1230,-1,1223,1230,1224,-1,1224,1230,1231,-1,1224,1231,1225,-1,1225,1231,1232,-1,1225,1232,1226,-1,1226,1232,1233,-1,1226,1233,1227,-1,1227,1233,1234,-1,1227,1234,1228,-1,1228,1234,1235,-1,1196,1192,1197,-1,1197,1192,1194,-1,1197,1194,1229,-1,1229,1194,1236,-1,1229,1236,1230,-1,1230,1236,1237,-1,1230,1237,1231,-1,1231,1237,1238,-1,1231,1238,1232,-1,1232,1238,1239,-1,1232,1239,1233,-1,1233,1239,1240,-1,1233,1240,1234,-1,1234,1240,1241,-1,1234,1241,1235,-1,1235,1241,1242,-1,1193,1189,1194,-1,1194,1189,1191,-1,1194,1191,1236,-1,1236,1191,1243,-1,1236,1243,1237,-1,1237,1243,1244,-1,1237,1244,1238,-1,1238,1244,1245,-1,1238,1245,1239,-1,1239,1245,1246,-1,1239,1246,1240,-1,1240,1246,1247,-1,1240,1247,1241,-1,1241,1247,1248,-1,1241,1248,1242,-1,1242,1248,1249,-1,1250,1251,1252,-1,1252,1251,1253,-1,1252,1253,1254,-1,1255,1105,1256,-1,1256,1105,1257,-1,1258,1259,1252,-1,1252,1259,1260,-1,1252,1260,1250,-1,1254,1261,1252,-1,1252,1261,1262,-1,1252,1262,1263,-1,1263,1262,1264,-1,1263,1264,1265,-1,1266,1267,1263,-1,1263,1267,1268,-1,1263,1268,1269,-1,1255,1270,1105,-1,1105,1270,1271,-1,1105,1271,1103,-1,1103,1271,1272,-1,1103,1272,1101,-1,1101,1272,1273,-1,1101,1273,1099,-1,1274,1117,1275,-1,1275,1117,1119,-1,1275,1119,1276,-1,1276,1119,1092,-1,1276,1092,1277,-1,1277,1092,1095,-1,1277,1095,1273,-1,1273,1095,1097,-1,1273,1097,1099,-1,1265,1278,1263,-1,1263,1278,1279,-1,1263,1279,1266,-1,1111,1113,1274,-1,1274,1113,1115,-1,1274,1115,1117,-1,1280,1281,1106,-1,1106,1281,1282,-1,1106,1282,1283,-1,1111,1274,1109,-1,1109,1274,1284,-1,1109,1284,1106,-1,1106,1284,1285,-1,1106,1285,1280,-1,1283,1286,1106,-1,1106,1286,1287,-1,1106,1287,1252,-1,1252,1287,1288,-1,1252,1288,1258,-1,1269,1289,1263,-1,1263,1289,1290,-1,1263,1290,1105,-1,1105,1290,1291,-1,1105,1291,1257,-1,1292,1105,1293,-1,1293,1105,1104,-1,1294,1107,1252,-1,1252,1107,1106,-1,1295,1296,1293,-1,1107,1297,1298,-1,1296,1299,1293,-1,1293,1299,1300,-1,1293,1300,1301,-1,1298,1302,1107,-1,1107,1302,1303,-1,1107,1303,1108,-1,1108,1303,1304,-1,1108,1304,1110,-1,1110,1304,1112,-1,1112,1304,1305,-1,1112,1305,1114,-1,1187,1093,1188,-1,1188,1093,1118,-1,1188,1118,1305,-1,1305,1118,1116,-1,1305,1116,1114,-1,1100,1098,1186,-1,1186,1098,1096,-1,1186,1096,1187,-1,1187,1096,1094,-1,1187,1094,1093,-1,1182,1181,1104,-1,1104,1181,1306,-1,1104,1306,1293,-1,1293,1306,1307,-1,1293,1307,1295,-1,1294,1247,1246,-1,1185,1184,1104,-1,1104,1184,1183,-1,1104,1183,1182,-1,1301,1308,1293,-1,1293,1308,1249,-1,1293,1249,1294,-1,1294,1249,1248,-1,1294,1248,1247,-1,1246,1245,1294,-1,1294,1245,1244,-1,1294,1244,1243,-1,1185,1104,1186,-1,1186,1104,1102,-1,1186,1102,1100,-1,1243,1191,1294,-1,1294,1191,1309,-1,1294,1309,1107,-1,1107,1309,1310,-1,1107,1310,1297,-1,1294,1252,1311,-1,1311,1252,1312,-1,1313,1314,1315,-1,1315,1314,1316,-1,1315,1316,1317,-1,1317,1316,1318,-1,1317,1318,1319,-1,1319,1318,1320,-1,1319,1320,1321,-1,1321,1320,1322,-1,1321,1322,1312,-1,1312,1322,1323,-1,1312,1323,1311,-1,1324,1292,1293,-1,1324,1293,1325,-1,1293,1326,1325,-1,1325,1326,1327,-1,1325,1327,1328,-1,1328,1327,1329,-1,1328,1329,1330,-1,1330,1329,1331,-1,1330,1331,1332,-1,1333,1334,1335,-1,1335,1334,1332,-1,1335,1332,1336,-1,1336,1332,1331,-1,866,865,868,-1,868,865,882,-1,868,882,879,-1,879,882,1337,-1,879,1337,877,-1,877,1337,1338,-1,877,1338,875,-1,1338,1339,875,-1,875,1339,1340,-1,875,1340,873,-1,873,1340,1341,-1,873,1341,871,-1,871,1341,1342,-1,871,1342,869,-1,869,1342,1343,-1,869,1343,1344,-1,1345,1343,1342,-1,1345,1342,1346,-1,1346,1342,1341,-1,1346,1341,1347,-1,1347,1341,1340,-1,1347,1340,1348,-1,1348,1340,1339,-1,1348,1339,1349,-1,1349,1339,1338,-1,1349,1338,1350,-1,1350,1338,1337,-1,1350,1337,1351,-1,1351,1337,882,-1,1351,882,881,-1,1344,1343,1352,-1,1352,1343,1353,-1,1354,1352,1355,-1,1355,1352,1353,-1,1356,1357,1358,-1,1358,1357,1359,-1,1356,1360,1357,-1,1357,1360,1361,-1,1362,1363,1364,-1,1364,1363,1365,-1,1364,1365,1366,-1,1366,1365,1367,-1,1366,1367,1368,-1,1368,1367,1369,-1,1368,1369,1370,-1,1370,1369,1371,-1,1370,1371,1372,-1,1372,1371,1373,-1,1372,1373,1374,-1,1374,1373,1375,-1,1374,1375,1376,-1,1376,1375,1377,-1,1376,1377,1378,-1,1378,1377,1379,-1,1378,1379,1380,-1,1380,1379,1381,-1,1380,1381,1360,-1,1360,1381,1361,-1,1362,1382,1363,-1,1363,1382,1383,-1,1384,1385,1386,-1,1386,1385,1387,-1,1384,1386,1388,-1,1388,1386,1389,-1,1388,1389,1390,-1,1390,1389,1391,-1,1390,1391,1392,-1,1392,1391,1393,-1,1392,1393,1394,-1,1394,1393,1395,-1,1394,1395,1396,-1,1396,1395,1397,-1,1396,1397,1398,-1,1398,1397,1399,-1,1400,1398,1401,-1,1401,1398,1399,-1,1332,1402,1403,-1,1252,1263,1312,-1,1312,1263,1404,-1,1312,1404,1405,-1,1404,1325,1405,-1,1405,1325,1328,-1,1405,1328,1319,-1,1319,1328,1406,-1,1319,1406,1317,-1,1317,1406,1332,-1,1317,1332,1407,-1,1407,1332,1403,-1,1403,1408,1409,-1,1409,1408,1410,-1,1410,1408,1411,-1,1411,1408,1412,-1,1411,1412,1413,-1,1413,1412,1414,-1,1413,1414,1415,-1,1415,1414,1416,-1,1415,1416,1417,-1,1417,1416,1418,-1,1417,1418,1419,-1,1419,1418,1420,-1,1419,1420,1385,-1,1385,1420,1387,-1,824,823,881,-1,881,823,867,-1,881,867,1351,-1,1351,867,880,-1,1351,880,1350,-1,1350,880,878,-1,1350,878,1349,-1,1349,878,876,-1,1349,876,1348,-1,1348,876,874,-1,1348,874,1347,-1,1347,874,1346,-1,1346,874,872,-1,1346,872,1345,-1,1345,872,870,-1,1345,870,1421,-1,1422,1423,1424,-1,1424,1423,1425,-1,1426,1427,1421,-1,1421,1427,1345,-1,1428,1424,1403,-1,1355,1353,1402,-1,1402,1353,1343,-1,1402,1343,1403,-1,1403,1343,1345,-1,1428,1403,1429,-1,1345,1427,1403,-1,1403,1427,1430,-1,1403,1430,1431,-1,1382,1362,1425,-1,1425,1362,1424,-1,1397,1395,1358,-1,1395,1393,1358,-1,1358,1393,1391,-1,1358,1391,1389,-1,1414,1356,1416,-1,1416,1356,1418,-1,1431,1432,1403,-1,1403,1432,1433,-1,1403,1433,1429,-1,1355,1402,1358,-1,1358,1402,1399,-1,1358,1399,1397,-1,1389,1386,1358,-1,1358,1386,1387,-1,1358,1387,1356,-1,1356,1387,1420,-1,1356,1420,1418,-1,1412,1372,1414,-1,1414,1372,1374,-1,1424,1362,1403,-1,1403,1362,1364,-1,1403,1364,1408,-1,1364,1366,1408,-1,1408,1366,1368,-1,1408,1368,1412,-1,1412,1368,1370,-1,1412,1370,1372,-1,1374,1376,1414,-1,1414,1376,1378,-1,1414,1378,1356,-1,1356,1378,1380,-1,1356,1380,1360,-1,1424,1428,1422,-1,1422,1428,1434,-1,1427,1426,1435,-1,1427,1435,1430,-1,1430,1435,1436,-1,1430,1436,1431,-1,1431,1436,1437,-1,1431,1437,1432,-1,1432,1437,1438,-1,1432,1438,1433,-1,1433,1438,1439,-1,1433,1439,1429,-1,1429,1439,1434,-1,1429,1434,1428,-1,1293,1294,1326,-1,1326,1294,1311,-1,1326,1311,1327,-1,1311,1323,1327,-1,1327,1323,1322,-1,1327,1322,1440,-1,1440,1322,1331,-1,1331,1322,1441,-1,1331,1441,1336,-1,1441,1318,1336,-1,1336,1318,1316,-1,1336,1316,1442,-1,1442,1316,1443,-1,1442,1443,1444,-1,1382,1425,1383,-1,1383,1425,1423,-1,1358,1359,1355,-1,1355,1359,1354,-1,1388,1390,1359,-1,1359,1390,1392,-1,1359,1392,1394,-1,1443,1435,1426,-1,1383,1423,1363,-1,1363,1423,1422,-1,1363,1422,1443,-1,1443,1426,1444,-1,1444,1426,1421,-1,1444,1421,1344,-1,1344,1421,870,-1,1344,870,869,-1,1413,1415,1357,-1,1357,1415,1417,-1,1422,1434,1443,-1,1443,1434,1439,-1,1443,1439,1438,-1,1417,1419,1357,-1,1357,1419,1385,-1,1357,1385,1359,-1,1359,1385,1384,-1,1359,1384,1388,-1,1344,1352,1444,-1,1444,1352,1354,-1,1444,1354,1398,-1,1398,1354,1359,-1,1398,1359,1396,-1,1396,1359,1394,-1,1379,1377,1413,-1,1413,1377,1375,-1,1413,1375,1411,-1,1438,1437,1443,-1,1443,1437,1436,-1,1443,1436,1435,-1,1410,1367,1443,-1,1443,1367,1365,-1,1443,1365,1363,-1,1379,1413,1381,-1,1381,1413,1357,-1,1381,1357,1361,-1,1375,1373,1411,-1,1411,1373,1371,-1,1411,1371,1410,-1,1410,1371,1369,-1,1410,1369,1367,-1,1023,1013,1445,-1,1013,1004,1446,-1,1004,995,1447,-1,1448,1029,1027,-1,995,986,1449,-1,986,965,1450,-1,891,1451,1452,-1,891,1452,892,-1,892,1452,1453,-1,892,1453,893,-1,893,1453,1454,-1,893,1454,894,-1,894,1454,1455,-1,894,1455,895,-1,895,1455,1456,-1,895,1456,896,-1,896,1456,1457,-1,896,1457,897,-1,897,1457,1458,-1,897,1458,898,-1,898,1458,1450,-1,898,1450,890,-1,890,1450,965,-1,890,965,889,-1,891,1459,1451,-1,1451,1459,1031,-1,1451,1031,1032,-1,986,1450,1449,-1,1449,1450,1458,-1,1449,1458,1460,-1,1460,1458,1457,-1,1460,1457,1461,-1,1461,1457,1456,-1,1461,1456,1462,-1,1462,1456,1455,-1,1462,1455,1463,-1,1463,1455,1454,-1,1463,1454,1464,-1,1464,1454,1453,-1,1464,1453,1465,-1,1465,1453,1452,-1,1465,1452,1466,-1,1466,1452,1451,-1,1466,1451,1448,-1,1448,1451,1032,-1,1448,1032,1029,-1,995,1449,1447,-1,1447,1449,1460,-1,1447,1460,1467,-1,1467,1460,1461,-1,1467,1461,1468,-1,1468,1461,1462,-1,1468,1462,1469,-1,1469,1462,1463,-1,1469,1463,1470,-1,1470,1463,1464,-1,1470,1464,1471,-1,1471,1464,1465,-1,1471,1465,1472,-1,1472,1465,1466,-1,1472,1466,1473,-1,1473,1466,1448,-1,1473,1448,1474,-1,1474,1448,1027,-1,1474,1027,1025,-1,1004,1447,1446,-1,1446,1447,1467,-1,1446,1467,1475,-1,1475,1467,1468,-1,1475,1468,1476,-1,1476,1468,1469,-1,1476,1469,1477,-1,1477,1469,1470,-1,1477,1470,1478,-1,1478,1470,1471,-1,1478,1471,1479,-1,1479,1471,1472,-1,1479,1472,1480,-1,1480,1472,1473,-1,1480,1473,1481,-1,1481,1473,1474,-1,1481,1474,1482,-1,1482,1474,1025,-1,1482,1025,1024,-1,1013,1446,1445,-1,1445,1446,1475,-1,1445,1475,1483,-1,1483,1475,1476,-1,1483,1476,1484,-1,1484,1476,1477,-1,1484,1477,1485,-1,1485,1477,1478,-1,1485,1478,1486,-1,1486,1478,1479,-1,1486,1479,1487,-1,1487,1479,1480,-1,1487,1480,1488,-1,1488,1480,1481,-1,1488,1481,1489,-1,1489,1481,1482,-1,1489,1482,1490,-1,1490,1482,1024,-1,1490,1024,1035,-1,1023,1445,1491,-1,1491,1445,1483,-1,1491,1483,1492,-1,1492,1483,1484,-1,1492,1484,1493,-1,1493,1484,1485,-1,1493,1485,1494,-1,1494,1485,1486,-1,1494,1486,1495,-1,1495,1486,1487,-1,1495,1487,1496,-1,1496,1487,1488,-1,1496,1488,1497,-1,1497,1488,1489,-1,1497,1489,1498,-1,1498,1489,1490,-1,1498,1490,1499,-1,1499,1490,1035,-1,1499,1035,1034,-1,1091,1081,1500,-1,1081,1072,1501,-1,1072,1063,1502,-1,1063,1054,1503,-1,1504,962,975,-1,1054,1045,1505,-1,1045,911,905,-1,899,1506,963,-1,1045,905,1505,-1,1505,905,904,-1,1505,904,1507,-1,1507,904,903,-1,1507,903,1508,-1,1508,903,902,-1,1508,902,1509,-1,1509,902,922,-1,1509,922,1510,-1,1510,922,921,-1,1510,921,1511,-1,1511,921,901,-1,1511,901,1512,-1,1512,901,900,-1,1512,900,1513,-1,1513,900,899,-1,1513,899,1504,-1,1504,899,963,-1,1504,963,962,-1,1054,1505,1503,-1,1503,1505,1507,-1,1503,1507,1514,-1,1514,1507,1508,-1,1514,1508,1515,-1,1515,1508,1509,-1,1515,1509,1516,-1,1516,1509,1510,-1,1516,1510,1517,-1,1517,1510,1511,-1,1517,1511,1518,-1,1518,1511,1512,-1,1518,1512,1519,-1,1519,1512,1513,-1,1519,1513,1520,-1,1520,1513,1504,-1,1520,1504,1521,-1,1521,1504,975,-1,1521,975,960,-1,1063,1503,1502,-1,1502,1503,1514,-1,1502,1514,1522,-1,1522,1514,1515,-1,1522,1515,1523,-1,1523,1515,1516,-1,1523,1516,1524,-1,1524,1516,1517,-1,1524,1517,1525,-1,1525,1517,1518,-1,1525,1518,1526,-1,1526,1518,1519,-1,1526,1519,1527,-1,1527,1519,1520,-1,1527,1520,1528,-1,1528,1520,1521,-1,1528,1521,1529,-1,1529,1521,960,-1,1529,960,958,-1,1072,1502,1501,-1,1501,1502,1522,-1,1501,1522,1530,-1,1530,1522,1523,-1,1530,1523,1531,-1,1531,1523,1524,-1,1531,1524,1532,-1,1532,1524,1525,-1,1532,1525,1533,-1,1533,1525,1526,-1,1533,1526,1534,-1,1534,1526,1527,-1,1534,1527,1535,-1,1535,1527,1528,-1,1535,1528,1536,-1,1536,1528,1529,-1,1536,1529,1537,-1,1537,1529,958,-1,1537,958,956,-1,1081,1501,1500,-1,1500,1501,1530,-1,1500,1530,1538,-1,1538,1530,1531,-1,1538,1531,1539,-1,1539,1531,1532,-1,1539,1532,1540,-1,1540,1532,1533,-1,1540,1533,1541,-1,1541,1533,1534,-1,1541,1534,1542,-1,1542,1534,1535,-1,1542,1535,1543,-1,1543,1535,1536,-1,1543,1536,1544,-1,1544,1536,1537,-1,1544,1537,1545,-1,1545,1537,956,-1,1545,956,955,-1,1091,1500,1546,-1,1546,1500,1538,-1,1546,1538,1547,-1,1547,1538,1539,-1,1547,1539,1548,-1,1548,1539,1540,-1,1548,1540,1549,-1,1549,1540,1541,-1,1549,1541,1550,-1,1550,1541,1542,-1,1550,1542,1551,-1,1551,1542,1543,-1,1551,1543,1552,-1,1552,1543,1544,-1,1552,1544,1553,-1,1553,1544,1545,-1,1553,1545,1554,-1,1554,1545,955,-1,1554,955,977,-1,1555,1138,1556,-1,1193,1192,1557,-1,1196,1195,1558,-1,1199,1198,1559,-1,1202,1201,1560,-1,1205,1204,1561,-1,1204,1207,1561,-1,1561,1207,923,-1,1561,923,1562,-1,1562,923,943,-1,1562,943,1563,-1,1563,943,944,-1,1563,944,1564,-1,1564,944,948,-1,1564,948,1565,-1,1565,948,940,-1,1565,940,1566,-1,1566,940,939,-1,1566,939,1556,-1,1556,939,938,-1,1556,938,1555,-1,1138,1151,1556,-1,1556,1151,1567,-1,1556,1567,1566,-1,1566,1567,1568,-1,1566,1568,1565,-1,1565,1568,1569,-1,1565,1569,1564,-1,1564,1569,1570,-1,1564,1570,1563,-1,1563,1570,1571,-1,1563,1571,1562,-1,1562,1571,1572,-1,1562,1572,1561,-1,1561,1572,1560,-1,1561,1560,1205,-1,1205,1560,1201,-1,1151,1158,1567,-1,1567,1158,1573,-1,1567,1573,1568,-1,1568,1573,1574,-1,1568,1574,1569,-1,1569,1574,1575,-1,1569,1575,1570,-1,1570,1575,1576,-1,1570,1576,1571,-1,1571,1576,1577,-1,1571,1577,1572,-1,1572,1577,1578,-1,1572,1578,1560,-1,1560,1578,1559,-1,1560,1559,1202,-1,1202,1559,1198,-1,1158,1165,1573,-1,1573,1165,1579,-1,1573,1579,1574,-1,1574,1579,1580,-1,1574,1580,1575,-1,1575,1580,1581,-1,1575,1581,1576,-1,1576,1581,1582,-1,1576,1582,1577,-1,1577,1582,1583,-1,1577,1583,1578,-1,1578,1583,1584,-1,1578,1584,1559,-1,1559,1584,1558,-1,1559,1558,1199,-1,1199,1558,1195,-1,1165,1172,1579,-1,1579,1172,1585,-1,1579,1585,1580,-1,1580,1585,1586,-1,1580,1586,1581,-1,1581,1586,1587,-1,1581,1587,1582,-1,1582,1587,1588,-1,1582,1588,1583,-1,1583,1588,1589,-1,1583,1589,1584,-1,1584,1589,1590,-1,1584,1590,1558,-1,1558,1590,1557,-1,1558,1557,1196,-1,1196,1557,1192,-1,1172,1179,1585,-1,1585,1179,1591,-1,1585,1591,1586,-1,1586,1591,1592,-1,1586,1592,1587,-1,1587,1592,1593,-1,1587,1593,1588,-1,1588,1593,1594,-1,1588,1594,1589,-1,1589,1594,1595,-1,1589,1595,1590,-1,1590,1595,1596,-1,1590,1596,1557,-1,1557,1596,1597,-1,1557,1597,1193,-1,1193,1597,1189,-1,1179,1188,1591,-1,1591,1188,1305,-1,1591,1305,1592,-1,1592,1305,1304,-1,1592,1304,1593,-1,1593,1304,1303,-1,1593,1303,1594,-1,1594,1303,1302,-1,1594,1302,1595,-1,1595,1302,1298,-1,1595,1298,1596,-1,1596,1298,1297,-1,1596,1297,1597,-1,1597,1297,1310,-1,1597,1310,1189,-1,1189,1310,1190,-1,1121,1120,1598,-1,1124,1123,1599,-1,1127,1126,1600,-1,1130,1129,1601,-1,1133,1132,1602,-1,1136,1135,928,-1,945,1214,946,-1,946,1214,1603,-1,946,1603,951,-1,951,1603,1604,-1,951,1604,952,-1,952,1604,1605,-1,952,1605,953,-1,953,1605,1606,-1,953,1606,954,-1,954,1606,1607,-1,954,1607,947,-1,947,1607,1608,-1,947,1608,928,-1,928,1608,1602,-1,928,1602,1136,-1,1136,1602,1132,-1,1214,1221,1603,-1,1603,1221,1609,-1,1603,1609,1604,-1,1604,1609,1610,-1,1604,1610,1605,-1,1605,1610,1611,-1,1605,1611,1606,-1,1606,1611,1612,-1,1606,1612,1607,-1,1607,1612,1613,-1,1607,1613,1608,-1,1608,1613,1614,-1,1608,1614,1602,-1,1602,1614,1601,-1,1602,1601,1133,-1,1133,1601,1129,-1,1221,1228,1609,-1,1609,1228,1615,-1,1609,1615,1610,-1,1610,1615,1616,-1,1610,1616,1611,-1,1611,1616,1617,-1,1611,1617,1612,-1,1612,1617,1618,-1,1612,1618,1613,-1,1613,1618,1619,-1,1613,1619,1614,-1,1614,1619,1620,-1,1614,1620,1601,-1,1601,1620,1600,-1,1601,1600,1130,-1,1130,1600,1126,-1,1228,1235,1615,-1,1615,1235,1621,-1,1615,1621,1616,-1,1616,1621,1622,-1,1616,1622,1617,-1,1617,1622,1623,-1,1617,1623,1618,-1,1618,1623,1624,-1,1618,1624,1619,-1,1619,1624,1625,-1,1619,1625,1620,-1,1620,1625,1626,-1,1620,1626,1600,-1,1600,1626,1599,-1,1600,1599,1127,-1,1127,1599,1123,-1,1235,1242,1621,-1,1621,1242,1627,-1,1621,1627,1622,-1,1622,1627,1628,-1,1622,1628,1623,-1,1623,1628,1629,-1,1623,1629,1624,-1,1624,1629,1630,-1,1624,1630,1625,-1,1625,1630,1631,-1,1625,1631,1626,-1,1626,1631,1632,-1,1626,1632,1599,-1,1599,1632,1598,-1,1599,1598,1124,-1,1124,1598,1120,-1,1242,1249,1627,-1,1627,1249,1308,-1,1627,1308,1628,-1,1628,1308,1301,-1,1628,1301,1629,-1,1629,1301,1300,-1,1629,1300,1630,-1,1630,1300,1299,-1,1630,1299,1631,-1,1631,1299,1296,-1,1631,1296,1632,-1,1632,1296,1295,-1,1632,1295,1598,-1,1598,1295,1307,-1,1598,1307,1121,-1,1121,1307,1180,-1,1633,1634,1635,-1,1635,1634,1636,-1,1635,1636,1637,-1,1638,1639,1633,-1,1633,1639,1640,-1,1633,1640,1634,-1,1641,1639,1642,-1,1642,1639,1643,-1,1641,1644,1639,-1,1639,1644,1645,-1,1639,1645,1646,-1,1647,1648,1649,-1,1649,1648,1650,-1,1647,1651,1648,-1,1648,1651,1652,-1,1648,1652,1638,-1,1638,1652,1653,-1,1638,1653,1639,-1,1639,1653,1654,-1,1639,1654,1643,-1,1655,1656,1657,-1,1658,1659,1660,-1,1658,1660,1661,-1,1661,1660,1662,-1,1661,1662,1663,-1,1663,1662,1664,-1,1663,1664,1665,-1,1665,1664,1666,-1,1665,1666,1667,-1,1667,1666,1668,-1,1667,1668,1669,-1,1669,1668,1670,-1,1669,1670,1671,-1,1671,1670,1657,-1,1671,1657,1672,-1,1672,1657,1656,-1,1672,1656,1673,-1,1674,1675,1655,-1,1658,1637,1659,-1,1659,1637,1676,-1,1659,1676,1677,-1,1655,1657,1674,-1,1674,1657,1670,-1,1674,1670,1678,-1,1678,1670,1668,-1,1678,1668,1679,-1,1679,1668,1666,-1,1679,1666,1680,-1,1680,1666,1664,-1,1680,1664,1681,-1,1681,1664,1662,-1,1681,1662,1682,-1,1682,1662,1660,-1,1682,1660,1683,-1,1683,1660,1659,-1,1683,1659,1684,-1,1684,1659,1677,-1,1684,1677,1685,-1,1686,1687,1688,-1,1689,1690,1691,-1,1691,1690,1636,-1,1692,1693,1689,-1,1694,1695,1696,-1,1694,1696,1697,-1,1689,1691,1692,-1,1692,1691,1698,-1,1692,1698,1699,-1,1699,1698,1700,-1,1699,1700,1701,-1,1701,1700,1702,-1,1701,1702,1703,-1,1703,1702,1704,-1,1703,1704,1705,-1,1705,1704,1706,-1,1705,1706,1707,-1,1707,1706,1708,-1,1707,1708,1709,-1,1709,1708,1696,-1,1709,1696,1688,-1,1688,1696,1695,-1,1688,1695,1686,-1,1710,1711,1712,-1,1636,1713,1691,-1,1691,1713,1714,-1,1691,1714,1698,-1,1698,1714,1715,-1,1698,1715,1700,-1,1700,1715,1716,-1,1700,1716,1702,-1,1702,1716,1717,-1,1702,1717,1704,-1,1704,1717,1718,-1,1704,1718,1706,-1,1706,1718,1719,-1,1706,1719,1708,-1,1708,1719,1710,-1,1708,1710,1696,-1,1696,1710,1712,-1,1696,1712,1697,-1,1693,1685,1720,-1,1637,1636,1676,-1,1676,1636,1690,-1,1676,1690,1720,-1,1720,1690,1721,-1,1720,1721,1693,-1,1684,1685,1722,-1,1723,1675,1674,-1,1674,1678,1723,-1,1723,1678,1679,-1,1723,1679,1680,-1,1680,1681,1723,-1,1723,1681,1682,-1,1723,1682,1683,-1,1724,1725,1726,-1,1726,1725,1727,-1,1726,1727,1728,-1,1728,1727,1729,-1,1728,1729,1730,-1,1730,1729,1731,-1,1730,1731,1722,-1,1722,1731,1723,-1,1722,1723,1684,-1,1684,1723,1683,-1,1724,1732,1725,-1,1725,1732,1733,-1,1734,1735,1736,-1,1736,1735,1737,-1,1736,1737,1738,-1,1738,1737,1739,-1,1738,1739,1740,-1,1740,1739,1741,-1,1740,1741,1742,-1,1742,1741,1743,-1,1742,1743,1744,-1,1744,1743,1745,-1,1744,1745,1732,-1,1732,1745,1733,-1,1735,1734,1746,-1,1746,1734,1747,-1,1748,1749,1750,-1,1750,1749,1751,-1,1750,1751,1752,-1,1752,1751,1753,-1,1752,1753,1754,-1,1754,1753,1755,-1,1754,1755,1756,-1,1756,1755,1757,-1,1756,1757,1758,-1,1758,1757,1759,-1,1758,1759,1747,-1,1747,1759,1746,-1,1748,1760,1749,-1,1749,1760,1761,-1,1762,1763,1764,-1,1764,1763,1765,-1,1764,1765,1766,-1,1766,1765,1767,-1,1766,1767,1768,-1,1768,1767,1769,-1,1768,1769,1770,-1,1770,1769,1771,-1,1770,1771,1772,-1,1772,1771,1773,-1,1772,1773,1760,-1,1760,1773,1761,-1,1762,1774,1763,-1,1763,1774,1775,-1,1776,1777,1778,-1,1778,1777,1779,-1,1778,1779,1780,-1,1780,1779,1781,-1,1780,1781,1782,-1,1782,1781,1783,-1,1782,1783,1784,-1,1784,1783,1785,-1,1784,1785,1786,-1,1786,1785,1787,-1,1786,1787,1774,-1,1774,1787,1775,-1,1776,1788,1777,-1,1777,1788,1789,-1,1701,1790,1699,-1,1699,1790,1692,-1,1701,1703,1790,-1,1790,1703,1705,-1,1790,1705,1707,-1,1707,1709,1790,-1,1790,1709,1688,-1,1790,1688,1687,-1,1693,1692,1791,-1,1791,1692,1790,-1,1791,1790,1792,-1,1792,1790,1793,-1,1792,1793,1794,-1,1794,1793,1795,-1,1794,1795,1796,-1,1796,1795,1797,-1,1796,1797,1788,-1,1788,1797,1789,-1,1798,1799,1800,-1,1800,1799,1801,-1,1801,1799,1802,-1,1801,1802,1803,-1,1803,1802,1804,-1,1803,1804,1805,-1,1805,1804,1806,-1,1805,1806,1807,-1,1807,1806,1808,-1,1807,1808,1809,-1,1809,1808,1810,-1,1809,1810,1811,-1,1811,1810,1812,-1,1811,1812,1813,-1,1814,1815,1816,-1,1816,1815,1817,-1,1818,1819,1820,-1,1820,1819,1821,-1,1818,1820,1822,-1,1822,1820,1823,-1,1813,1812,1824,-1,1824,1812,1825,-1,1826,1814,1827,-1,1827,1814,1816,-1,1828,1829,1830,-1,1828,1830,1831,-1,1831,1830,1832,-1,1831,1832,1833,-1,1833,1832,1834,-1,1833,1834,1835,-1,1835,1834,1836,-1,1835,1836,1837,-1,1837,1836,1838,-1,1837,1838,1839,-1,1839,1838,1826,-1,1839,1826,1827,-1,1840,1824,1841,-1,1841,1824,1825,-1,1840,1841,1842,-1,1842,1841,1843,-1,1821,1819,1815,-1,1815,1819,1817,-1,1844,1829,1845,-1,1845,1829,1828,-1,1846,1847,1848,-1,1848,1847,1849,-1,1850,1851,1852,-1,1850,1852,1853,-1,1853,1852,1854,-1,1853,1854,1855,-1,1850,1856,1851,-1,1851,1856,1857,-1,1851,1857,1858,-1,1859,1860,1861,-1,1861,1860,1862,-1,1861,1862,1857,-1,1857,1862,1863,-1,1857,1863,1858,-1,1864,1865,1866,-1,1866,1865,1867,-1,1859,1868,1860,-1,1860,1868,1869,-1,1860,1869,1866,-1,1866,1869,1870,-1,1866,1870,1864,-1,1871,1872,1873,-1,1873,1872,1874,-1,1873,1874,1875,-1,1875,1874,1876,-1,1875,1876,1865,-1,1865,1876,1877,-1,1865,1877,1867,-1,1878,1879,1880,-1,1879,1878,1881,-1,1881,1878,1882,-1,1881,1882,1883,-1,1873,1884,1871,-1,1871,1884,1881,-1,1871,1881,1885,-1,1885,1881,1883,-1,1886,1887,1888,-1,1888,1887,1889,-1,1880,1890,1878,-1,1878,1890,1886,-1,1878,1886,1891,-1,1891,1886,1888,-1,1892,1893,1894,-1,1894,1893,1895,-1,1887,1896,1889,-1,1889,1896,1892,-1,1889,1892,1897,-1,1897,1892,1894,-1,1893,1898,1895,-1,1895,1898,1899,-1,1895,1899,1900,-1,1901,1902,1903,-1,1903,1902,1904,-1,1903,1904,1899,-1,1899,1904,1905,-1,1899,1905,1900,-1,1901,1906,1902,-1,1902,1906,1907,-1,1902,1907,1908,-1,1908,1907,1909,-1,1910,1911,1912,-1,1912,1911,1913,-1,1912,1913,1914,-1,1907,1915,1909,-1,1909,1915,1916,-1,1909,1916,1917,-1,1917,1916,1918,-1,1917,1918,1919,-1,1919,1918,1920,-1,1919,1920,1913,-1,1913,1920,1921,-1,1913,1921,1914,-1,1910,1912,1922,-1,1922,1912,1923,-1,1922,1923,1924,-1,1924,1923,1925,-1,1924,1925,1926,-1,1848,1927,1928,-1,1928,1927,1929,-1,1928,1929,1930,-1,1930,1929,1931,-1,1930,1931,1926,-1,1926,1931,1932,-1,1926,1932,1924,-1,1927,1933,1934,-1,1934,1933,1935,-1,1844,1845,1936,-1,1936,1845,1937,-1,1936,1937,1938,-1,1938,1937,1939,-1,1938,1939,1940,-1,1940,1939,1941,-1,1940,1941,1942,-1,1942,1941,1943,-1,1942,1943,1944,-1,1944,1943,1945,-1,1944,1945,1933,-1,1933,1945,1935,-1,1849,1847,1946,-1,1946,1847,1947,-1,1946,1947,1948,-1,1948,1947,1949,-1,1948,1949,1950,-1,1950,1949,1951,-1,1950,1951,1952,-1,1952,1951,1953,-1,1952,1953,1954,-1,1954,1953,1955,-1,1954,1955,1843,-1,1843,1955,1842,-1,1956,1850,1957,-1,1957,1850,1853,-1,1957,1853,1958,-1,1959,1859,1960,-1,1960,1859,1861,-1,1960,1861,1961,-1,1961,1861,1857,-1,1961,1857,1962,-1,1962,1857,1956,-1,1962,1956,1963,-1,1963,1956,1957,-1,1964,1864,1965,-1,1965,1864,1870,-1,1965,1870,1966,-1,1966,1870,1869,-1,1966,1869,1967,-1,1967,1869,1959,-1,1967,1959,1968,-1,1968,1959,1960,-1,1964,1965,1875,-1,1875,1965,1969,-1,1875,1969,1873,-1,1873,1969,1970,-1,1873,1970,1884,-1,1884,1970,1971,-1,1884,1971,1881,-1,1881,1971,1972,-1,1881,1972,1879,-1,1879,1972,1973,-1,1879,1973,1974,-1,1974,1973,1975,-1,1974,1975,1890,-1,1890,1975,1976,-1,1890,1976,1886,-1,1886,1976,1977,-1,1886,1977,1887,-1,1887,1977,1978,-1,1887,1978,1896,-1,1896,1978,1979,-1,1896,1979,1892,-1,1892,1979,1980,-1,1892,1980,1893,-1,1893,1980,1981,-1,1893,1981,1982,-1,1983,1901,1984,-1,1984,1901,1903,-1,1984,1903,1985,-1,1985,1903,1899,-1,1985,1899,1986,-1,1986,1899,1982,-1,1986,1982,1987,-1,1987,1982,1981,-1,1984,1988,1983,-1,1983,1988,1989,-1,1983,1989,1907,-1,1907,1989,1990,-1,1907,1990,1915,-1,1915,1990,1991,-1,1991,1990,1992,-1,1991,1992,1918,-1,1918,1992,1993,-1,1918,1993,1920,-1,1920,1993,1994,-1,1920,1994,1921,-1,1921,1994,1995,-1,1921,1995,1914,-1,1914,1995,1996,-1,1914,1996,1912,-1,1912,1996,1997,-1,1912,1997,1998,-1,1998,1997,1999,-1,1998,1999,1925,-1,1925,1999,2000,-1,1925,2000,1926,-1,1926,2000,2001,-1,1926,2001,2002,-1,2002,2001,2003,-1,2002,2003,1928,-1,2003,2004,1928,-1,1928,2004,1846,-1,1928,1846,1848,-1,1855,1854,2005,-1,2005,1854,2006,-1,2006,1854,2007,-1,2007,1854,2008,-1,2007,2008,2009,-1,2009,2008,1851,-1,2009,1851,2010,-1,2010,1851,1858,-1,2010,1858,2011,-1,2011,1858,2012,-1,2011,2012,2013,-1,2013,2012,1862,-1,2013,1862,2014,-1,2014,1862,1860,-1,2014,1860,2015,-1,2015,1860,1866,-1,2015,1866,2016,-1,2016,1866,2017,-1,2016,2017,2018,-1,2017,1877,2018,-1,2018,1877,1876,-1,2018,1876,2019,-1,2019,1876,2020,-1,2019,2020,2021,-1,2021,2020,2022,-1,2020,1872,2022,-1,2022,1872,1871,-1,2022,1871,2023,-1,2023,1871,2024,-1,2023,2024,2025,-1,2025,2024,2026,-1,2024,1883,2026,-1,2026,1883,1882,-1,2026,1882,2027,-1,2027,1882,1878,-1,2027,1878,2028,-1,2028,1878,2029,-1,2028,2029,2030,-1,2030,2029,2031,-1,2031,2029,1888,-1,2031,1888,2032,-1,2032,1888,1889,-1,2032,1889,2033,-1,2033,1889,1897,-1,2033,1897,2034,-1,2034,1897,2035,-1,2034,2035,2036,-1,2036,2035,1895,-1,2036,1895,2037,-1,2037,1895,1900,-1,2037,1900,2038,-1,2038,1900,2039,-1,2038,2039,2040,-1,2040,2039,1904,-1,2040,1904,2041,-1,2041,1904,1902,-1,2041,1902,2042,-1,1902,1908,2042,-1,2042,1908,1909,-1,2042,1909,2043,-1,2043,1909,1917,-1,2043,1917,2044,-1,2044,1917,2045,-1,2045,1917,2046,-1,2045,2046,2047,-1,2046,1913,2047,-1,2047,1913,1911,-1,2047,1911,2048,-1,2048,1911,1910,-1,2048,1910,2049,-1,2049,1910,2050,-1,2049,2050,2051,-1,2051,2050,2052,-1,2050,1924,2052,-1,2052,1924,1932,-1,2052,1932,2053,-1,2053,1932,2054,-1,2053,2054,2055,-1,2055,2054,2056,-1,2054,1929,2056,-1,2056,1929,1927,-1,2056,1927,1934,-1,1962,1963,2006,-1,2006,1963,2005,-1,2005,1963,1957,-1,2005,1957,1958,-1,2006,2057,1962,-1,1962,2057,2009,-1,1962,2009,1961,-1,1961,2009,2010,-1,1961,2010,1960,-1,1960,2010,2058,-1,1960,2058,2059,-1,2059,2058,2013,-1,2059,2013,2014,-1,2060,1965,2015,-1,2015,1965,1966,-1,2015,1966,2014,-1,2014,1966,1967,-1,2014,1967,2059,-1,2060,2018,1965,-1,1965,2018,2019,-1,1965,2019,1969,-1,1969,2019,2061,-1,2019,2021,2061,-1,2061,2021,2022,-1,2061,2022,1971,-1,1971,2022,2023,-1,1971,2023,1972,-1,1972,2023,1973,-1,2027,1977,2026,-1,2026,1977,1976,-1,2026,1976,2062,-1,2062,1976,2023,-1,2023,1976,2063,-1,2023,2063,1973,-1,2027,2028,1977,-1,1977,2028,2030,-1,1977,2030,2064,-1,2064,2030,2031,-1,2064,2031,1979,-1,1979,2031,2032,-1,1979,2032,1980,-1,2065,1986,2033,-1,2033,1986,1987,-1,2033,1987,2032,-1,2032,1987,1981,-1,2032,1981,1980,-1,2041,1989,2066,-1,2065,2036,1986,-1,1986,2036,2037,-1,1986,2037,1985,-1,1985,2037,2067,-1,1985,2067,1984,-1,1984,2067,2066,-1,2066,2067,2040,-1,2066,2040,2041,-1,2044,1993,1992,-1,1989,2041,1990,-1,1990,2041,2042,-1,1990,2042,1992,-1,1992,2042,2068,-1,1992,2068,2044,-1,1993,2044,1994,-1,1994,2044,2045,-1,1994,2045,2069,-1,2056,1934,1846,-1,1846,2004,2056,-1,2056,2004,2070,-1,2056,2070,2055,-1,2055,2070,2001,-1,2055,2001,2053,-1,2053,2001,2000,-1,2053,2000,2052,-1,2052,2000,2071,-1,2052,2071,2072,-1,2072,2071,1997,-1,2072,1997,2049,-1,2049,1997,1996,-1,2049,1996,2048,-1,2048,1996,2069,-1,2048,2069,2047,-1,2047,2069,2045,-1,2073,2074,2075,-1,2075,2074,2076,-1,2075,2077,2073,-1,2073,2077,2078,-1,2078,2077,2079,-1,2078,2079,2080,-1,2080,2079,2081,-1,2080,2081,2082,-1,2082,2081,2083,-1,2082,2083,2084,-1,2084,2083,2085,-1,2084,2085,2086,-1,2086,2085,2087,-1,2086,2087,2088,-1,2088,2087,2089,-1,2088,2089,2090,-1,2090,2089,2091,-1,2090,2091,2092,-1,2092,2091,2093,-1,2092,2093,2094,-1,2094,2093,2095,-1,2094,2095,2096,-1,2096,2095,2097,-1,2096,2097,2098,-1,2098,2097,2099,-1,2098,2099,2100,-1,2073,2078,2100,-1,2100,2078,2080,-1,2100,2080,2098,-1,2098,2080,2096,-1,2100,2101,2073,-1,2073,2101,2102,-1,2073,2102,2074,-1,2074,2102,2103,-1,2074,2103,2104,-1,2104,2103,2105,-1,2103,2106,2105,-1,2105,2106,2107,-1,2105,2107,2108,-1,2084,2086,2094,-1,2109,2105,2110,-1,2110,2105,2111,-1,2096,2080,2094,-1,2094,2080,2082,-1,2094,2082,2084,-1,2086,2088,2094,-1,2094,2088,2090,-1,2094,2090,2092,-1,2108,2112,2105,-1,2105,2112,2113,-1,2105,2113,2111,-1,2103,2114,2115,-1,2103,2115,2106,-1,2106,2115,2116,-1,2106,2116,2107,-1,2107,2116,2117,-1,2107,2117,2108,-1,2108,2117,2118,-1,2108,2118,2112,-1,2112,2118,2119,-1,2112,2119,2113,-1,2113,2119,2120,-1,2113,2120,2111,-1,2111,2120,2121,-1,2111,2121,2110,-1,2110,2121,2122,-1,2110,2122,2109,-1,2109,2122,2123,-1,2109,2123,2105,-1,2105,2123,2124,-1,2105,2124,2104,-1,2104,2124,2076,-1,2104,2076,2074,-1,2075,2076,2114,-1,2095,2093,2079,-1,2114,2125,2075,-1,2075,2125,2126,-1,2075,2126,2077,-1,2077,2126,2099,-1,2077,2099,2079,-1,2079,2099,2097,-1,2079,2097,2095,-1,2076,2124,2114,-1,2114,2124,2123,-1,2114,2123,2115,-1,2115,2123,2116,-1,2091,2089,2093,-1,2093,2089,2087,-1,2093,2087,2085,-1,2085,2083,2093,-1,2093,2083,2081,-1,2093,2081,2079,-1,2122,2121,2123,-1,2123,2121,2120,-1,2123,2120,2119,-1,2119,2118,2123,-1,2123,2118,2117,-1,2123,2117,2116,-1,2127,2128,2129,-1,2129,2128,2130,-1,2129,2130,2131,-1,2131,2130,2132,-1,2131,2132,2133,-1,2133,2132,2134,-1,2133,2134,2135,-1,2135,2134,2136,-1,2135,2136,2137,-1,2137,2136,2138,-1,2137,2138,2125,-1,2125,2138,2126,-1,2102,2101,2139,-1,2102,2139,2140,-1,2140,2139,2141,-1,2140,2141,2142,-1,2142,2141,2143,-1,2142,2143,2144,-1,2144,2143,2145,-1,2144,2145,2146,-1,2146,2145,2147,-1,2146,2147,2148,-1,2148,2147,2149,-1,2148,2149,2150,-1,2114,2103,2125,-1,2125,2103,2102,-1,2125,2102,2137,-1,2137,2102,2140,-1,2137,2140,2135,-1,2135,2140,2142,-1,2135,2142,2133,-1,2133,2142,2144,-1,2133,2144,2131,-1,2131,2144,2146,-1,2131,2146,2129,-1,2129,2146,2148,-1,2129,2148,2127,-1,2127,2148,2150,-1,2127,2150,1800,-1,1800,2150,1798,-1,1822,1823,2128,-1,2128,1823,2149,-1,2128,2149,2130,-1,2130,2149,2147,-1,2130,2147,2132,-1,2132,2147,2145,-1,2132,2145,2134,-1,2134,2145,2143,-1,2134,2143,2136,-1,2136,2143,2141,-1,2136,2141,2138,-1,2138,2141,2139,-1,2138,2139,2126,-1,2126,2139,2101,-1,2126,2101,2099,-1,2099,2101,2100,-1,1933,1927,1848,-1,1750,1752,1825,-1,1738,1740,1841,-1,1940,1942,1848,-1,1848,1942,1944,-1,1848,1944,1933,-1,1820,1778,1823,-1,1823,1778,1780,-1,1823,1780,1782,-1,1752,1754,1825,-1,1825,1754,1756,-1,1825,1756,1758,-1,1844,1936,1814,-1,1758,1747,1825,-1,1825,1747,1734,-1,1825,1734,1841,-1,1841,1734,1736,-1,1841,1736,1738,-1,1946,1820,1849,-1,1849,1820,1848,-1,1814,1936,1815,-1,1782,1784,1823,-1,1823,1784,1798,-1,1823,1798,2149,-1,2149,1798,2150,-1,1810,1766,1812,-1,1812,1766,1768,-1,1812,1768,1770,-1,1770,1772,1812,-1,1812,1772,1760,-1,1812,1760,1825,-1,1825,1760,1748,-1,1825,1748,1750,-1,1940,1848,1938,-1,1938,1848,1820,-1,1938,1820,1936,-1,1936,1820,1821,-1,1936,1821,1815,-1,1784,1786,1798,-1,1798,1786,1774,-1,1798,1774,1799,-1,1799,1774,1762,-1,1844,1814,1829,-1,1829,1814,1826,-1,1829,1826,1830,-1,1810,1808,1766,-1,1766,1808,1806,-1,1766,1806,1804,-1,1762,1764,1799,-1,1799,1764,1766,-1,1799,1766,1802,-1,1802,1766,1804,-1,1954,1693,1791,-1,1946,1948,1820,-1,1820,1948,1950,-1,1820,1950,1778,-1,1778,1950,1952,-1,1778,1952,1776,-1,1776,1952,1788,-1,1791,1792,1954,-1,1954,1792,1794,-1,1954,1794,1952,-1,1952,1794,1796,-1,1952,1796,1788,-1,1726,1728,1954,-1,1954,1728,1730,-1,1954,1730,1693,-1,1693,1730,1722,-1,1693,1722,1685,-1,1826,1838,1836,-1,1740,1742,1841,-1,1841,1742,1744,-1,1841,1744,1843,-1,1843,1744,1732,-1,1843,1732,1954,-1,1954,1732,1724,-1,1954,1724,1726,-1,1836,1834,1826,-1,1826,1834,1832,-1,1826,1832,1830,-1,1765,1763,1801,-1,1827,1816,1828,-1,2128,2127,1822,-1,1822,2127,1800,-1,1945,1846,1935,-1,1935,1846,1934,-1,1846,1818,1847,-1,1847,1818,1947,-1,1819,1818,1817,-1,1817,1818,1937,-1,1817,1937,1816,-1,1816,1937,1845,-1,1816,1845,1828,-1,1759,1757,1824,-1,1824,1757,1755,-1,1824,1755,1753,-1,1945,1943,1846,-1,1846,1943,1941,-1,1846,1941,1818,-1,1818,1941,1939,-1,1818,1939,1937,-1,1800,1840,1842,-1,1787,1785,1800,-1,1800,1785,1783,-1,1800,1783,1840,-1,1745,1743,1840,-1,1840,1743,1741,-1,1840,1741,1739,-1,1739,1737,1840,-1,1840,1737,1735,-1,1840,1735,1824,-1,1824,1735,1746,-1,1824,1746,1759,-1,1842,1955,1800,-1,1800,1955,1953,-1,1800,1953,1822,-1,1822,1953,1951,-1,1822,1951,1818,-1,1818,1951,1949,-1,1818,1949,1947,-1,1801,1763,1800,-1,1800,1763,1775,-1,1800,1775,1787,-1,1723,1731,1840,-1,1840,1731,1729,-1,1840,1729,1727,-1,1753,1751,1824,-1,1824,1751,1749,-1,1824,1749,1813,-1,1813,1749,1761,-1,1813,1761,1773,-1,1773,1771,1813,-1,1813,1771,1769,-1,1813,1769,1811,-1,1811,1769,1767,-1,1828,1831,1827,-1,1827,1831,1833,-1,1827,1833,1839,-1,1839,1833,1835,-1,1839,1835,1837,-1,1727,1725,1840,-1,1840,1725,1733,-1,1840,1733,1745,-1,1765,1801,1767,-1,1767,1801,1803,-1,1767,1803,1805,-1,1805,1807,1767,-1,1767,1807,1809,-1,1767,1809,1811,-1,1783,1781,1840,-1,1840,1781,1779,-1,1840,1779,1777,-1,1777,1789,1840,-1,1840,1789,1797,-1,1840,1797,1795,-1,1795,1793,1840,-1,1840,1793,1790,-1,1840,1790,1723,-1,1723,1790,1711,-1,1723,1711,1673,-1,1687,2151,1790,-1,1790,2151,2152,-1,1790,2152,2153,-1,1673,1656,1723,-1,1723,1656,2154,-1,1723,2154,1675,-1,2153,2155,1790,-1,1790,2155,1712,-1,1790,1712,1711,-1,1661,1663,2156,-1,1661,2156,1658,-1,1663,1665,2156,-1,2156,1665,1667,-1,2156,1667,1669,-1,1669,1671,2156,-1,2156,1671,1672,-1,2156,1672,1673,-1,1637,1658,1635,-1,1635,1658,2156,-1,1635,2156,1633,-1,1633,2156,2157,-1,1633,2157,1638,-1,1638,2157,2158,-1,2159,1653,1652,-1,2159,1652,2160,-1,2160,1652,1651,-1,2160,1651,2161,-1,2161,1651,1647,-1,2161,1647,2162,-1,2162,1647,1649,-1,2162,1649,2163,-1,2163,1649,1650,-1,2163,1650,2164,-1,2164,1650,1648,-1,2164,1648,2165,-1,2165,1648,1638,-1,2165,1638,2158,-1,1653,2159,1654,-1,1654,2159,2166,-1,2167,1639,1646,-1,2167,1646,2168,-1,2168,1646,1645,-1,2168,1645,2169,-1,2169,1645,1644,-1,2169,1644,2170,-1,2170,1644,1641,-1,2170,1641,2171,-1,2171,1641,1642,-1,2171,1642,2172,-1,2172,1642,1643,-1,2172,1643,2173,-1,2173,1643,1654,-1,2173,1654,2166,-1,1639,2167,1640,-1,1640,2167,2174,-1,1640,2174,1634,-1,1634,2174,2175,-1,1719,2175,1710,-1,1710,2175,1711,-1,1719,1718,2175,-1,2175,1718,1717,-1,2175,1717,1716,-1,1716,1715,2175,-1,2175,1715,1714,-1,2175,1714,1634,-1,1634,1714,1713,-1,1634,1713,1636,-1,1673,1711,2156,-1,2156,1711,2175,-1,2156,2175,2157,-1,2157,2175,2174,-1,2157,2174,2158,-1,2158,2174,2167,-1,2173,2166,2167,-1,2167,2166,2158,-1,2158,2166,2159,-1,2158,2159,2160,-1,2170,2167,2169,-1,2169,2167,2168,-1,2170,2171,2167,-1,2167,2171,2172,-1,2167,2172,2173,-1,2162,2163,2161,-1,2161,2163,2164,-1,2161,2164,2160,-1,2160,2164,2165,-1,2160,2165,2158,-1,2176,2177,2178,-1,2178,2177,2179,-1,2178,2179,2180,-1,2180,2179,2181,-1,2180,2181,2182,-1,2182,2181,2183,-1,2182,2183,2184,-1,2184,2183,2185,-1,2184,2185,2186,-1,2186,2185,2187,-1,2186,2187,2188,-1,2188,2187,2189,-1,2188,2189,2190,-1,2190,2189,2191,-1,2190,2191,2192,-1,2192,2191,2193,-1,2192,2193,2194,-1,2194,2193,2195,-1,2194,2195,2196,-1,2196,2195,2197,-1,2196,2197,2198,-1,2198,2197,2199,-1,2198,2199,2200,-1,2178,2201,2176,-1,2176,2201,2202,-1,2176,2202,2203,-1,2203,2202,2204,-1,2203,2204,2205,-1,2205,2204,2206,-1,2205,2206,2207,-1,2207,2206,2208,-1,2207,2208,2209,-1,2209,2208,2210,-1,2210,2208,2211,-1,2210,2211,2212,-1,2211,2213,2212,-1,2212,2213,2214,-1,2212,2214,2215,-1,2215,2214,2216,-1,2215,2216,2217,-1,2217,2216,2218,-1,2217,2218,2219,-1,2220,2221,2222,-1,2222,2221,2223,-1,2222,2223,2224,-1,2224,2223,2225,-1,2224,2225,2226,-1,2226,2225,2227,-1,2226,2227,2228,-1,2228,2227,2229,-1,2228,2229,2230,-1,2230,2229,2231,-1,2230,2231,2232,-1,2232,2231,2233,-1,2232,2233,2234,-1,2234,2233,2235,-1,2200,2236,2237,-1,2208,2238,2239,-1,2208,2239,2211,-1,2208,2206,2238,-1,2238,2206,2204,-1,2238,2204,2240,-1,2240,2204,2202,-1,2240,2202,2241,-1,2241,2202,2201,-1,2241,2201,2242,-1,2242,2201,2178,-1,2242,2178,2243,-1,2243,2178,2180,-1,2243,2180,2244,-1,2244,2180,2182,-1,2244,2182,2245,-1,2245,2182,2184,-1,2245,2184,2246,-1,2246,2184,2186,-1,2246,2186,2247,-1,2247,2186,2188,-1,2247,2188,2248,-1,2248,2188,2190,-1,2248,2190,2249,-1,2249,2190,2192,-1,2249,2192,2250,-1,2250,2192,2194,-1,2250,2194,2251,-1,2251,2194,2196,-1,2251,2196,2237,-1,2237,2196,2198,-1,2237,2198,2200,-1,2252,2218,2253,-1,2253,2218,2216,-1,2253,2216,2254,-1,2254,2216,2214,-1,2254,2214,2255,-1,2255,2214,2213,-1,2255,2213,2256,-1,2256,2213,2211,-1,2256,2211,2257,-1,2257,2211,2239,-1,2258,2199,2197,-1,2259,2260,2183,-1,2183,2260,2185,-1,2185,2260,2261,-1,2185,2261,2187,-1,2187,2261,2262,-1,2187,2262,2189,-1,2189,2262,2263,-1,2189,2263,2191,-1,2191,2263,2264,-1,2191,2264,2193,-1,2193,2264,2265,-1,2193,2265,2195,-1,2195,2265,2266,-1,2195,2266,2197,-1,2197,2266,2267,-1,2197,2267,2258,-1,2259,2183,2268,-1,2268,2183,2181,-1,2268,2181,2269,-1,2269,2181,2179,-1,2269,2179,2270,-1,2179,2177,2270,-1,2270,2177,2176,-1,2270,2176,2271,-1,2271,2176,2203,-1,2271,2203,2272,-1,2272,2203,2205,-1,2272,2205,2273,-1,2273,2205,2207,-1,2273,2207,2274,-1,2274,2207,2209,-1,2274,2209,2275,-1,2275,2209,2210,-1,2275,2210,2276,-1,2276,2210,2212,-1,2276,2212,2277,-1,2277,2212,2278,-1,2278,2212,2215,-1,2278,2215,2279,-1,2279,2215,2217,-1,2279,2217,2219,-1,2273,2274,2239,-1,2248,2249,2264,-1,2264,2249,2250,-1,2264,2250,2265,-1,2265,2250,2251,-1,2265,2251,2266,-1,2266,2251,2237,-1,2266,2237,2267,-1,2267,2237,2236,-1,2267,2236,2258,-1,2269,2241,2268,-1,2268,2241,2242,-1,2264,2263,2248,-1,2248,2263,2262,-1,2248,2262,2247,-1,2247,2262,2261,-1,2247,2261,2246,-1,2246,2261,2260,-1,2246,2260,2245,-1,2245,2260,2259,-1,2245,2259,2244,-1,2244,2259,2268,-1,2244,2268,2243,-1,2243,2268,2242,-1,2273,2239,2272,-1,2269,2270,2241,-1,2241,2270,2271,-1,2241,2271,2240,-1,2240,2271,2272,-1,2240,2272,2238,-1,2238,2272,2239,-1,2275,2276,2254,-1,2254,2255,2275,-1,2275,2255,2256,-1,2275,2256,2274,-1,2274,2256,2257,-1,2274,2257,2239,-1,2276,2277,2254,-1,2254,2277,2278,-1,2254,2278,2253,-1,2253,2278,2279,-1,2253,2279,2252,-1,2280,2281,2282,-1,2283,2284,2285,-1,2286,2235,2233,-1,2287,2288,2286,-1,2223,2289,2225,-1,2225,2289,2290,-1,2225,2290,2227,-1,2227,2290,2291,-1,2227,2291,2229,-1,2223,2221,2289,-1,2289,2221,2292,-1,2289,2292,2293,-1,2294,2288,2295,-1,2295,2288,2287,-1,2295,2287,2296,-1,2293,2297,2289,-1,2289,2297,2284,-1,2289,2284,2290,-1,2290,2284,2283,-1,2290,2283,2291,-1,2298,2294,2299,-1,2299,2294,2295,-1,2299,2295,2300,-1,2300,2295,2296,-1,2300,2296,2301,-1,2302,2298,2303,-1,2303,2298,2299,-1,2303,2299,2304,-1,2304,2299,2300,-1,2304,2300,2305,-1,2305,2300,2301,-1,2305,2301,2306,-1,2233,2231,2307,-1,2307,2231,2308,-1,2307,2308,2309,-1,2309,2308,2310,-1,2309,2310,2311,-1,2311,2310,2312,-1,2311,2312,2313,-1,2313,2312,2314,-1,2313,2314,2315,-1,2297,2316,2284,-1,2284,2316,2317,-1,2284,2317,2285,-1,2285,2317,2318,-1,2285,2318,2319,-1,2231,2229,2308,-1,2308,2229,2291,-1,2308,2291,2310,-1,2310,2291,2283,-1,2310,2283,2312,-1,2312,2283,2285,-1,2312,2285,2314,-1,2314,2285,2319,-1,2281,2302,2282,-1,2282,2302,2303,-1,2282,2303,2320,-1,2320,2303,2304,-1,2320,2304,2321,-1,2321,2304,2305,-1,2321,2305,2322,-1,2322,2305,2306,-1,2322,2306,2323,-1,2324,2280,2325,-1,2325,2280,2282,-1,2325,2282,2326,-1,2326,2282,2320,-1,2326,2320,2327,-1,2327,2320,2321,-1,2327,2321,2328,-1,2328,2321,2322,-1,2328,2322,2329,-1,2329,2322,2323,-1,2329,2323,2330,-1,2319,2331,2314,-1,2314,2331,2332,-1,2314,2332,2315,-1,2315,2332,2333,-1,2315,2333,2334,-1,2286,2233,2287,-1,2287,2233,2307,-1,2287,2307,2296,-1,2296,2307,2309,-1,2296,2309,2301,-1,2301,2309,2311,-1,2301,2311,2306,-1,2306,2311,2313,-1,2306,2313,2323,-1,2323,2313,2315,-1,2323,2315,2330,-1,2330,2315,2334,-1,2330,2334,2335,-1,2199,2336,2200,-1,2200,2336,2337,-1,2338,2339,2340,-1,2338,2340,2341,-1,2341,2340,2342,-1,2341,2342,2343,-1,2343,2342,2344,-1,2343,2344,2345,-1,2345,2344,2346,-1,2345,2346,2347,-1,2347,2346,2348,-1,2347,2348,2349,-1,2349,2348,2350,-1,2349,2350,2351,-1,2352,2339,2353,-1,2353,2339,2338,-1,2354,2355,2356,-1,2354,2356,2357,-1,2357,2356,2358,-1,2357,2358,2359,-1,2359,2358,2360,-1,2359,2360,2361,-1,2361,2360,2362,-1,2361,2362,2363,-1,2363,2362,2364,-1,2363,2364,2365,-1,2365,2364,2352,-1,2365,2352,2353,-1,2366,2367,2355,-1,2355,2367,2350,-1,2364,2362,2355,-1,2339,2350,2348,-1,2350,2339,2355,-1,2355,2339,2352,-1,2355,2352,2364,-1,2362,2360,2355,-1,2355,2360,2358,-1,2355,2358,2356,-1,2348,2346,2344,-1,2344,2342,2348,-1,2348,2342,2340,-1,2348,2340,2339,-1,2366,2355,2368,-1,2368,2355,2354,-1,2369,2351,2367,-1,2367,2351,2350,-1,2368,2354,2370,-1,2370,2371,2368,-1,2368,2371,2372,-1,2368,2372,2369,-1,2353,2373,2365,-1,2365,2373,2374,-1,2365,2374,2363,-1,2338,2341,2375,-1,2375,2376,2338,-1,2338,2376,2377,-1,2338,2377,2353,-1,2353,2377,2378,-1,2353,2378,2373,-1,2379,2380,2354,-1,2354,2380,2381,-1,2354,2381,2370,-1,2382,2349,2383,-1,2383,2349,2351,-1,2383,2351,2384,-1,2341,2343,2375,-1,2375,2343,2345,-1,2375,2345,2382,-1,2382,2345,2347,-1,2382,2347,2349,-1,2354,2357,2379,-1,2379,2357,2359,-1,2379,2359,2374,-1,2374,2359,2361,-1,2374,2361,2363,-1,2372,2385,2369,-1,2369,2385,2386,-1,2369,2386,2351,-1,2351,2386,2387,-1,2351,2387,2384,-1,2388,2389,2390,-1,2388,2390,2391,-1,2391,2390,2371,-1,2391,2371,2370,-1,2378,2392,2393,-1,2392,2394,2395,-1,2392,2395,2393,-1,2393,2395,2396,-1,2393,2396,2397,-1,2397,2396,2398,-1,2397,2398,2399,-1,2399,2398,2400,-1,2399,2400,2401,-1,2401,2400,2402,-1,2401,2402,2403,-1,2403,2402,2388,-1,2403,2388,2391,-1,2378,2393,2373,-1,2373,2393,2397,-1,2373,2397,2374,-1,2374,2397,2399,-1,2374,2399,2379,-1,2379,2399,2401,-1,2379,2401,2380,-1,2380,2401,2403,-1,2380,2403,2381,-1,2381,2403,2391,-1,2381,2391,2370,-1,2404,2405,2406,-1,2406,2405,2407,-1,2406,2407,2408,-1,2408,2407,2409,-1,2408,2409,2410,-1,2410,2409,2411,-1,2410,2411,2388,-1,2388,2411,2389,-1,2412,2394,2392,-1,2412,2392,2413,-1,2413,2392,2378,-1,2413,2378,2377,-1,2394,2414,2395,-1,2395,2414,2415,-1,2395,2415,2396,-1,2396,2415,2416,-1,2396,2416,2398,-1,2398,2416,2417,-1,2398,2417,2400,-1,2400,2417,2418,-1,2400,2418,2402,-1,2402,2418,2419,-1,2402,2419,2388,-1,2388,2419,2410,-1,2414,2420,2415,-1,2415,2420,2421,-1,2415,2421,2416,-1,2416,2421,2422,-1,2416,2422,2417,-1,2417,2422,2423,-1,2417,2423,2418,-1,2418,2423,2424,-1,2418,2424,2419,-1,2419,2424,2425,-1,2419,2425,2410,-1,2410,2425,2408,-1,2420,2426,2421,-1,2421,2426,2427,-1,2421,2427,2422,-1,2422,2427,2428,-1,2422,2428,2423,-1,2423,2428,2429,-1,2423,2429,2424,-1,2424,2429,2430,-1,2424,2430,2425,-1,2425,2430,2431,-1,2425,2431,2408,-1,2408,2431,2406,-1,2426,2432,2427,-1,2427,2432,2433,-1,2427,2433,2428,-1,2428,2433,2434,-1,2428,2434,2429,-1,2429,2434,2435,-1,2429,2435,2430,-1,2430,2435,2436,-1,2430,2436,2431,-1,2431,2436,2437,-1,2431,2437,2406,-1,2406,2437,2404,-1,2387,2438,2439,-1,2438,2440,2441,-1,2438,2441,2439,-1,2439,2441,2442,-1,2439,2442,2443,-1,2443,2442,2444,-1,2443,2444,2445,-1,2445,2444,2446,-1,2445,2446,2447,-1,2447,2446,2448,-1,2447,2448,2449,-1,2449,2448,2412,-1,2449,2412,2413,-1,2387,2439,2384,-1,2384,2439,2443,-1,2384,2443,2383,-1,2383,2443,2445,-1,2383,2445,2382,-1,2382,2445,2447,-1,2382,2447,2375,-1,2375,2447,2449,-1,2375,2449,2376,-1,2376,2449,2413,-1,2376,2413,2377,-1,2450,2432,2451,-1,2451,2432,2426,-1,2451,2426,2452,-1,2452,2426,2420,-1,2452,2420,2453,-1,2453,2420,2414,-1,2453,2414,2412,-1,2412,2414,2394,-1,2454,2440,2438,-1,2454,2438,2455,-1,2455,2438,2387,-1,2455,2387,2386,-1,2440,2456,2441,-1,2441,2456,2457,-1,2441,2457,2442,-1,2442,2457,2458,-1,2442,2458,2444,-1,2444,2458,2459,-1,2444,2459,2446,-1,2446,2459,2460,-1,2446,2460,2448,-1,2448,2460,2461,-1,2448,2461,2412,-1,2412,2461,2453,-1,2456,2462,2457,-1,2457,2462,2463,-1,2457,2463,2458,-1,2458,2463,2464,-1,2458,2464,2459,-1,2459,2464,2465,-1,2459,2465,2460,-1,2460,2465,2466,-1,2460,2466,2461,-1,2461,2466,2467,-1,2461,2467,2453,-1,2453,2467,2452,-1,2462,2468,2463,-1,2463,2468,2469,-1,2463,2469,2464,-1,2464,2469,2470,-1,2464,2470,2465,-1,2465,2470,2471,-1,2465,2471,2466,-1,2466,2471,2472,-1,2466,2472,2467,-1,2467,2472,2473,-1,2467,2473,2452,-1,2452,2473,2451,-1,2468,2474,2469,-1,2469,2474,2475,-1,2469,2475,2470,-1,2470,2475,2476,-1,2470,2476,2471,-1,2471,2476,2477,-1,2471,2477,2472,-1,2472,2477,2478,-1,2472,2478,2473,-1,2473,2478,2479,-1,2473,2479,2451,-1,2451,2479,2450,-1,2480,2474,2481,-1,2481,2474,2468,-1,2481,2468,2482,-1,2482,2468,2462,-1,2482,2462,2483,-1,2483,2462,2456,-1,2483,2456,2454,-1,2454,2456,2440,-1,2484,2367,2366,-1,2366,2485,2484,-1,2484,2485,2486,-1,2484,2486,2487,-1,2487,2486,2488,-1,2487,2488,2489,-1,2489,2488,2490,-1,2489,2490,2491,-1,2491,2490,2492,-1,2491,2492,2493,-1,2493,2492,2494,-1,2493,2494,2495,-1,2495,2494,2496,-1,2495,2496,2497,-1,2497,2496,2498,-1,2496,2499,2498,-1,2498,2499,2500,-1,2498,2500,2501,-1,2501,2500,2502,-1,2501,2502,2503,-1,2503,2502,2504,-1,2503,2504,2505,-1,2505,2504,2506,-1,2505,2506,2507,-1,2507,2506,2508,-1,2507,2508,2509,-1,2509,2508,2510,-1,2509,2510,2511,-1,2511,2510,2512,-1,2511,2512,2513,-1,2513,2512,2514,-1,2513,2514,2515,-1,2515,2514,2516,-1,2515,2516,2517,-1,2336,2516,2518,-1,2518,2516,2514,-1,2518,2514,2519,-1,2519,2514,2512,-1,2519,2512,2520,-1,2520,2512,2510,-1,2508,2506,2521,-1,2521,2506,2504,-1,2521,2504,2522,-1,2521,2523,2508,-1,2508,2523,2524,-1,2508,2524,2510,-1,2510,2524,2525,-1,2510,2525,2520,-1,2504,2502,2522,-1,2522,2502,2500,-1,2522,2500,2526,-1,2526,2500,2499,-1,2526,2499,2527,-1,2527,2499,2528,-1,2490,2488,2529,-1,2499,2496,2528,-1,2528,2496,2494,-1,2528,2494,2530,-1,2530,2494,2492,-1,2530,2492,2531,-1,2531,2492,2490,-1,2531,2490,2532,-1,2532,2490,2529,-1,2366,2368,2485,-1,2485,2368,2529,-1,2485,2529,2486,-1,2486,2529,2488,-1,2236,2517,2258,-1,2258,2517,2516,-1,2369,2367,2533,-1,2533,2367,2484,-1,2533,2484,2534,-1,2534,2484,2487,-1,2534,2487,2535,-1,2535,2487,2489,-1,2491,2493,2536,-1,2536,2493,2495,-1,2536,2495,2537,-1,2536,2538,2491,-1,2491,2538,2539,-1,2491,2539,2489,-1,2489,2539,2540,-1,2489,2540,2535,-1,2495,2497,2537,-1,2537,2497,2498,-1,2537,2498,2541,-1,2541,2498,2501,-1,2541,2501,2542,-1,2542,2501,2543,-1,2509,2511,2544,-1,2501,2503,2543,-1,2543,2503,2505,-1,2543,2505,2545,-1,2545,2505,2507,-1,2545,2507,2546,-1,2546,2507,2509,-1,2546,2509,2547,-1,2547,2509,2544,-1,2517,2337,2515,-1,2515,2337,2544,-1,2515,2544,2513,-1,2513,2544,2511,-1,2200,2337,2236,-1,2236,2337,2517,-1,2199,2258,2336,-1,2336,2258,2516,-1,2534,2535,2531,-1,2534,2531,2548,-1,2548,2531,2549,-1,2548,2549,2369,-1,2369,2549,2529,-1,2369,2529,2368,-1,2539,2527,2550,-1,2550,2527,2551,-1,2550,2551,2535,-1,2535,2551,2530,-1,2535,2530,2531,-1,2552,2522,2537,-1,2537,2522,2526,-1,2537,2526,2553,-1,2553,2526,2527,-1,2553,2527,2538,-1,2538,2527,2539,-1,2537,2541,2552,-1,2552,2541,2542,-1,2552,2542,2523,-1,2523,2542,2554,-1,2523,2554,2524,-1,2524,2554,2545,-1,2524,2545,2546,-1,2337,2336,2555,-1,2337,2555,2544,-1,2544,2555,2519,-1,2544,2519,2556,-1,2556,2519,2520,-1,2556,2520,2546,-1,2546,2520,2557,-1,2546,2557,2524,-1,2558,2559,2560,-1,2560,2559,2561,-1,2562,2563,2564,-1,2564,2563,2565,-1,2564,2565,2566,-1,2566,2565,2567,-1,2567,2568,2566,-1,2566,2568,2569,-1,2570,2571,2562,-1,2562,2571,2563,-1,2569,2568,2572,-1,2572,2568,2573,-1,2572,2573,2574,-1,2574,2573,2575,-1,2574,2575,2576,-1,2576,2575,2577,-1,2576,2577,2578,-1,2578,2577,2579,-1,2578,2579,2580,-1,2580,2579,2581,-1,2580,2581,2582,-1,2582,2581,2583,-1,2584,2582,2585,-1,2585,2582,2583,-1,2586,2587,2588,-1,2586,2588,2589,-1,2589,2588,2590,-1,2589,2590,2591,-1,2591,2590,2592,-1,2591,2592,2593,-1,2593,2592,2594,-1,2593,2594,2595,-1,2595,2594,2596,-1,2595,2596,2597,-1,2597,2596,2598,-1,2597,2598,2599,-1,2600,2601,2602,-1,2602,2601,2603,-1,2602,2603,2604,-1,2604,2603,2605,-1,2604,2605,2606,-1,2606,2605,2607,-1,2606,2607,2608,-1,2608,2607,2609,-1,2608,2609,2610,-1,2610,2609,2611,-1,2610,2611,2612,-1,2612,2611,2613,-1,2614,2615,2616,-1,2617,2618,2619,-1,2619,2618,2620,-1,2616,2612,2614,-1,2614,2612,2613,-1,2614,2613,2621,-1,2621,2613,2618,-1,2621,2618,2622,-1,2622,2618,2623,-1,2615,2624,2616,-1,2616,2624,2625,-1,2616,2625,2626,-1,2616,2627,2628,-1,2628,2629,2616,-1,2616,2629,2630,-1,2616,2630,2631,-1,2617,2632,2618,-1,2618,2632,2633,-1,2618,2633,2634,-1,2634,2635,2618,-1,2618,2635,2636,-1,2618,2636,2623,-1,2626,2637,2616,-1,2616,2637,2638,-1,2616,2638,2627,-1,2639,2616,2631,-1,2639,2631,2640,-1,2640,2631,2630,-1,2640,2630,2641,-1,2641,2630,2629,-1,2641,2629,2642,-1,2642,2629,2628,-1,2642,2628,2643,-1,2643,2628,2627,-1,2643,2627,2644,-1,2644,2627,2638,-1,2644,2638,2645,-1,2645,2638,2637,-1,2645,2637,2646,-1,2646,2637,2626,-1,2646,2626,2647,-1,2647,2626,2625,-1,2647,2625,2648,-1,2648,2625,2624,-1,2648,2624,2649,-1,2649,2624,2615,-1,2649,2615,2650,-1,2651,2652,2653,-1,2654,2598,2650,-1,2650,2598,2639,-1,2650,2639,2649,-1,2649,2639,2648,-1,2655,2653,2654,-1,2654,2653,2599,-1,2654,2599,2598,-1,2642,2639,2641,-1,2641,2639,2640,-1,2642,2643,2639,-1,2639,2643,2644,-1,2639,2644,2645,-1,2655,2656,2653,-1,2653,2656,2657,-1,2653,2657,2658,-1,2645,2646,2639,-1,2639,2646,2647,-1,2639,2647,2648,-1,2658,2659,2653,-1,2653,2659,2660,-1,2653,2660,2661,-1,2661,2662,2653,-1,2653,2662,2663,-1,2653,2663,2651,-1,2655,2621,2622,-1,2655,2622,2656,-1,2656,2622,2623,-1,2656,2623,2657,-1,2657,2623,2636,-1,2657,2636,2658,-1,2658,2636,2635,-1,2658,2635,2659,-1,2659,2635,2634,-1,2659,2634,2660,-1,2660,2634,2633,-1,2660,2633,2661,-1,2661,2633,2632,-1,2661,2632,2662,-1,2662,2632,2617,-1,2662,2617,2663,-1,2663,2617,2619,-1,2663,2619,2651,-1,2651,2619,2620,-1,2651,2620,2652,-1,2652,2620,2618,-1,2652,2618,2653,-1,2614,2621,2654,-1,2654,2621,2655,-1,2654,2650,2614,-1,2614,2650,2615,-1,2664,2665,2666,-1,2666,2665,2667,-1,2666,2667,2668,-1,2668,2667,2669,-1,2668,2669,2670,-1,2670,2669,2671,-1,2670,2671,2672,-1,2672,2671,2673,-1,2674,2675,2676,-1,2675,2674,2665,-1,2665,2677,2667,-1,2678,2677,2665,-1,2669,2667,2679,-1,2679,2667,2677,-1,2679,2677,2680,-1,2680,2677,2678,-1,2680,2678,2681,-1,2682,2676,2683,-1,2683,2676,2675,-1,2683,2675,2684,-1,2684,2675,2665,-1,2671,2669,2685,-1,2685,2669,2679,-1,2685,2679,2686,-1,2686,2679,2680,-1,2686,2680,2687,-1,2687,2680,2681,-1,2687,2681,2688,-1,2689,2682,2690,-1,2690,2682,2683,-1,2690,2683,2691,-1,2691,2683,2684,-1,2691,2684,2692,-1,2692,2684,2665,-1,2673,2671,2693,-1,2693,2671,2685,-1,2693,2685,2694,-1,2694,2685,2686,-1,2694,2686,2695,-1,2695,2686,2687,-1,2695,2687,2696,-1,2696,2687,2688,-1,2696,2688,2697,-1,2689,2697,2682,-1,2682,2697,2688,-1,2682,2688,2676,-1,2676,2688,2681,-1,2676,2681,2674,-1,2674,2681,2678,-1,2674,2678,2665,-1,2698,2699,2700,-1,2699,2698,2664,-1,2664,2701,2702,-1,2703,2701,2664,-1,2704,2702,2705,-1,2705,2702,2701,-1,2705,2701,2706,-1,2706,2701,2703,-1,2706,2703,2707,-1,2708,2700,2709,-1,2709,2700,2699,-1,2709,2699,2710,-1,2710,2699,2664,-1,2711,2704,2712,-1,2712,2704,2705,-1,2712,2705,2713,-1,2713,2705,2706,-1,2713,2706,2714,-1,2714,2706,2707,-1,2714,2707,2715,-1,2672,2708,2670,-1,2670,2708,2709,-1,2670,2709,2668,-1,2668,2709,2710,-1,2668,2710,2666,-1,2666,2710,2664,-1,2716,2711,2717,-1,2717,2711,2712,-1,2717,2712,2718,-1,2718,2712,2713,-1,2718,2713,2719,-1,2719,2713,2714,-1,2719,2714,2720,-1,2720,2714,2715,-1,2720,2715,2721,-1,2672,2721,2708,-1,2708,2721,2715,-1,2708,2715,2700,-1,2700,2715,2707,-1,2700,2707,2698,-1,2698,2707,2703,-1,2698,2703,2664,-1,2722,2723,2724,-1,2724,2723,2725,-1,2724,2725,2726,-1,2726,2725,2727,-1,2726,2727,2728,-1,2728,2727,2729,-1,2728,2729,2730,-1,2730,2729,2731,-1,2730,2731,2732,-1,2732,2731,2733,-1,2732,2733,2734,-1,2734,2733,2735,-1,2734,2735,2736,-1,2736,2735,2737,-1,2736,2737,2738,-1,2738,2737,2739,-1,2738,2739,2740,-1,2740,2739,2741,-1,2740,2741,2742,-1,2742,2741,2743,-1,2742,2743,2744,-1,2744,2743,2745,-1,2744,2745,2746,-1,2746,2745,2747,-1,2746,2747,2748,-1,2748,2747,2749,-1,2748,2749,2750,-1,2750,2749,2751,-1,2750,2751,2752,-1,2752,2751,2753,-1,2752,2753,2754,-1,2754,2753,2755,-1,2754,2755,2756,-1,2756,2755,2757,-1,2756,2757,2758,-1,2758,2757,2759,-1,2758,2759,2760,-1,2760,2759,2761,-1,2760,2761,2762,-1,2762,2761,2763,-1,2762,2763,2764,-1,2764,2763,2765,-1,2764,2765,2766,-1,2766,2765,2767,-1,2766,2767,2768,-1,2768,2767,2769,-1,2561,2770,2560,-1,2560,2770,2771,-1,2558,2772,2559,-1,2559,2772,2773,-1,2689,2774,2775,-1,2774,2776,2777,-1,2776,2778,2779,-1,2778,2780,2781,-1,2778,2781,2779,-1,2779,2781,2782,-1,2779,2782,2783,-1,2783,2782,2784,-1,2783,2784,2785,-1,2785,2784,2786,-1,2785,2786,2787,-1,2787,2786,2788,-1,2787,2788,2789,-1,2789,2788,2790,-1,2789,2790,2791,-1,2776,2779,2777,-1,2777,2779,2783,-1,2777,2783,2792,-1,2792,2783,2785,-1,2792,2785,2793,-1,2793,2785,2787,-1,2793,2787,2794,-1,2794,2787,2789,-1,2794,2789,2795,-1,2795,2789,2791,-1,2795,2791,2796,-1,2774,2777,2775,-1,2775,2777,2792,-1,2775,2792,2797,-1,2797,2792,2793,-1,2797,2793,2798,-1,2798,2793,2794,-1,2798,2794,2799,-1,2799,2794,2795,-1,2799,2795,2800,-1,2800,2795,2796,-1,2800,2796,2801,-1,2689,2775,2697,-1,2697,2775,2797,-1,2697,2797,2696,-1,2696,2797,2798,-1,2696,2798,2695,-1,2695,2798,2799,-1,2695,2799,2694,-1,2694,2799,2800,-1,2694,2800,2693,-1,2693,2800,2801,-1,2693,2801,2673,-1,2672,2673,2801,-1,2672,2801,2802,-1,2802,2801,2796,-1,2802,2796,2803,-1,2803,2796,2791,-1,2803,2791,2804,-1,2804,2791,2790,-1,2804,2790,2805,-1,2672,2802,2806,-1,2802,2803,2807,-1,2803,2804,2808,-1,2804,2805,2809,-1,2804,2809,2808,-1,2808,2809,2810,-1,2808,2810,2811,-1,2811,2810,2812,-1,2811,2812,2813,-1,2813,2812,2814,-1,2813,2814,2815,-1,2815,2814,2816,-1,2815,2816,2817,-1,2817,2816,2818,-1,2817,2818,2819,-1,2803,2808,2807,-1,2807,2808,2811,-1,2807,2811,2820,-1,2820,2811,2813,-1,2820,2813,2821,-1,2821,2813,2815,-1,2821,2815,2822,-1,2822,2815,2817,-1,2822,2817,2823,-1,2823,2817,2819,-1,2823,2819,2824,-1,2802,2807,2806,-1,2806,2807,2820,-1,2806,2820,2825,-1,2825,2820,2821,-1,2825,2821,2826,-1,2826,2821,2822,-1,2826,2822,2827,-1,2827,2822,2823,-1,2827,2823,2828,-1,2828,2823,2824,-1,2828,2824,2829,-1,2672,2806,2721,-1,2721,2806,2825,-1,2721,2825,2720,-1,2720,2825,2826,-1,2720,2826,2719,-1,2719,2826,2827,-1,2719,2827,2718,-1,2718,2827,2828,-1,2718,2828,2717,-1,2717,2828,2829,-1,2717,2829,2716,-1,2770,2830,2771,-1,2771,2830,2831,-1,2772,2832,2773,-1,2773,2832,2833,-1,2834,2831,2835,-1,2835,2831,2836,-1,2835,2836,2837,-1,2837,2836,2838,-1,2837,2838,2839,-1,2839,2838,2840,-1,2839,2840,2841,-1,2841,2840,2842,-1,2841,2842,2843,-1,2843,2842,2844,-1,2843,2844,2845,-1,2845,2844,2846,-1,2564,2566,2847,-1,2847,2848,2564,-1,2564,2848,2769,-1,2564,2769,2562,-1,2749,2747,2831,-1,2831,2747,2745,-1,2831,2745,2771,-1,2729,2727,2832,-1,2759,2757,2834,-1,2745,2743,2771,-1,2771,2743,2741,-1,2771,2741,2560,-1,2560,2741,2739,-1,2560,2739,2558,-1,2558,2739,2737,-1,2558,2737,2772,-1,2737,2735,2772,-1,2772,2735,2733,-1,2772,2733,2832,-1,2832,2733,2731,-1,2832,2731,2729,-1,2769,2767,2562,-1,2562,2767,2765,-1,2562,2765,2570,-1,2570,2765,2763,-1,2570,2763,2834,-1,2834,2763,2761,-1,2834,2761,2759,-1,2757,2755,2834,-1,2834,2755,2753,-1,2834,2753,2831,-1,2831,2753,2751,-1,2831,2751,2749,-1,2727,2725,2832,-1,2832,2725,2723,-1,2832,2723,2569,-1,2569,2723,2849,-1,2569,2849,2850,-1,2850,2851,2569,-1,2569,2851,2852,-1,2569,2852,2566,-1,2566,2852,2853,-1,2566,2853,2847,-1,2832,2569,2854,-1,2854,2569,2572,-1,2854,2572,2855,-1,2855,2572,2574,-1,2855,2574,2856,-1,2856,2574,2576,-1,2856,2576,2857,-1,2857,2576,2578,-1,2857,2578,2858,-1,2858,2578,2580,-1,2858,2580,2859,-1,2859,2580,2582,-1,2664,2860,2665,-1,2665,2860,2861,-1,2665,2861,2692,-1,2692,2861,2862,-1,2692,2862,2691,-1,2691,2862,2863,-1,2691,2863,2690,-1,2690,2863,2864,-1,2690,2864,2689,-1,2689,2864,2865,-1,2860,2664,2866,-1,2866,2664,2702,-1,2866,2702,2867,-1,2867,2702,2704,-1,2867,2704,2868,-1,2868,2704,2711,-1,2868,2711,2869,-1,2869,2711,2716,-1,2372,2861,2385,-1,2385,2861,2860,-1,2389,2865,2390,-1,2390,2865,2864,-1,2390,2864,2371,-1,2371,2864,2863,-1,2371,2863,2372,-1,2372,2863,2862,-1,2372,2862,2861,-1,2689,2865,2870,-1,2689,2870,2774,-1,2774,2870,2871,-1,2774,2871,2776,-1,2776,2871,2872,-1,2776,2872,2778,-1,2778,2872,2873,-1,2778,2873,2780,-1,2869,2716,2829,-1,2869,2829,2874,-1,2874,2829,2824,-1,2874,2824,2875,-1,2875,2824,2819,-1,2875,2819,2876,-1,2876,2819,2818,-1,2876,2818,2877,-1,2869,2454,2868,-1,2868,2454,2455,-1,2868,2455,2867,-1,2867,2455,2386,-1,2867,2386,2866,-1,2866,2386,2385,-1,2866,2385,2860,-1,2405,2873,2407,-1,2407,2873,2872,-1,2407,2872,2409,-1,2409,2872,2871,-1,2409,2871,2411,-1,2411,2871,2870,-1,2411,2870,2389,-1,2389,2870,2865,-1,2454,2869,2483,-1,2483,2869,2874,-1,2483,2874,2482,-1,2482,2874,2875,-1,2482,2875,2481,-1,2481,2875,2876,-1,2481,2876,2480,-1,2480,2876,2877,-1,2878,2480,2879,-1,2879,2480,2877,-1,2878,2879,2880,-1,2880,2879,2881,-1,2880,2881,2882,-1,2882,2881,2883,-1,2882,2883,2884,-1,2884,2883,2885,-1,2884,2885,2886,-1,2886,2885,2887,-1,2886,2887,2888,-1,2888,2887,2889,-1,2888,2889,2890,-1,2890,2889,2891,-1,2892,2890,2893,-1,2893,2890,2891,-1,2894,2895,2896,-1,2896,2895,2897,-1,2898,2899,2897,-1,2897,2899,2896,-1,2900,2901,2902,-1,2900,2902,2903,-1,2903,2902,2904,-1,2903,2904,2905,-1,2905,2904,2906,-1,2905,2906,2907,-1,2907,2906,2908,-1,2907,2908,2909,-1,2909,2908,2910,-1,2909,2910,2911,-1,2911,2910,2899,-1,2911,2899,2898,-1,2912,2913,2900,-1,2900,2913,2901,-1,2914,2915,2916,-1,2914,2916,2917,-1,2917,2916,2918,-1,2917,2918,2919,-1,2919,2918,2920,-1,2919,2920,2921,-1,2921,2920,2922,-1,2921,2922,2923,-1,2923,2922,2924,-1,2923,2924,2925,-1,2925,2924,2913,-1,2925,2913,2912,-1,2914,2926,2915,-1,2915,2926,2927,-1,2927,2926,2928,-1,2928,2926,2929,-1,2928,2929,2930,-1,2930,2929,2931,-1,2930,2931,2932,-1,2932,2931,2933,-1,2932,2933,2934,-1,2934,2933,2935,-1,2934,2935,2936,-1,2936,2935,2937,-1,2936,2937,2938,-1,2938,2937,2939,-1,2939,2940,2938,-1,2938,2940,2941,-1,2941,2940,2942,-1,2942,2940,2943,-1,2942,2943,2944,-1,2944,2943,2945,-1,2944,2945,2946,-1,2946,2945,2947,-1,2946,2947,2948,-1,2948,2947,2949,-1,2948,2949,2950,-1,2950,2949,2951,-1,2950,2951,2952,-1,2952,2951,2953,-1,2954,2952,2955,-1,2955,2952,2953,-1,2584,2585,2956,-1,2584,2956,2957,-1,2957,2956,2958,-1,2957,2958,2959,-1,2959,2958,2960,-1,2959,2960,2961,-1,2961,2960,2962,-1,2961,2962,2963,-1,2963,2962,2964,-1,2963,2964,2965,-1,2965,2964,2966,-1,2965,2966,2967,-1,2968,2969,2859,-1,2859,2969,2970,-1,2859,2970,2858,-1,2858,2970,2971,-1,2858,2971,2857,-1,2857,2971,2972,-1,2857,2972,2856,-1,2856,2972,2973,-1,2856,2973,2855,-1,2855,2973,2974,-1,2855,2974,2854,-1,2854,2974,2975,-1,2854,2975,2832,-1,2832,2975,2833,-1,2736,2559,2773,-1,2724,2773,2833,-1,2724,2726,2773,-1,2773,2726,2728,-1,2773,2728,2730,-1,2730,2732,2773,-1,2773,2732,2734,-1,2773,2734,2736,-1,2565,2563,2766,-1,2559,2736,2561,-1,2561,2736,2738,-1,2561,2738,2770,-1,2976,2977,2568,-1,2568,2977,2978,-1,2568,2978,2833,-1,2833,2978,2722,-1,2833,2722,2724,-1,2565,2766,2567,-1,2567,2766,2768,-1,2567,2768,2979,-1,2738,2740,2770,-1,2770,2740,2742,-1,2770,2742,2830,-1,2742,2744,2830,-1,2830,2744,2746,-1,2830,2746,2748,-1,2748,2750,2830,-1,2830,2750,2752,-1,2830,2752,2980,-1,2980,2752,2754,-1,2980,2754,2756,-1,2979,2981,2567,-1,2567,2981,2982,-1,2567,2982,2568,-1,2568,2982,2983,-1,2568,2983,2976,-1,2756,2758,2980,-1,2980,2758,2760,-1,2980,2760,2571,-1,2571,2760,2762,-1,2571,2762,2563,-1,2563,2762,2764,-1,2563,2764,2766,-1,2984,2985,2986,-1,2986,2985,2987,-1,2831,2830,2836,-1,2836,2830,2988,-1,2836,2988,2838,-1,2838,2988,2989,-1,2838,2989,2840,-1,2840,2989,2990,-1,2840,2990,2842,-1,2842,2990,2991,-1,2842,2991,2844,-1,2844,2991,2992,-1,2844,2992,2846,-1,2846,2992,2993,-1,2994,2995,2996,-1,2996,2995,2997,-1,2998,2999,3000,-1,2998,3000,3001,-1,3001,3000,3002,-1,3001,3002,3003,-1,3003,3002,3004,-1,3003,3004,3005,-1,3005,3004,3006,-1,3005,3006,3007,-1,3007,3006,3008,-1,3007,3008,3009,-1,3009,3008,2892,-1,3009,2892,2893,-1,3010,3011,3012,-1,3010,3012,3013,-1,3013,3012,3014,-1,3013,3014,3015,-1,3015,3014,3016,-1,3015,3016,3017,-1,2818,2816,2846,-1,2891,3018,2985,-1,3013,3015,2893,-1,2893,3015,3017,-1,2893,3017,3019,-1,2788,2786,2845,-1,2845,2786,2784,-1,3020,3021,2845,-1,2845,3021,3022,-1,2985,2984,2891,-1,2891,2984,3023,-1,2891,3023,2893,-1,2893,3023,3010,-1,2893,3010,3013,-1,3007,3001,3005,-1,3005,3001,3003,-1,3019,2998,2893,-1,2893,2998,3001,-1,2893,3001,3009,-1,3009,3001,3007,-1,2891,2889,3018,-1,3018,2889,2887,-1,3018,2887,2846,-1,2846,2887,2885,-1,2846,2885,2883,-1,2816,2814,2846,-1,2846,2814,2812,-1,2846,2812,2810,-1,2784,2782,2845,-1,2845,2782,2781,-1,2845,2781,2780,-1,3022,3024,2845,-1,2845,3024,3025,-1,2845,3025,3026,-1,3026,3025,2995,-1,3026,2995,2994,-1,2877,2818,2879,-1,2879,2818,2846,-1,2879,2846,2881,-1,2881,2846,2883,-1,2810,2809,2846,-1,2846,2809,2805,-1,2846,2805,2845,-1,2845,2805,2790,-1,2845,2790,2788,-1,2780,2873,2845,-1,2845,2873,3027,-1,2845,3027,3020,-1,3028,3029,2994,-1,2994,3029,3030,-1,2994,3030,3026,-1,3028,3031,3029,-1,3029,3031,3032,-1,3029,3032,3033,-1,2999,2998,3034,-1,3034,2998,3019,-1,3017,3016,3019,-1,3019,3016,3034,-1,3030,3035,3026,-1,3026,3035,3036,-1,2994,2996,3037,-1,2994,3037,3028,-1,3028,3037,3038,-1,3028,3038,3031,-1,3031,3038,3039,-1,3031,3039,3032,-1,3032,3039,3040,-1,3032,3040,3033,-1,3033,3040,3041,-1,3033,3041,3029,-1,3029,3041,3035,-1,3029,3035,3030,-1,2987,2985,3042,-1,3042,2985,3018,-1,3018,2846,3042,-1,3042,2846,2993,-1,3043,2993,2992,-1,3043,2992,3044,-1,3044,2992,2991,-1,3044,2991,3045,-1,3045,2991,2990,-1,3045,2990,3046,-1,3046,2990,2989,-1,3046,2989,3047,-1,3047,2989,2988,-1,3047,2988,3048,-1,3048,2988,2830,-1,3048,2830,2980,-1,2970,2583,2581,-1,2970,2581,2971,-1,2971,2581,2579,-1,2971,2579,2972,-1,2972,2579,2577,-1,2972,2577,2973,-1,2973,2577,2575,-1,2973,2575,2974,-1,2974,2575,2573,-1,2974,2573,2975,-1,2975,2573,2568,-1,2975,2568,2833,-1,3049,3050,2894,-1,2894,3050,2895,-1,3050,3049,3051,-1,3051,3049,3052,-1,2929,2926,3051,-1,2587,2586,3053,-1,3053,2586,2968,-1,2955,2953,2967,-1,2900,2926,2914,-1,3050,3051,2895,-1,2895,3051,2926,-1,2895,2926,2897,-1,2897,2926,2898,-1,2967,2953,2965,-1,2968,2859,2945,-1,2945,2859,2582,-1,2945,2582,2947,-1,2947,2582,2949,-1,2945,2943,2968,-1,2968,2943,2940,-1,2968,2940,2939,-1,2939,2937,2968,-1,2968,2937,2935,-1,2968,2935,3053,-1,3053,2935,2933,-1,3053,2933,3051,-1,3051,2933,2931,-1,3051,2931,2929,-1,2900,2903,2926,-1,2926,2903,2905,-1,2926,2905,2907,-1,2949,2582,2951,-1,2951,2582,2584,-1,2951,2584,2953,-1,2953,2584,2957,-1,2953,2957,2959,-1,2959,2961,2953,-1,2953,2961,2963,-1,2953,2963,2965,-1,2917,2925,2914,-1,2914,2925,2912,-1,2914,2912,2900,-1,2917,2919,2925,-1,2925,2919,2921,-1,2925,2921,2923,-1,2907,2909,2926,-1,2926,2909,2911,-1,2926,2911,2898,-1,3054,3055,3056,-1,3056,3055,3057,-1,2967,3058,2955,-1,2955,3058,3055,-1,2955,3055,3059,-1,3059,3055,3054,-1,2616,2639,2612,-1,2612,2639,2598,-1,2612,2598,2610,-1,2610,2598,2596,-1,2610,2596,2608,-1,2608,2596,2594,-1,2608,2594,2606,-1,2606,2594,2592,-1,2606,2592,2604,-1,2604,2592,2590,-1,2604,2590,2602,-1,2602,2590,2588,-1,2602,2588,2600,-1,2600,2588,2587,-1,2600,2587,3060,-1,3060,2587,3053,-1,3051,3052,3053,-1,3053,3052,3060,-1,2969,2968,2601,-1,2601,2968,2586,-1,2601,2586,2603,-1,2603,2586,2589,-1,2603,2589,2605,-1,2605,2589,2591,-1,2605,2591,2607,-1,2607,2591,2593,-1,2607,2593,2609,-1,2609,2593,2595,-1,2609,2595,2611,-1,2611,2595,2597,-1,2611,2597,2613,-1,2613,2597,2599,-1,2613,2599,2618,-1,2618,2599,2653,-1,3058,3061,3062,-1,3058,3062,3055,-1,3055,3062,3063,-1,3055,3063,3057,-1,3057,3063,3064,-1,3057,3064,3056,-1,3056,3064,3065,-1,3056,3065,3054,-1,3054,3065,3066,-1,3054,3066,3059,-1,3059,3066,2954,-1,3059,2954,2955,-1,2967,2966,3058,-1,3058,2966,3061,-1,2997,2995,3067,-1,3067,2995,3025,-1,3067,3025,3068,-1,3068,3025,3024,-1,3068,3024,3069,-1,3069,3024,3022,-1,3069,3022,3070,-1,3070,3022,3021,-1,3070,3021,3071,-1,3071,3021,3020,-1,3071,3020,3072,-1,3072,3020,3027,-1,3027,2873,3072,-1,3072,2873,2405,-1,3023,3073,3010,-1,3010,3073,3011,-1,2984,2986,3023,-1,3023,2986,3073,-1,2601,2600,2969,-1,2969,2600,3060,-1,2583,2970,2969,-1,2944,2946,2583,-1,2583,2946,2948,-1,2583,2948,2585,-1,2585,2948,2950,-1,2585,2950,2952,-1,2966,2952,2954,-1,2936,2938,2969,-1,2969,2938,2941,-1,2969,2941,2583,-1,2583,2941,2942,-1,2583,2942,2944,-1,3052,3049,2927,-1,2927,3049,2894,-1,2927,2928,3052,-1,3052,2928,2930,-1,3052,2930,3060,-1,3060,2930,2932,-1,3060,2932,2969,-1,2969,2932,2934,-1,2969,2934,2936,-1,2966,2964,2952,-1,2952,2964,2962,-1,2952,2962,2960,-1,2894,2896,2927,-1,2927,2896,2899,-1,2927,2899,2910,-1,2904,2902,2927,-1,2927,2902,2901,-1,2927,2901,2915,-1,2960,2958,2952,-1,2952,2958,2956,-1,2952,2956,2585,-1,3066,3062,2954,-1,2954,3062,3061,-1,2954,3061,2966,-1,3066,3065,3062,-1,3062,3065,3064,-1,3062,3064,3063,-1,2910,2908,2927,-1,2927,2908,2906,-1,2927,2906,2904,-1,2918,2924,2920,-1,2920,2924,2922,-1,2901,2913,2915,-1,2915,2913,2924,-1,2915,2924,2916,-1,2916,2924,2918,-1,3026,3036,2845,-1,2845,3036,3043,-1,2845,3043,2843,-1,2843,3043,3044,-1,2843,3044,2841,-1,2841,3044,3045,-1,2841,3045,2839,-1,2839,3045,3046,-1,2839,3046,2837,-1,2837,3046,3047,-1,2837,3047,2835,-1,2835,3047,3048,-1,2835,3048,2834,-1,2834,3048,2980,-1,2834,2980,2570,-1,2570,2980,2571,-1,2437,2436,3043,-1,2478,2477,2993,-1,2892,3016,3014,-1,2888,2890,3042,-1,3042,2890,2986,-1,3042,2986,2987,-1,2437,3043,2404,-1,3034,3016,2999,-1,2999,3016,2892,-1,2999,2892,3000,-1,3000,2892,3008,-1,3008,3006,3000,-1,3000,3006,3004,-1,3000,3004,3002,-1,3014,3012,2892,-1,2892,3012,3011,-1,2892,3011,2890,-1,2890,3011,3073,-1,2890,3073,2986,-1,3067,3068,3043,-1,3043,3068,3069,-1,3043,3069,3070,-1,2436,2435,3043,-1,3043,2435,2434,-1,3043,2434,2433,-1,2880,2882,2993,-1,2993,2882,2884,-1,2993,2884,3042,-1,3042,2884,2886,-1,3042,2886,2888,-1,3067,3043,2997,-1,2997,3043,3036,-1,2997,3036,2996,-1,2477,2476,2993,-1,2993,2476,2475,-1,2993,2475,2474,-1,2405,2404,3072,-1,3072,2404,3043,-1,3072,3043,3071,-1,3071,3043,3070,-1,2433,2432,3043,-1,3043,2432,2450,-1,3043,2450,2993,-1,2993,2450,2479,-1,2993,2479,2478,-1,2474,2480,2993,-1,2993,2480,2878,-1,2993,2878,2880,-1,3038,3041,3039,-1,3039,3041,3040,-1,3036,3035,2996,-1,2996,3035,3041,-1,2996,3041,3037,-1,3037,3041,3038,-1,3074,3075,3076,-1,3074,3076,3077,-1,3075,3078,3076,-1,3076,3078,3079,-1,3076,3079,3080,-1,3080,3081,3076,-1,3076,3081,3082,-1,3076,3082,3083,-1,3084,3085,3086,-1,3086,3085,3087,-1,3086,3087,3076,-1,3076,3087,3088,-1,3076,3088,3077,-1,3089,3090,3091,-1,3091,3090,3092,-1,3091,3092,3093,-1,3093,3092,3094,-1,3093,3094,3095,-1,3095,3094,3096,-1,3095,3096,3097,-1,3097,3096,3098,-1,3097,3098,3099,-1,3099,3098,3100,-1,3099,3100,3101,-1,3101,3100,3102,-1,3101,3102,3103,-1,3103,3102,3104,-1,3103,3104,3105,-1,3105,3104,3106,-1,3105,3106,3107,-1,3107,3106,3108,-1,3107,3108,3109,-1,3109,3108,3110,-1,3109,3110,3111,-1,3111,3110,3112,-1,3111,3112,3113,-1,3113,3112,3114,-1,3113,3114,3115,-1,3115,3114,3116,-1,3090,3117,3092,-1,3092,3117,3118,-1,3092,3118,3094,-1,3094,3118,3119,-1,3094,3119,3096,-1,3096,3119,3120,-1,3096,3120,3098,-1,3098,3120,3121,-1,3098,3121,3100,-1,3100,3121,3122,-1,3100,3122,3102,-1,3102,3122,3123,-1,3102,3123,3104,-1,3104,3123,3124,-1,3104,3124,3106,-1,3106,3124,3125,-1,3106,3125,3108,-1,3108,3125,3126,-1,3108,3126,3110,-1,3110,3126,3127,-1,3110,3127,3112,-1,3112,3127,3128,-1,3112,3128,3114,-1,3114,3128,3129,-1,3114,3129,3116,-1,3116,3129,3130,-1,3117,3131,3118,-1,3118,3131,3132,-1,3118,3132,3119,-1,3119,3132,3133,-1,3119,3133,3120,-1,3120,3133,3134,-1,3120,3134,3121,-1,3121,3134,3135,-1,3121,3135,3122,-1,3122,3135,3136,-1,3122,3136,3123,-1,3123,3136,3137,-1,3123,3137,3124,-1,3124,3137,3138,-1,3124,3138,3125,-1,3125,3138,3139,-1,3125,3139,3126,-1,3126,3139,3140,-1,3126,3140,3127,-1,3127,3140,3141,-1,3127,3141,3128,-1,3128,3141,3142,-1,3128,3142,3129,-1,3129,3142,3143,-1,3129,3143,3130,-1,3130,3143,3144,-1,3131,3145,3132,-1,3132,3145,3146,-1,3132,3146,3133,-1,3133,3146,3147,-1,3133,3147,3134,-1,3134,3147,3148,-1,3134,3148,3135,-1,3135,3148,3149,-1,3135,3149,3136,-1,3136,3149,3150,-1,3136,3150,3137,-1,3137,3150,3151,-1,3137,3151,3138,-1,3138,3151,3152,-1,3138,3152,3139,-1,3139,3152,3153,-1,3139,3153,3140,-1,3140,3153,3154,-1,3140,3154,3141,-1,3141,3154,3155,-1,3141,3155,3142,-1,3142,3155,3156,-1,3142,3156,3143,-1,3143,3156,3157,-1,3143,3157,3144,-1,3144,3157,3158,-1,3145,3159,3146,-1,3146,3159,3160,-1,3146,3160,3147,-1,3147,3160,3161,-1,3147,3161,3148,-1,3148,3161,3162,-1,3148,3162,3149,-1,3149,3162,3163,-1,3149,3163,3150,-1,3150,3163,3164,-1,3150,3164,3151,-1,3151,3164,3165,-1,3151,3165,3152,-1,3152,3165,3166,-1,3152,3166,3153,-1,3153,3166,3167,-1,3153,3167,3154,-1,3154,3167,3168,-1,3154,3168,3155,-1,3155,3168,3169,-1,3155,3169,3156,-1,3156,3169,3170,-1,3156,3170,3157,-1,3157,3170,3171,-1,3157,3171,3158,-1,3158,3171,3172,-1,3159,3173,3160,-1,3160,3173,3174,-1,3160,3174,3161,-1,3161,3174,3175,-1,3161,3175,3162,-1,3162,3175,3176,-1,3162,3176,3163,-1,3163,3176,3177,-1,3163,3177,3164,-1,3164,3177,3178,-1,3164,3178,3165,-1,3165,3178,3179,-1,3165,3179,3166,-1,3166,3179,3180,-1,3166,3180,3167,-1,3167,3180,3181,-1,3167,3181,3168,-1,3168,3181,3182,-1,3168,3182,3169,-1,3169,3182,3183,-1,3169,3183,3170,-1,3170,3183,3184,-1,3170,3184,3171,-1,3171,3184,3185,-1,3171,3185,3172,-1,3172,3185,3186,-1,3187,3188,3086,-1,3086,3188,3084,-1,3189,3190,3191,-1,3191,3190,3192,-1,3191,3192,3193,-1,3193,3192,3194,-1,3194,3192,3195,-1,3194,3195,3187,-1,3187,3195,3196,-1,3187,3196,3188,-1,3197,3198,3199,-1,3197,3199,3200,-1,3200,3199,3085,-1,3200,3085,3084,-1,3201,3202,3203,-1,3203,3202,3204,-1,3203,3204,3205,-1,3087,3085,3206,-1,3206,3085,3207,-1,3206,3207,3208,-1,3208,3207,3209,-1,3208,3209,3201,-1,3201,3209,3210,-1,3201,3210,3202,-1,3211,3212,3213,-1,3189,3214,3215,-1,3215,3214,3216,-1,3215,3216,3217,-1,3217,3216,3218,-1,3217,3218,3219,-1,3219,3218,3220,-1,3219,3220,3221,-1,3221,3220,3222,-1,3221,3222,3223,-1,3223,3222,3224,-1,3223,3224,3225,-1,3225,3224,3226,-1,3225,3226,3227,-1,3227,3226,3228,-1,3227,3228,3229,-1,3229,3228,3230,-1,3229,3230,3231,-1,3231,3230,3213,-1,3231,3213,3232,-1,3232,3213,3212,-1,3232,3212,3233,-1,3233,3212,3203,-1,3233,3203,3205,-1,3211,3213,3234,-1,3234,3213,3230,-1,3234,3230,3235,-1,3235,3230,3228,-1,3235,3228,3236,-1,3236,3228,3226,-1,3236,3226,3237,-1,3237,3226,3224,-1,3237,3224,3238,-1,3238,3224,3222,-1,3238,3222,3239,-1,3239,3222,3220,-1,3239,3220,3240,-1,3240,3220,3218,-1,3240,3218,3241,-1,3241,3218,3216,-1,3241,3216,3242,-1,3242,3216,3214,-1,3242,3214,3243,-1,3087,3206,3211,-1,3211,3206,3208,-1,3211,3208,3212,-1,3212,3208,3201,-1,3212,3201,3203,-1,3189,3191,3214,-1,3214,3191,3193,-1,3214,3193,3243,-1,3243,3193,3194,-1,3243,3194,3187,-1,3087,3211,3088,-1,3088,3211,3234,-1,3088,3234,3077,-1,3077,3234,3235,-1,3077,3235,3074,-1,3074,3235,3236,-1,3074,3236,3075,-1,3075,3236,3237,-1,3075,3237,3078,-1,3078,3237,3238,-1,3078,3238,3079,-1,3079,3238,3239,-1,3079,3239,3080,-1,3080,3239,3240,-1,3080,3240,3081,-1,3081,3240,3241,-1,3081,3241,3082,-1,3082,3241,3242,-1,3082,3242,3083,-1,3083,3242,3243,-1,3083,3243,3076,-1,3076,3243,3187,-1,3076,3187,3086,-1,3173,3244,3174,-1,3174,3244,3245,-1,3174,3245,3175,-1,3175,3245,3246,-1,3175,3246,3176,-1,3176,3246,3247,-1,3176,3247,3177,-1,3177,3247,3248,-1,3177,3248,3178,-1,3178,3248,3249,-1,3178,3249,3179,-1,3179,3249,3250,-1,3179,3250,3180,-1,3180,3250,3251,-1,3180,3251,3181,-1,3181,3251,3252,-1,3181,3252,3182,-1,3182,3252,3253,-1,3182,3253,3183,-1,3183,3253,3254,-1,3183,3254,3184,-1,3184,3254,3255,-1,3184,3255,3185,-1,3185,3255,3256,-1,3185,3256,3186,-1,3186,3256,3257,-1,3115,3258,3259,-1,3259,3089,3115,-1,3115,3089,3091,-1,3115,3091,3113,-1,3113,3091,3093,-1,3093,3095,3113,-1,3113,3095,3097,-1,3113,3097,3099,-1,3101,3103,3099,-1,3099,3103,3105,-1,3099,3105,3107,-1,3107,3109,3099,-1,3099,3109,3111,-1,3099,3111,3113,-1,3259,3260,3089,-1,3089,3260,3090,-1,3260,3261,3090,-1,3090,3261,3262,-1,3090,3262,3117,-1,3262,3263,3117,-1,3117,3263,3264,-1,3117,3264,3131,-1,3264,3265,3131,-1,3131,3265,3266,-1,3131,3266,3145,-1,3266,3267,3145,-1,3145,3267,3268,-1,3145,3268,3159,-1,3159,3268,3269,-1,3159,3269,3173,-1,3173,3269,3270,-1,3173,3270,3271,-1,3272,3258,3115,-1,3272,3115,3273,-1,3273,3115,3116,-1,3273,3116,3274,-1,3274,3116,3130,-1,3274,3130,3275,-1,3275,3130,3276,-1,3276,3130,3144,-1,3276,3144,3277,-1,3277,3144,3278,-1,3278,3144,3158,-1,3278,3158,3279,-1,3279,3158,3280,-1,3280,3158,3172,-1,3280,3172,3281,-1,3281,3172,3282,-1,3282,3172,3186,-1,3282,3186,3283,-1,3244,3173,3284,-1,3284,3173,3271,-1,3285,3283,3257,-1,3257,3283,3186,-1,3286,3287,1853,-1,3288,1855,3189,-1,3189,1855,3289,-1,3189,3289,3190,-1,3288,3290,1855,-1,1855,3290,3291,-1,1855,3291,3292,-1,3287,3293,1853,-1,1853,3293,3294,-1,1853,3294,3295,-1,3295,3294,3205,-1,3295,3205,3204,-1,3292,3296,1855,-1,1855,3296,3297,-1,1855,3297,1853,-1,1853,3297,3298,-1,1853,3298,3286,-1,3200,3084,3188,-1,3299,3300,3301,-1,3301,3300,3302,-1,3302,3303,3301,-1,3301,3303,3304,-1,3301,3304,3305,-1,3305,3304,3306,-1,3305,3306,3200,-1,3200,3306,3307,-1,3200,3307,3197,-1,3200,3188,3305,-1,3305,3188,3196,-1,3305,3196,3301,-1,3301,3196,3195,-1,3301,3195,3299,-1,3299,3195,3192,-1,3299,3192,3190,-1,3198,3197,3308,-1,3308,3197,3309,-1,3308,3309,3310,-1,3311,3312,3308,-1,3313,3314,3308,-1,3308,3314,3315,-1,3308,3315,3311,-1,3312,3316,3308,-1,3308,3316,3317,-1,3308,3317,3318,-1,3310,3319,3308,-1,3308,3319,3320,-1,3308,3320,3313,-1,3321,3322,3323,-1,3324,3325,3323,-1,3323,3325,3326,-1,3323,3326,3321,-1,3324,3204,3202,-1,3199,3198,3327,-1,3327,3198,3328,-1,3327,3328,3325,-1,3325,3328,3329,-1,3325,3329,3326,-1,3324,3202,3325,-1,3325,3202,3210,-1,3325,3210,3327,-1,3327,3210,3209,-1,3327,3209,3199,-1,3199,3209,3207,-1,3199,3207,3085,-1,1853,3295,1958,-1,1958,3295,3330,-1,2005,3331,1855,-1,1855,3331,3289,-1,3256,3255,1958,-1,3250,3249,2005,-1,2005,3249,3248,-1,2005,3248,3247,-1,3250,2005,3251,-1,3251,2005,1958,-1,3251,1958,3252,-1,3255,3254,1958,-1,1958,3254,3253,-1,1958,3253,3252,-1,3256,1958,3257,-1,3257,1958,3330,-1,3257,3330,3285,-1,3247,3246,2005,-1,2005,3246,3245,-1,2005,3245,3331,-1,3331,3245,3244,-1,3331,3244,3284,-1,3259,3258,3332,-1,3332,3258,3333,-1,3332,3333,3334,-1,3334,3333,3335,-1,3261,3260,3336,-1,3263,3262,3337,-1,3265,3264,3338,-1,3267,3266,3339,-1,3340,3341,3342,-1,3340,3342,3343,-1,3343,3342,3344,-1,3343,3344,3345,-1,3268,3344,3269,-1,3269,3344,3342,-1,3269,3342,3270,-1,3270,3342,3341,-1,3270,3341,3271,-1,3268,3267,3344,-1,3344,3267,3339,-1,3344,3339,3345,-1,3345,3339,3346,-1,3266,3265,3339,-1,3339,3265,3338,-1,3339,3338,3346,-1,3346,3338,3347,-1,3264,3263,3338,-1,3338,3263,3337,-1,3338,3337,3347,-1,3347,3337,3348,-1,3262,3261,3337,-1,3337,3261,3336,-1,3337,3336,3348,-1,3348,3336,3349,-1,3260,3259,3336,-1,3336,3259,3332,-1,3336,3332,3349,-1,3349,3332,3334,-1,3333,3258,3272,-1,3335,3333,3350,-1,3333,3272,3350,-1,3350,3272,3273,-1,3350,3273,3351,-1,3273,3274,3351,-1,3351,3274,3275,-1,3351,3275,3352,-1,3275,3276,3352,-1,3352,3276,3277,-1,3352,3277,3353,-1,3277,3278,3353,-1,3353,3278,3279,-1,3353,3279,3354,-1,3335,3350,3355,-1,3355,3350,3351,-1,3355,3351,3356,-1,3356,3351,3352,-1,3356,3352,3357,-1,3357,3352,3353,-1,3357,3353,3358,-1,3358,3353,3354,-1,3358,3354,3359,-1,3359,3354,3360,-1,3359,3360,3361,-1,3282,3360,3281,-1,3281,3360,3354,-1,3281,3354,3280,-1,3280,3354,3279,-1,3282,3283,3360,-1,3360,3283,3362,-1,3360,3362,3361,-1,3361,3362,3363,-1,3364,3365,2330,-1,2325,2330,2324,-1,2324,2330,3366,-1,3334,3335,2335,-1,2335,3335,3367,-1,2335,3367,2330,-1,2330,3367,3368,-1,2330,3368,3364,-1,3365,3369,2330,-1,2330,3369,3370,-1,2330,3370,3366,-1,2325,2326,2330,-1,2330,2326,2327,-1,2330,2327,2329,-1,2329,2327,2328,-1,3284,3271,3371,-1,3371,3271,3341,-1,3371,3341,3372,-1,3372,3341,3340,-1,3334,2335,3349,-1,3349,2335,2334,-1,3349,2334,3348,-1,2334,2333,3348,-1,3348,2333,2332,-1,3348,2332,3347,-1,2332,2331,3347,-1,3347,2331,2319,-1,3347,2319,3346,-1,3346,2319,2318,-1,2318,2317,3346,-1,3346,2317,2316,-1,3346,2316,3345,-1,2316,2297,3345,-1,3345,2297,2293,-1,3345,2293,3343,-1,3343,2293,2292,-1,3343,2292,3340,-1,3340,2292,2221,-1,3373,3363,3374,-1,3374,3363,3362,-1,3374,3362,3285,-1,3285,3362,3283,-1,3367,3335,3375,-1,3375,3335,3355,-1,3375,3355,3376,-1,3376,3355,3356,-1,3376,3356,3377,-1,3377,3356,3357,-1,3377,3357,3378,-1,3378,3357,3358,-1,3378,3358,3379,-1,3379,3358,3359,-1,3379,3359,3380,-1,3380,3359,3361,-1,3380,3361,3381,-1,3381,3361,3363,-1,3382,3302,3383,-1,3383,3302,3300,-1,3383,3300,3384,-1,3300,3299,3384,-1,3384,3299,3190,-1,3384,3190,3289,-1,3302,3385,3303,-1,3303,3385,3386,-1,3303,3386,3304,-1,3309,3197,3387,-1,3387,3197,3307,-1,3387,3307,3386,-1,3386,3307,3306,-1,3386,3306,3304,-1,3388,3389,3390,-1,3315,3391,3311,-1,3311,3391,3392,-1,3311,3392,3312,-1,3312,3392,3393,-1,3312,3393,3316,-1,3316,3393,3390,-1,3316,3390,3317,-1,3317,3390,3389,-1,3317,3389,3318,-1,3318,3389,3394,-1,3318,3394,3308,-1,3388,3390,3395,-1,3395,3390,3393,-1,3395,3393,3396,-1,3396,3393,3392,-1,3396,3392,3397,-1,3397,3392,3391,-1,3397,3391,3398,-1,3399,3400,3388,-1,3388,3400,3401,-1,3388,3401,3389,-1,3389,3401,3402,-1,3389,3402,3394,-1,3315,3403,3391,-1,3391,3403,3404,-1,3391,3404,3398,-1,3398,3404,3405,-1,3398,3405,3406,-1,3399,3388,3407,-1,3407,3388,3395,-1,3407,3395,3408,-1,3408,3395,3396,-1,3408,3396,3409,-1,3409,3396,3397,-1,3409,3397,3410,-1,3410,3397,3398,-1,3410,3398,3411,-1,3411,3398,3406,-1,3411,3406,3412,-1,3399,3322,3400,-1,3400,3322,3321,-1,3400,3321,3401,-1,3401,3321,3326,-1,3401,3326,3402,-1,3402,3326,3329,-1,3402,3329,3394,-1,3394,3329,3328,-1,3394,3328,3308,-1,3308,3328,3198,-1,3295,3204,3413,-1,3413,3204,3324,-1,3413,3324,3414,-1,3414,3324,3415,-1,3415,3324,3323,-1,3415,3323,3322,-1,3416,3417,3382,-1,3289,3331,3384,-1,3384,3331,3416,-1,3384,3416,3418,-1,3418,3416,3382,-1,3322,3399,3415,-1,3415,3399,3419,-1,3415,3419,2279,-1,3419,3420,2279,-1,2279,3420,3421,-1,2279,3421,3422,-1,3423,3424,2252,-1,3422,3425,2279,-1,2279,3425,3412,-1,2279,3412,2252,-1,2252,3412,3426,-1,2252,3426,3423,-1,3424,3427,2252,-1,2252,3427,3428,-1,2252,3428,3382,-1,3382,3428,3385,-1,3382,3385,3302,-1,3331,3284,3371,-1,3331,3371,3429,-1,3429,3371,3372,-1,3429,3372,3417,-1,2252,3382,2218,-1,2218,3382,3417,-1,2220,3372,2221,-1,2221,3372,3340,-1,3430,3373,3431,-1,2224,2218,2222,-1,2222,2218,3417,-1,2222,3417,2220,-1,2220,3417,3372,-1,2224,2226,2218,-1,2218,2226,2228,-1,2218,2228,2230,-1,2230,2232,2218,-1,2218,2232,2234,-1,2218,2234,2219,-1,2234,3432,2219,-1,2219,3432,3433,-1,2219,3433,3434,-1,3434,3435,2219,-1,2219,3435,3436,-1,2219,3436,3431,-1,3431,3436,3437,-1,3431,3437,3430,-1,3415,3431,3438,-1,3438,3431,3439,-1,3438,3439,3413,-1,3413,3439,3330,-1,3413,3330,3295,-1,3440,3431,3373,-1,3373,3374,3440,-1,3440,3374,3285,-1,3440,3285,3330,-1,3381,3363,3430,-1,3430,3363,3373,-1,2219,3431,2279,-1,2279,3431,3415,-1,3441,3442,3443,-1,3309,3387,3444,-1,3405,3404,3445,-1,3445,3404,3403,-1,3309,3444,3310,-1,3310,3444,3446,-1,3310,3446,3319,-1,3319,3446,3447,-1,3319,3447,3320,-1,3320,3447,3448,-1,3320,3448,3313,-1,3313,3448,3445,-1,3313,3445,3314,-1,3314,3445,3403,-1,3314,3403,3315,-1,3441,3443,3449,-1,3449,3443,3450,-1,3449,3450,3451,-1,3451,3450,3452,-1,3451,3452,3453,-1,3453,3452,3454,-1,3453,3454,3455,-1,3455,3454,3386,-1,3455,3386,3385,-1,3441,3412,3442,-1,3442,3412,3406,-1,3442,3406,3405,-1,3405,3445,3442,-1,3442,3445,3448,-1,3442,3448,3443,-1,3443,3448,3447,-1,3443,3447,3450,-1,3450,3447,3446,-1,3450,3446,3452,-1,3452,3446,3444,-1,3452,3444,3454,-1,3454,3444,3387,-1,3454,3387,3386,-1,2768,2769,2979,-1,2979,2769,2848,-1,2979,2848,2981,-1,2981,2848,2847,-1,2981,2847,2982,-1,2982,2847,2853,-1,2982,2853,2983,-1,2983,2853,2852,-1,2983,2852,2976,-1,2976,2852,2851,-1,2976,2851,2977,-1,2977,2851,2850,-1,2977,2850,2978,-1,2978,2850,2849,-1,2978,2849,2722,-1,2722,2849,2723,-1,2281,2280,3456,-1,2235,2286,3457,-1,3457,2286,3458,-1,3457,3458,3459,-1,3459,3458,3460,-1,3459,3460,3461,-1,3461,3460,3462,-1,3461,3462,3463,-1,3463,3462,3464,-1,3463,3464,3465,-1,3465,3464,3466,-1,3465,3466,3467,-1,3467,3466,3468,-1,3467,3468,3381,-1,3381,3468,3380,-1,2286,2288,3458,-1,3458,2288,3469,-1,3458,3469,3460,-1,3460,3469,3470,-1,3460,3470,3462,-1,3462,3470,3471,-1,3462,3471,3464,-1,3464,3471,3472,-1,3464,3472,3466,-1,3466,3472,3473,-1,3466,3473,3468,-1,3468,3473,3474,-1,3468,3474,3380,-1,3380,3474,3379,-1,3469,3475,3470,-1,3470,3475,3476,-1,3470,3476,3471,-1,3471,3476,3477,-1,3471,3477,3472,-1,3472,3477,3478,-1,3472,3478,3473,-1,3473,3478,3479,-1,3473,3479,3474,-1,3474,3479,3480,-1,3474,3480,3379,-1,3379,3480,3378,-1,2288,2294,3469,-1,3469,2294,2298,-1,3469,2298,3475,-1,3475,2298,3481,-1,3475,3481,3476,-1,3476,3481,3482,-1,3476,3482,3477,-1,3477,3482,3483,-1,3477,3483,3478,-1,3478,3483,3484,-1,3478,3484,3479,-1,3479,3484,3485,-1,3479,3485,3480,-1,3480,3485,3486,-1,3480,3486,3378,-1,3378,3486,3377,-1,2298,2302,3481,-1,3481,2302,3487,-1,3481,3487,3482,-1,3482,3487,3488,-1,3482,3488,3483,-1,3483,3488,3489,-1,3483,3489,3484,-1,3484,3489,3490,-1,3484,3490,3485,-1,3485,3490,3491,-1,3485,3491,3486,-1,3486,3491,3492,-1,3486,3492,3377,-1,3377,3492,3376,-1,2302,2281,3487,-1,3487,2281,3456,-1,3487,3456,3488,-1,3488,3456,3493,-1,3488,3493,3489,-1,3489,3493,3494,-1,3489,3494,3490,-1,3490,3494,3495,-1,3490,3495,3491,-1,3491,3495,3496,-1,3491,3496,3492,-1,3492,3496,3497,-1,3492,3497,3376,-1,3376,3497,3375,-1,2280,2324,3456,-1,3456,2324,3366,-1,3456,3366,3493,-1,3493,3366,3370,-1,3493,3370,3494,-1,3494,3370,3369,-1,3494,3369,3495,-1,3495,3369,3365,-1,3495,3365,3496,-1,3496,3365,3364,-1,3496,3364,3497,-1,3497,3364,3368,-1,3497,3368,3375,-1,3375,3368,3367,-1,2234,2235,3432,-1,3432,2235,3457,-1,3432,3457,3433,-1,3433,3457,3459,-1,3433,3459,3434,-1,3434,3459,3461,-1,3434,3461,3435,-1,3435,3461,3463,-1,3435,3463,3436,-1,3436,3463,3465,-1,3436,3465,3437,-1,3437,3465,3467,-1,3437,3467,3430,-1,3430,3467,3381,-1,3498,3499,3500,-1,3500,3499,3501,-1,3502,3503,3504,-1,3504,3503,3505,-1,3506,3507,3508,-1,3508,3507,3509,-1,3508,3509,3510,-1,3510,3509,3511,-1,3510,3511,3512,-1,3512,3513,3510,-1,3510,3513,3514,-1,3510,3514,3515,-1,3515,3516,3510,-1,3510,3516,3517,-1,3510,3517,3518,-1,3506,3519,3507,-1,3507,3519,3520,-1,3507,3520,3521,-1,3521,3522,3507,-1,3507,3522,3523,-1,3507,3523,3524,-1,3525,3526,3527,-1,3524,3528,3507,-1,3507,3528,3529,-1,3507,3529,3530,-1,3530,3529,3531,-1,3527,3532,3525,-1,3525,3532,3533,-1,3525,3533,3518,-1,3518,3533,3534,-1,3518,3534,3510,-1,3531,3535,3530,-1,3530,3535,3536,-1,3530,3536,3537,-1,3538,3539,3540,-1,3541,3542,3543,-1,3543,3544,3541,-1,3541,3544,3545,-1,3541,3545,3546,-1,3546,3545,3547,-1,3548,3549,3538,-1,3549,3550,3538,-1,3538,3550,3551,-1,3538,3551,3552,-1,3552,3553,3538,-1,3538,3553,3554,-1,3538,3554,3539,-1,3555,3556,3541,-1,3541,3556,3557,-1,3541,3557,3558,-1,3547,3559,3546,-1,3546,3559,3560,-1,3546,3560,3561,-1,3561,3562,3546,-1,3546,3562,3563,-1,3546,3563,3564,-1,3555,3541,3565,-1,3565,3541,3566,-1,3565,3566,3538,-1,3538,3566,3567,-1,3538,3567,3548,-1,3540,3568,3538,-1,3538,3568,3569,-1,3538,3569,3570,-1,3558,3571,3541,-1,3541,3571,3572,-1,3541,3572,3542,-1,3573,3574,3575,-1,3575,3574,3576,-1,3575,3576,3570,-1,3570,3576,3577,-1,3570,3577,3538,-1,3578,3579,3580,-1,3581,3582,3583,-1,3584,3585,3586,-1,3587,3588,3589,-1,3590,3591,3592,-1,3593,3594,3507,-1,3528,3595,3529,-1,3529,3595,3596,-1,3529,3596,3531,-1,3531,3596,3597,-1,3531,3597,3535,-1,3535,3597,3598,-1,3535,3598,3536,-1,3536,3598,3599,-1,3536,3599,3537,-1,3537,3599,3600,-1,3537,3600,3530,-1,3530,3600,3601,-1,3530,3601,3507,-1,3507,3601,3592,-1,3507,3592,3593,-1,3593,3592,3591,-1,3595,3602,3596,-1,3596,3602,3603,-1,3596,3603,3597,-1,3597,3603,3604,-1,3597,3604,3598,-1,3598,3604,3605,-1,3598,3605,3599,-1,3599,3605,3606,-1,3599,3606,3600,-1,3600,3606,3607,-1,3600,3607,3601,-1,3601,3607,3608,-1,3601,3608,3592,-1,3592,3608,3589,-1,3592,3589,3590,-1,3590,3589,3588,-1,3602,3609,3603,-1,3603,3609,3610,-1,3603,3610,3604,-1,3604,3610,3611,-1,3604,3611,3605,-1,3605,3611,3612,-1,3605,3612,3606,-1,3606,3612,3613,-1,3606,3613,3607,-1,3607,3613,3614,-1,3607,3614,3608,-1,3608,3614,3615,-1,3608,3615,3589,-1,3589,3615,3586,-1,3589,3586,3587,-1,3587,3586,3585,-1,3609,3616,3610,-1,3610,3616,3617,-1,3610,3617,3611,-1,3611,3617,3618,-1,3611,3618,3612,-1,3612,3618,3619,-1,3612,3619,3613,-1,3613,3619,3620,-1,3613,3620,3614,-1,3614,3620,3621,-1,3614,3621,3615,-1,3615,3621,3622,-1,3615,3622,3586,-1,3586,3622,3583,-1,3586,3583,3584,-1,3584,3583,3582,-1,3616,3623,3617,-1,3617,3623,3624,-1,3617,3624,3618,-1,3618,3624,3625,-1,3618,3625,3619,-1,3619,3625,3626,-1,3619,3626,3620,-1,3620,3626,3627,-1,3620,3627,3621,-1,3621,3627,3628,-1,3621,3628,3622,-1,3622,3628,3629,-1,3622,3629,3583,-1,3583,3629,3580,-1,3583,3580,3581,-1,3581,3580,3579,-1,3623,3630,3624,-1,3624,3630,3631,-1,3624,3631,3625,-1,3625,3631,3632,-1,3625,3632,3626,-1,3626,3632,3633,-1,3626,3633,3627,-1,3627,3633,3634,-1,3627,3634,3628,-1,3628,3634,3635,-1,3628,3635,3629,-1,3629,3635,3636,-1,3629,3636,3580,-1,3580,3636,3637,-1,3580,3637,3578,-1,3578,3637,3638,-1,3579,3578,3639,-1,3582,3581,3640,-1,3585,3584,3641,-1,3588,3587,3642,-1,3591,3590,3643,-1,3594,3593,3644,-1,3645,3518,3646,-1,3646,3518,3517,-1,3646,3517,3647,-1,3647,3517,3516,-1,3647,3516,3648,-1,3648,3516,3515,-1,3648,3515,3649,-1,3649,3515,3514,-1,3649,3514,3650,-1,3650,3514,3513,-1,3650,3513,3651,-1,3651,3513,3512,-1,3651,3512,3644,-1,3644,3512,3511,-1,3644,3511,3594,-1,3593,3591,3644,-1,3644,3591,3643,-1,3644,3643,3651,-1,3651,3643,3652,-1,3651,3652,3650,-1,3650,3652,3653,-1,3650,3653,3649,-1,3649,3653,3654,-1,3649,3654,3648,-1,3648,3654,3655,-1,3648,3655,3647,-1,3647,3655,3656,-1,3647,3656,3646,-1,3646,3656,3657,-1,3646,3657,3645,-1,3645,3657,3658,-1,3590,3588,3643,-1,3643,3588,3642,-1,3643,3642,3652,-1,3652,3642,3659,-1,3652,3659,3653,-1,3653,3659,3660,-1,3653,3660,3654,-1,3654,3660,3661,-1,3654,3661,3655,-1,3655,3661,3662,-1,3655,3662,3656,-1,3656,3662,3663,-1,3656,3663,3657,-1,3657,3663,3664,-1,3657,3664,3658,-1,3658,3664,3665,-1,3587,3585,3642,-1,3642,3585,3641,-1,3642,3641,3659,-1,3659,3641,3666,-1,3659,3666,3660,-1,3660,3666,3667,-1,3660,3667,3661,-1,3661,3667,3668,-1,3661,3668,3662,-1,3662,3668,3669,-1,3662,3669,3663,-1,3663,3669,3670,-1,3663,3670,3664,-1,3664,3670,3671,-1,3664,3671,3665,-1,3665,3671,3672,-1,3584,3582,3641,-1,3641,3582,3640,-1,3641,3640,3666,-1,3666,3640,3673,-1,3666,3673,3667,-1,3667,3673,3674,-1,3667,3674,3668,-1,3668,3674,3675,-1,3668,3675,3669,-1,3669,3675,3676,-1,3669,3676,3670,-1,3670,3676,3677,-1,3670,3677,3671,-1,3671,3677,3678,-1,3671,3678,3672,-1,3672,3678,3679,-1,3581,3579,3640,-1,3640,3579,3639,-1,3640,3639,3673,-1,3673,3639,3680,-1,3673,3680,3674,-1,3674,3680,3681,-1,3674,3681,3675,-1,3675,3681,3682,-1,3675,3682,3676,-1,3676,3682,3683,-1,3676,3683,3677,-1,3677,3683,3684,-1,3677,3684,3678,-1,3678,3684,3685,-1,3678,3685,3679,-1,3679,3685,3686,-1,3578,3638,3639,-1,3639,3638,3687,-1,3639,3687,3680,-1,3680,3687,3688,-1,3680,3688,3681,-1,3681,3688,3689,-1,3681,3689,3682,-1,3682,3689,3690,-1,3682,3690,3683,-1,3683,3690,3691,-1,3683,3691,3684,-1,3684,3691,3692,-1,3684,3692,3685,-1,3685,3692,3693,-1,3685,3693,3686,-1,3686,3693,3694,-1,3695,3645,3696,-1,3697,3698,3699,-1,3700,3701,3702,-1,3703,3704,3705,-1,3706,3707,3708,-1,3709,3710,3711,-1,3710,3712,3711,-1,3711,3712,3510,-1,3711,3510,3713,-1,3713,3510,3534,-1,3713,3534,3714,-1,3714,3534,3533,-1,3714,3533,3715,-1,3715,3533,3532,-1,3715,3532,3716,-1,3716,3532,3527,-1,3716,3527,3717,-1,3717,3527,3526,-1,3717,3526,3696,-1,3696,3526,3525,-1,3696,3525,3695,-1,3645,3658,3696,-1,3696,3658,3718,-1,3696,3718,3717,-1,3717,3718,3719,-1,3717,3719,3716,-1,3716,3719,3720,-1,3716,3720,3715,-1,3715,3720,3721,-1,3715,3721,3714,-1,3714,3721,3722,-1,3714,3722,3713,-1,3713,3722,3723,-1,3713,3723,3711,-1,3711,3723,3708,-1,3711,3708,3709,-1,3709,3708,3707,-1,3658,3665,3718,-1,3718,3665,3724,-1,3718,3724,3719,-1,3719,3724,3725,-1,3719,3725,3720,-1,3720,3725,3726,-1,3720,3726,3721,-1,3721,3726,3727,-1,3721,3727,3722,-1,3722,3727,3728,-1,3722,3728,3723,-1,3723,3728,3729,-1,3723,3729,3708,-1,3708,3729,3705,-1,3708,3705,3706,-1,3706,3705,3704,-1,3665,3672,3724,-1,3724,3672,3730,-1,3724,3730,3725,-1,3725,3730,3731,-1,3725,3731,3726,-1,3726,3731,3732,-1,3726,3732,3727,-1,3727,3732,3733,-1,3727,3733,3728,-1,3728,3733,3734,-1,3728,3734,3729,-1,3729,3734,3735,-1,3729,3735,3705,-1,3705,3735,3702,-1,3705,3702,3703,-1,3703,3702,3701,-1,3672,3679,3730,-1,3730,3679,3736,-1,3730,3736,3731,-1,3731,3736,3737,-1,3731,3737,3732,-1,3732,3737,3738,-1,3732,3738,3733,-1,3733,3738,3739,-1,3733,3739,3734,-1,3734,3739,3740,-1,3734,3740,3735,-1,3735,3740,3741,-1,3735,3741,3702,-1,3702,3741,3699,-1,3702,3699,3700,-1,3700,3699,3698,-1,3679,3686,3736,-1,3736,3686,3742,-1,3736,3742,3737,-1,3737,3742,3743,-1,3737,3743,3738,-1,3738,3743,3744,-1,3738,3744,3739,-1,3739,3744,3745,-1,3739,3745,3740,-1,3740,3745,3746,-1,3740,3746,3741,-1,3741,3746,3747,-1,3741,3747,3699,-1,3699,3747,3748,-1,3699,3748,3697,-1,3697,3748,3749,-1,3686,3694,3742,-1,3742,3694,3750,-1,3742,3750,3743,-1,3743,3750,3751,-1,3743,3751,3744,-1,3744,3751,3752,-1,3744,3752,3745,-1,3745,3752,3753,-1,3745,3753,3746,-1,3746,3753,3754,-1,3746,3754,3747,-1,3747,3754,3755,-1,3747,3755,3748,-1,3748,3755,3756,-1,3748,3756,3749,-1,3749,3756,3757,-1,3749,3757,3758,-1,3698,3697,3759,-1,3701,3700,3760,-1,3704,3703,3761,-1,3707,3706,3762,-1,3710,3709,3763,-1,3712,3710,3506,-1,3506,3710,3763,-1,3506,3763,3519,-1,3519,3763,3764,-1,3519,3764,3520,-1,3520,3764,3765,-1,3520,3765,3521,-1,3521,3765,3766,-1,3521,3766,3522,-1,3522,3766,3767,-1,3522,3767,3523,-1,3523,3767,3768,-1,3523,3768,3524,-1,3524,3768,3769,-1,3524,3769,3528,-1,3528,3769,3595,-1,3709,3707,3763,-1,3763,3707,3762,-1,3763,3762,3764,-1,3764,3762,3770,-1,3764,3770,3765,-1,3765,3770,3771,-1,3765,3771,3766,-1,3766,3771,3772,-1,3766,3772,3767,-1,3767,3772,3773,-1,3767,3773,3768,-1,3768,3773,3774,-1,3768,3774,3769,-1,3769,3774,3775,-1,3769,3775,3595,-1,3595,3775,3602,-1,3706,3704,3762,-1,3762,3704,3761,-1,3762,3761,3770,-1,3770,3761,3776,-1,3770,3776,3771,-1,3771,3776,3777,-1,3771,3777,3772,-1,3772,3777,3778,-1,3772,3778,3773,-1,3773,3778,3779,-1,3773,3779,3774,-1,3774,3779,3780,-1,3774,3780,3775,-1,3775,3780,3781,-1,3775,3781,3602,-1,3602,3781,3609,-1,3703,3701,3761,-1,3761,3701,3760,-1,3761,3760,3776,-1,3776,3760,3782,-1,3776,3782,3777,-1,3777,3782,3783,-1,3777,3783,3778,-1,3778,3783,3784,-1,3778,3784,3779,-1,3779,3784,3785,-1,3779,3785,3780,-1,3780,3785,3786,-1,3780,3786,3781,-1,3781,3786,3787,-1,3781,3787,3609,-1,3609,3787,3616,-1,3700,3698,3760,-1,3760,3698,3759,-1,3760,3759,3782,-1,3782,3759,3788,-1,3782,3788,3783,-1,3783,3788,3789,-1,3783,3789,3784,-1,3784,3789,3790,-1,3784,3790,3785,-1,3785,3790,3791,-1,3785,3791,3786,-1,3786,3791,3792,-1,3786,3792,3787,-1,3787,3792,3793,-1,3787,3793,3616,-1,3616,3793,3623,-1,3697,3749,3759,-1,3759,3749,3758,-1,3759,3758,3788,-1,3788,3758,3794,-1,3788,3794,3789,-1,3789,3794,3795,-1,3789,3795,3790,-1,3790,3795,3796,-1,3790,3796,3791,-1,3791,3796,3797,-1,3791,3797,3792,-1,3792,3797,3798,-1,3792,3798,3793,-1,3793,3798,3799,-1,3793,3799,3623,-1,3623,3799,3630,-1,3800,3801,3802,-1,3800,3802,3803,-1,3803,3802,3804,-1,3803,3804,3805,-1,3805,3804,3806,-1,3805,3806,3807,-1,3807,3806,3808,-1,3807,3808,3809,-1,3809,3808,3810,-1,3809,3810,3811,-1,3811,3810,3812,-1,3811,3812,3813,-1,3814,3801,3815,-1,3815,3801,3800,-1,3816,3817,3818,-1,3816,3818,3819,-1,3819,3818,3820,-1,3819,3820,3821,-1,3821,3820,3822,-1,3821,3822,3823,-1,3823,3822,3824,-1,3823,3824,3825,-1,3825,3824,3826,-1,3825,3826,3827,-1,3827,3826,3814,-1,3827,3814,3815,-1,3828,3829,3830,-1,3829,3831,3832,-1,3831,3833,3834,-1,3835,3836,3538,-1,3833,3837,3838,-1,3838,3837,3835,-1,3839,3840,3841,-1,3841,3840,3828,-1,3835,3538,3838,-1,3838,3538,3577,-1,3838,3577,3842,-1,3842,3577,3576,-1,3842,3576,3843,-1,3843,3576,3574,-1,3843,3574,3844,-1,3844,3574,3573,-1,3844,3573,3845,-1,3845,3573,3575,-1,3845,3575,3846,-1,3846,3575,3570,-1,3846,3570,3847,-1,3847,3570,3569,-1,3847,3569,3848,-1,3848,3569,3568,-1,3848,3568,3849,-1,3849,3568,3540,-1,3849,3540,3850,-1,3833,3838,3834,-1,3834,3838,3842,-1,3834,3842,3851,-1,3851,3842,3843,-1,3851,3843,3852,-1,3852,3843,3844,-1,3852,3844,3853,-1,3853,3844,3845,-1,3853,3845,3854,-1,3854,3845,3846,-1,3854,3846,3855,-1,3855,3846,3847,-1,3855,3847,3856,-1,3856,3847,3848,-1,3856,3848,3857,-1,3857,3848,3849,-1,3857,3849,3858,-1,3858,3849,3850,-1,3858,3850,3859,-1,3831,3834,3832,-1,3832,3834,3851,-1,3832,3851,3860,-1,3860,3851,3852,-1,3860,3852,3861,-1,3861,3852,3853,-1,3861,3853,3862,-1,3862,3853,3854,-1,3862,3854,3863,-1,3863,3854,3855,-1,3863,3855,3864,-1,3864,3855,3856,-1,3864,3856,3865,-1,3865,3856,3857,-1,3865,3857,3866,-1,3866,3857,3858,-1,3866,3858,3867,-1,3867,3858,3859,-1,3867,3859,3868,-1,3829,3832,3830,-1,3830,3832,3860,-1,3830,3860,3869,-1,3869,3860,3861,-1,3869,3861,3870,-1,3870,3861,3862,-1,3870,3862,3871,-1,3871,3862,3863,-1,3871,3863,3872,-1,3872,3863,3864,-1,3872,3864,3873,-1,3873,3864,3865,-1,3873,3865,3874,-1,3874,3865,3866,-1,3874,3866,3875,-1,3875,3866,3867,-1,3875,3867,3876,-1,3876,3867,3868,-1,3876,3868,3877,-1,3828,3830,3841,-1,3841,3830,3869,-1,3841,3869,3878,-1,3878,3869,3870,-1,3878,3870,3879,-1,3879,3870,3871,-1,3879,3871,3880,-1,3880,3871,3872,-1,3880,3872,3881,-1,3881,3872,3873,-1,3881,3873,3882,-1,3882,3873,3874,-1,3882,3874,3883,-1,3883,3874,3875,-1,3883,3875,3884,-1,3884,3875,3876,-1,3884,3876,3885,-1,3885,3876,3877,-1,3885,3877,3886,-1,3839,3841,3887,-1,3887,3841,3878,-1,3887,3878,3888,-1,3888,3878,3879,-1,3888,3879,3889,-1,3889,3879,3880,-1,3889,3880,3890,-1,3890,3880,3881,-1,3890,3881,3891,-1,3891,3881,3882,-1,3891,3882,3892,-1,3892,3882,3883,-1,3892,3883,3893,-1,3893,3883,3884,-1,3893,3884,3894,-1,3894,3884,3885,-1,3894,3885,3895,-1,3895,3885,3886,-1,3895,3886,3896,-1,3897,3898,3899,-1,3898,3900,3901,-1,3900,3902,3903,-1,3904,3833,3831,-1,3902,3905,3906,-1,3905,3907,3908,-1,3555,3909,3910,-1,3555,3910,3556,-1,3556,3910,3911,-1,3556,3911,3557,-1,3557,3911,3912,-1,3557,3912,3558,-1,3558,3912,3913,-1,3558,3913,3571,-1,3571,3913,3914,-1,3571,3914,3572,-1,3572,3914,3915,-1,3572,3915,3542,-1,3542,3915,3916,-1,3542,3916,3543,-1,3543,3916,3908,-1,3543,3908,3544,-1,3544,3908,3907,-1,3544,3907,3545,-1,3555,3565,3909,-1,3909,3565,3835,-1,3909,3835,3837,-1,3905,3908,3906,-1,3906,3908,3916,-1,3906,3916,3917,-1,3917,3916,3915,-1,3917,3915,3918,-1,3918,3915,3914,-1,3918,3914,3919,-1,3919,3914,3913,-1,3919,3913,3920,-1,3920,3913,3912,-1,3920,3912,3921,-1,3921,3912,3911,-1,3921,3911,3922,-1,3922,3911,3910,-1,3922,3910,3923,-1,3923,3910,3909,-1,3923,3909,3904,-1,3904,3909,3837,-1,3904,3837,3833,-1,3902,3906,3903,-1,3903,3906,3917,-1,3903,3917,3924,-1,3924,3917,3918,-1,3924,3918,3925,-1,3925,3918,3919,-1,3925,3919,3926,-1,3926,3919,3920,-1,3926,3920,3927,-1,3927,3920,3921,-1,3927,3921,3928,-1,3928,3921,3922,-1,3928,3922,3929,-1,3929,3922,3923,-1,3929,3923,3930,-1,3930,3923,3904,-1,3930,3904,3931,-1,3931,3904,3831,-1,3931,3831,3829,-1,3900,3903,3901,-1,3901,3903,3924,-1,3901,3924,3932,-1,3932,3924,3925,-1,3932,3925,3933,-1,3933,3925,3926,-1,3933,3926,3934,-1,3934,3926,3927,-1,3934,3927,3935,-1,3935,3927,3928,-1,3935,3928,3936,-1,3936,3928,3929,-1,3936,3929,3937,-1,3937,3929,3930,-1,3937,3930,3938,-1,3938,3930,3931,-1,3938,3931,3939,-1,3939,3931,3829,-1,3939,3829,3828,-1,3898,3901,3899,-1,3899,3901,3932,-1,3899,3932,3940,-1,3940,3932,3933,-1,3940,3933,3941,-1,3941,3933,3934,-1,3941,3934,3942,-1,3942,3934,3935,-1,3942,3935,3943,-1,3943,3935,3936,-1,3943,3936,3944,-1,3944,3936,3937,-1,3944,3937,3945,-1,3945,3937,3938,-1,3945,3938,3946,-1,3946,3938,3939,-1,3946,3939,3947,-1,3947,3939,3828,-1,3947,3828,3840,-1,3897,3899,3948,-1,3948,3899,3940,-1,3948,3940,3949,-1,3949,3940,3941,-1,3949,3941,3950,-1,3950,3941,3942,-1,3950,3942,3951,-1,3951,3942,3943,-1,3951,3943,3952,-1,3952,3943,3944,-1,3952,3944,3953,-1,3953,3944,3945,-1,3953,3945,3954,-1,3954,3945,3946,-1,3954,3946,3955,-1,3955,3946,3947,-1,3955,3947,3956,-1,3956,3947,3840,-1,3956,3840,3839,-1,3957,3958,3959,-1,3958,3960,3961,-1,3960,3962,3963,-1,3964,3965,3966,-1,3545,3907,3967,-1,3545,3967,3547,-1,3547,3967,3968,-1,3547,3968,3559,-1,3559,3968,3969,-1,3559,3969,3560,-1,3560,3969,3970,-1,3560,3970,3561,-1,3561,3970,3971,-1,3561,3971,3562,-1,3562,3971,3972,-1,3562,3972,3563,-1,3563,3972,3973,-1,3563,3973,3564,-1,3564,3973,3974,-1,3564,3974,3546,-1,3546,3974,3966,-1,3546,3966,3541,-1,3541,3966,3965,-1,3541,3965,3975,-1,3962,3976,3977,-1,3977,3976,3964,-1,3957,3959,3978,-1,3964,3966,3977,-1,3977,3966,3974,-1,3977,3974,3979,-1,3979,3974,3973,-1,3979,3973,3980,-1,3980,3973,3972,-1,3980,3972,3981,-1,3981,3972,3971,-1,3981,3971,3982,-1,3982,3971,3970,-1,3982,3970,3983,-1,3983,3970,3969,-1,3983,3969,3984,-1,3984,3969,3968,-1,3984,3968,3985,-1,3985,3968,3967,-1,3985,3967,3986,-1,3986,3967,3907,-1,3986,3907,3905,-1,3962,3977,3963,-1,3963,3977,3979,-1,3963,3979,3987,-1,3987,3979,3980,-1,3987,3980,3988,-1,3988,3980,3981,-1,3988,3981,3989,-1,3989,3981,3982,-1,3989,3982,3990,-1,3990,3982,3983,-1,3990,3983,3991,-1,3991,3983,3984,-1,3991,3984,3992,-1,3992,3984,3985,-1,3992,3985,3993,-1,3993,3985,3986,-1,3993,3986,3994,-1,3994,3986,3905,-1,3994,3905,3902,-1,3960,3963,3961,-1,3961,3963,3987,-1,3961,3987,3995,-1,3995,3987,3988,-1,3995,3988,3996,-1,3996,3988,3989,-1,3996,3989,3997,-1,3997,3989,3990,-1,3997,3990,3998,-1,3998,3990,3991,-1,3998,3991,3999,-1,3999,3991,3992,-1,3999,3992,4000,-1,4000,3992,3993,-1,4000,3993,4001,-1,4001,3993,3994,-1,4001,3994,4002,-1,4002,3994,3902,-1,4002,3902,3900,-1,3958,3961,3959,-1,3959,3961,3995,-1,3959,3995,4003,-1,4003,3995,3996,-1,4003,3996,4004,-1,4004,3996,3997,-1,4004,3997,4005,-1,4005,3997,3998,-1,4005,3998,4006,-1,4006,3998,3999,-1,4006,3999,4007,-1,4007,3999,4000,-1,4007,4000,4008,-1,4008,4000,4001,-1,4008,4001,4009,-1,4009,4001,4002,-1,4009,4002,4010,-1,4010,4002,3900,-1,4010,3900,3898,-1,3978,3959,4011,-1,4011,3959,4003,-1,4011,4003,4012,-1,4012,4003,4004,-1,4012,4004,4013,-1,4013,4004,4005,-1,4013,4005,4014,-1,4014,4005,4006,-1,4014,4006,4015,-1,4015,4006,4007,-1,4015,4007,4016,-1,4016,4007,4008,-1,4016,4008,4017,-1,4017,4008,4009,-1,4017,4009,4018,-1,4018,4009,4010,-1,4018,4010,4019,-1,4019,4010,3898,-1,4019,3898,3897,-1,3896,3886,4020,-1,3886,3877,4021,-1,3877,3868,4022,-1,3868,3859,4023,-1,4024,3964,3976,-1,3859,3850,4025,-1,3850,3540,3539,-1,3567,4026,3965,-1,3850,3539,4025,-1,4025,3539,3554,-1,4025,3554,4027,-1,4027,3554,3553,-1,4027,3553,4028,-1,4028,3553,3552,-1,4028,3552,4029,-1,4029,3552,3551,-1,4029,3551,4030,-1,4030,3551,3550,-1,4030,3550,4031,-1,4031,3550,3549,-1,4031,3549,4032,-1,4032,3549,3548,-1,4032,3548,4033,-1,4033,3548,3567,-1,4033,3567,4024,-1,4024,3567,3965,-1,4024,3965,3964,-1,3859,4025,4023,-1,4023,4025,4027,-1,4023,4027,4034,-1,4034,4027,4028,-1,4034,4028,4035,-1,4035,4028,4029,-1,4035,4029,4036,-1,4036,4029,4030,-1,4036,4030,4037,-1,4037,4030,4031,-1,4037,4031,4038,-1,4038,4031,4032,-1,4038,4032,4039,-1,4039,4032,4033,-1,4039,4033,4040,-1,4040,4033,4024,-1,4040,4024,4041,-1,4041,4024,3976,-1,4041,3976,3962,-1,3868,4023,4022,-1,4022,4023,4034,-1,4022,4034,4042,-1,4042,4034,4035,-1,4042,4035,4043,-1,4043,4035,4036,-1,4043,4036,4044,-1,4044,4036,4037,-1,4044,4037,4045,-1,4045,4037,4038,-1,4045,4038,4046,-1,4046,4038,4039,-1,4046,4039,4047,-1,4047,4039,4040,-1,4047,4040,4048,-1,4048,4040,4041,-1,4048,4041,4049,-1,4049,4041,3962,-1,4049,3962,3960,-1,3877,4022,4021,-1,4021,4022,4042,-1,4021,4042,4050,-1,4050,4042,4043,-1,4050,4043,4051,-1,4051,4043,4044,-1,4051,4044,4052,-1,4052,4044,4045,-1,4052,4045,4053,-1,4053,4045,4046,-1,4053,4046,4054,-1,4054,4046,4047,-1,4054,4047,4055,-1,4055,4047,4048,-1,4055,4048,4056,-1,4056,4048,4049,-1,4056,4049,4057,-1,4057,4049,3960,-1,4057,3960,3958,-1,3886,4021,4020,-1,4020,4021,4050,-1,4020,4050,4058,-1,4058,4050,4051,-1,4058,4051,4059,-1,4059,4051,4052,-1,4059,4052,4060,-1,4060,4052,4053,-1,4060,4053,4061,-1,4061,4053,4054,-1,4061,4054,4062,-1,4062,4054,4055,-1,4062,4055,4063,-1,4063,4055,4056,-1,4063,4056,4064,-1,4064,4056,4057,-1,4064,4057,4065,-1,4065,4057,3958,-1,4065,3958,3957,-1,3896,4020,4066,-1,4066,4020,4058,-1,4066,4058,4067,-1,4067,4058,4059,-1,4067,4059,4068,-1,4068,4059,4060,-1,4068,4060,4069,-1,4069,4060,4061,-1,4069,4061,4070,-1,4070,4061,4062,-1,4070,4062,4071,-1,4071,4062,4063,-1,4071,4063,4072,-1,4072,4063,4064,-1,4072,4064,4073,-1,4073,4064,4065,-1,4073,4065,4074,-1,4074,4065,3957,-1,4074,3957,3978,-1,4075,3813,4076,-1,4076,3813,3812,-1,4077,3817,4078,-1,4078,3817,3816,-1,3755,3754,3817,-1,3636,3635,4076,-1,3750,3824,3822,-1,3750,3822,3751,-1,3635,3634,4076,-1,4076,3634,3633,-1,4076,3633,3632,-1,3798,3797,4077,-1,3797,3796,4077,-1,4077,3796,3795,-1,4077,3795,3794,-1,3754,3753,3817,-1,3817,3753,3752,-1,3817,3752,3818,-1,3818,3752,3751,-1,3818,3751,3820,-1,3820,3751,3822,-1,3691,3690,3812,-1,3812,3690,3689,-1,3812,3689,3688,-1,3632,3631,4076,-1,4076,3631,3630,-1,4076,3630,4077,-1,4077,3630,3799,-1,4077,3799,3798,-1,3693,3801,3694,-1,3694,3801,3814,-1,3694,3814,3750,-1,3750,3814,3826,-1,3750,3826,3824,-1,3808,3806,3692,-1,3692,3806,3804,-1,3692,3804,3693,-1,3693,3804,3802,-1,3693,3802,3801,-1,3794,3758,4077,-1,4077,3758,4079,-1,4077,4079,3817,-1,3817,4079,3756,-1,3817,3756,3755,-1,3691,3812,3692,-1,3692,3812,3810,-1,3692,3810,3808,-1,3688,3687,3812,-1,3812,3687,4080,-1,3812,4080,4076,-1,4076,4080,3637,-1,4076,3637,3636,-1,4081,4082,3813,-1,3813,4082,4083,-1,4083,4084,3813,-1,3813,4084,4085,-1,3813,4085,3811,-1,3811,4085,4086,-1,3811,4086,3809,-1,3809,4086,4087,-1,3809,4087,3807,-1,4088,4089,4078,-1,4078,4089,4090,-1,4078,4090,4091,-1,4091,4092,4078,-1,4078,4092,4093,-1,4078,4093,4094,-1,4095,4096,3816,-1,3823,3825,4097,-1,4097,3825,3827,-1,4097,3827,4098,-1,4098,3827,3815,-1,4098,3815,4099,-1,4099,3815,3800,-1,4099,3800,4100,-1,4100,3800,3803,-1,4100,3803,4087,-1,4087,3803,3805,-1,4087,3805,3807,-1,4096,4101,3816,-1,3816,4101,4102,-1,3816,4102,4103,-1,4095,3816,4104,-1,4104,3816,3819,-1,4104,3819,4097,-1,4097,3819,3821,-1,4097,3821,3823,-1,4094,4105,4078,-1,4078,4105,4106,-1,4078,4106,4107,-1,4107,4106,4108,-1,4107,4108,4109,-1,4109,4110,4107,-1,4107,4110,4111,-1,4107,4111,4112,-1,4103,4113,3816,-1,3816,4113,4114,-1,3816,4114,4078,-1,4078,4114,4115,-1,4078,4115,4088,-1,4112,4116,4107,-1,4107,4116,4117,-1,4107,4117,4118,-1,4118,4119,4107,-1,4107,4119,4120,-1,4107,4120,3813,-1,3813,4120,4121,-1,3813,4121,4081,-1,4122,4075,4076,-1,4122,4076,4123,-1,4076,4124,4123,-1,4123,4124,4125,-1,4123,4125,4126,-1,4126,4125,4127,-1,4126,4127,4128,-1,4128,4127,4129,-1,4128,4129,4130,-1,4131,4132,4133,-1,4133,4132,4130,-1,4133,4130,4134,-1,4134,4130,4129,-1,4077,4078,4135,-1,4135,4078,4136,-1,4137,4138,4139,-1,4139,4138,4140,-1,4139,4140,4141,-1,4141,4140,4142,-1,4141,4142,4143,-1,4143,4142,4144,-1,4143,4144,4145,-1,4145,4144,4146,-1,4145,4146,4136,-1,4136,4146,4147,-1,4136,4147,4135,-1,4148,4149,4150,-1,4148,4150,4151,-1,4151,4150,4152,-1,4151,4152,4153,-1,4153,4152,4154,-1,4153,4154,4155,-1,4155,4154,4156,-1,4155,4156,4157,-1,4157,4156,4158,-1,4157,4158,4159,-1,4159,4158,3501,-1,4159,3501,3499,-1,4160,4149,4161,-1,4161,4149,4148,-1,4161,4162,4160,-1,4160,4162,4163,-1,4164,4165,4162,-1,4162,4165,4163,-1,4166,4165,4167,-1,4167,4165,4164,-1,4168,4169,4170,-1,4170,4169,4171,-1,4170,4171,4172,-1,4172,4171,4173,-1,4172,4173,4174,-1,4174,4173,4175,-1,4174,4175,4176,-1,4176,4175,4177,-1,4176,4177,4178,-1,4178,4177,4179,-1,4178,4179,4180,-1,4180,4179,4181,-1,4180,4181,4182,-1,4182,4181,4183,-1,4182,4183,4184,-1,4184,4183,4185,-1,4184,4185,4186,-1,4186,4185,4187,-1,4186,4187,4167,-1,4167,4187,4166,-1,4188,4169,4189,-1,4189,4169,4168,-1,4189,4190,4188,-1,4188,4190,4191,-1,4191,4190,4192,-1,4192,4190,4193,-1,3502,4192,3503,-1,3503,4192,4193,-1,4194,4195,4196,-1,4196,4195,4197,-1,4194,4196,4198,-1,4198,4196,4199,-1,4198,4199,4200,-1,4200,4199,4201,-1,4200,4201,4202,-1,4202,4201,4203,-1,4202,4203,4204,-1,4204,4203,4205,-1,4204,4205,4206,-1,4206,4205,4207,-1,4206,4207,4208,-1,4208,4207,4209,-1,4210,4208,4211,-1,4211,4208,4209,-1,4130,4212,4213,-1,4078,4107,4136,-1,4136,4107,4214,-1,4136,4214,4215,-1,4214,4123,4215,-1,4215,4123,4126,-1,4215,4126,4143,-1,4143,4126,4216,-1,4143,4216,4141,-1,4141,4216,4130,-1,4141,4130,4217,-1,4217,4130,4213,-1,4213,4218,4219,-1,4219,4218,4220,-1,4220,4218,4221,-1,4221,4218,4222,-1,4221,4222,4223,-1,4223,4222,4224,-1,4223,4224,4225,-1,4225,4224,4226,-1,4225,4226,4227,-1,4227,4226,4228,-1,4227,4228,4229,-1,4229,4228,4230,-1,4229,4230,4195,-1,4195,4230,4197,-1,4159,3499,4212,-1,4212,3499,3498,-1,4212,3498,4213,-1,4213,3498,3505,-1,4205,4203,4189,-1,4189,4203,4201,-1,4151,4153,4212,-1,4230,4228,4190,-1,4190,4228,4226,-1,4190,4226,4224,-1,3505,3503,4213,-1,4213,3503,4193,-1,4213,4193,4218,-1,4218,4193,4190,-1,4218,4190,4222,-1,4222,4190,4224,-1,4201,4199,4189,-1,4189,4199,4196,-1,4189,4196,4190,-1,4190,4196,4197,-1,4190,4197,4230,-1,4164,4162,4167,-1,4167,4162,4161,-1,4167,4161,4212,-1,4212,4161,4148,-1,4212,4148,4151,-1,4172,4174,4205,-1,4205,4174,4176,-1,4205,4176,4207,-1,4153,4155,4212,-1,4212,4155,4157,-1,4212,4157,4159,-1,4209,4184,4212,-1,4212,4184,4186,-1,4212,4186,4167,-1,4172,4205,4170,-1,4170,4205,4189,-1,4170,4189,4168,-1,4176,4178,4207,-1,4207,4178,4180,-1,4207,4180,4209,-1,4209,4180,4182,-1,4209,4182,4184,-1,4076,4077,4124,-1,4124,4077,4231,-1,4124,4231,4125,-1,4231,4147,4125,-1,4125,4147,4146,-1,4125,4146,4232,-1,4232,4146,4129,-1,4129,4146,4233,-1,4129,4233,4134,-1,4233,4142,4134,-1,4134,4142,4140,-1,4134,4140,4234,-1,4234,4140,4235,-1,4234,4235,4236,-1,3501,4158,4236,-1,4192,3502,4235,-1,4235,3502,3504,-1,4235,3504,4236,-1,4236,3504,3500,-1,4236,3500,3501,-1,4165,4166,4163,-1,4163,4166,4160,-1,4221,4223,4191,-1,4200,4202,4188,-1,4188,4202,4204,-1,4223,4225,4191,-1,4191,4225,4227,-1,4191,4227,4229,-1,4158,4156,4236,-1,4236,4156,4154,-1,4236,4154,4152,-1,4152,4150,4236,-1,4236,4150,4149,-1,4236,4149,4160,-1,4192,4235,4191,-1,4191,4235,4220,-1,4191,4220,4221,-1,4206,4179,4204,-1,4204,4179,4177,-1,4229,4195,4191,-1,4191,4195,4194,-1,4191,4194,4188,-1,4188,4194,4198,-1,4188,4198,4200,-1,4160,4166,4236,-1,4236,4166,4187,-1,4236,4187,4208,-1,4187,4185,4208,-1,4208,4185,4183,-1,4208,4183,4206,-1,4206,4183,4181,-1,4206,4181,4179,-1,4177,4175,4204,-1,4204,4175,4173,-1,4204,4173,4188,-1,4188,4173,4171,-1,4188,4171,4169,-1,4237,4238,4239,-1,4239,4238,4240,-1,4239,4241,4237,-1,4237,4241,4242,-1,4243,4244,4245,-1,4243,4245,4246,-1,4246,4245,4247,-1,4246,4247,4248,-1,4248,4247,4249,-1,4248,4249,4250,-1,4250,4249,4251,-1,4250,4251,4252,-1,4252,4251,4253,-1,4252,4253,4254,-1,4254,4253,4255,-1,4254,4255,4256,-1,4256,4255,4257,-1,4256,4257,4258,-1,4258,4257,4259,-1,4258,4259,4260,-1,4260,4259,4261,-1,4260,4261,4262,-1,4262,4261,4263,-1,4262,4263,4264,-1,4264,4263,4242,-1,4264,4242,4241,-1,4237,4265,4266,-1,4263,4261,4244,-1,4237,4266,4238,-1,4238,4266,4267,-1,4238,4267,4268,-1,4265,4237,4244,-1,4244,4237,4242,-1,4244,4242,4263,-1,4261,4259,4244,-1,4244,4259,4257,-1,4244,4257,4255,-1,4268,4269,4238,-1,4238,4269,4270,-1,4238,4270,4271,-1,4245,4244,4247,-1,4247,4244,4249,-1,4255,4253,4244,-1,4244,4253,4251,-1,4244,4251,4249,-1,4271,4270,4272,-1,4272,4270,4273,-1,4272,4273,4274,-1,4274,4275,4272,-1,4272,4275,4276,-1,4272,4276,4277,-1,4240,4238,4271,-1,4240,4271,4278,-1,4278,4271,4272,-1,4278,4272,4279,-1,4279,4272,4277,-1,4279,4277,4280,-1,4280,4277,4276,-1,4280,4276,4281,-1,4281,4276,4275,-1,4281,4275,4282,-1,4282,4275,4274,-1,4282,4274,4283,-1,4283,4274,4273,-1,4283,4273,4284,-1,4284,4273,4270,-1,4284,4270,4285,-1,4285,4270,4269,-1,4285,4269,4286,-1,4286,4269,4268,-1,4286,4268,4287,-1,4287,4268,4267,-1,4287,4267,4288,-1,3500,3504,4289,-1,4289,3504,4290,-1,4289,4290,4291,-1,4291,4290,4292,-1,4291,4292,4293,-1,4293,4292,4294,-1,4293,4294,4295,-1,4295,4294,4296,-1,4295,4296,4297,-1,4297,4296,4298,-1,4297,4298,4265,-1,4265,4298,4266,-1,4239,4240,4288,-1,4258,4260,4243,-1,4243,4260,4262,-1,4285,4286,4240,-1,4240,4286,4287,-1,4240,4287,4288,-1,4288,4299,4239,-1,4239,4299,4300,-1,4239,4300,4241,-1,4241,4300,4243,-1,4241,4243,4264,-1,4264,4243,4262,-1,4246,4248,4243,-1,4243,4248,4250,-1,4243,4250,4252,-1,4240,4278,4285,-1,4285,4278,4279,-1,4285,4279,4284,-1,4284,4279,4280,-1,4280,4281,4284,-1,4284,4281,4282,-1,4284,4282,4283,-1,4252,4254,4243,-1,4243,4254,4256,-1,4243,4256,4258,-1,3498,3500,4301,-1,4301,3500,4289,-1,4301,4289,4302,-1,4302,4289,4291,-1,4302,4291,4303,-1,4303,4291,4293,-1,4303,4293,4304,-1,4304,4293,4295,-1,4244,4243,4265,-1,4265,4243,4300,-1,4265,4300,4297,-1,4297,4300,4305,-1,4297,4305,4295,-1,4295,4305,4306,-1,4295,4306,4304,-1,4288,4267,4299,-1,4299,4267,4266,-1,4299,4266,4307,-1,4307,4266,4298,-1,4307,4298,4308,-1,4308,4298,4296,-1,4308,4296,4309,-1,4309,4296,4294,-1,3504,3505,4290,-1,4290,3505,4310,-1,4290,4310,4292,-1,4292,4310,4311,-1,4292,4311,4294,-1,4294,4311,4312,-1,4294,4312,4309,-1,4300,4299,4307,-1,4300,4307,4305,-1,4305,4307,4308,-1,4305,4308,4306,-1,4306,4308,4309,-1,4306,4309,4304,-1,4304,4309,4312,-1,4304,4312,4303,-1,4303,4312,4311,-1,4303,4311,4302,-1,4302,4311,4310,-1,4302,4310,4301,-1,4301,4310,3505,-1,4301,3505,3498,-1,
        ]
    }
}
Shape{
    appearance Appearance {
        material  Material 	{
            diffuseColor 0.2235294117647059 0.2235294117647059 0.2235294117647059
            specularColor 0.11372549019607843 0.11372549019607843 0.11372549019607843
            ambientIntensity 0.2235
            transparency 0.0
            shininess 0.5
        }
    }
    geometry IndexedFaceSet {
        ccw TRUE
        solid FALSE
        coord DEF co Coordinate {
            point [
                1.2415 1.2205 0.9032, 1.2415 1.2205 0.8803, 1.1641 1.2205 0.8803, 0.9867 1.2205 0.8564, 0.9609 1.2205 0.8562, 0.9609 1.2205 0.8572, 1.0413 1.2205 0.8339, 1.036 1.2205 0.8181, 1.036 1.2205 0.8557, 1.0929 1.2205 0.8284, 1.0917 1.2205 0.8295, 1.0917 1.2205 0.8557, 1.1287 1.2205 0.9032, 1.1593 1.2205 0.9032, 1.1593 1.2205 0.8803, 1.1325 1.2205 0.9845, 1.1314 1.2205 0.9846, 1.1593 1.2205 0.9846, 1.1061 1.2205 0.9836, 1.1061 1.2205 0.9846, 1.1094 1.2205 0.9846, 1.104 1.2205 0.9068, 1.1061 1.2205 0.9062, 1.1061 1.2205 0.9032, 1.0436 1.2205 0.9038, 1.0553 1.2205 0.9039, 1.0553 1.2205 0.9032, 1.2743 1.2205 0.8557, 1.2415 1.2205 0.8557, 1.2415 1.2205 0.8572, 1.5046 1.2205 0.8557, 1.4348 1.2205 0.8557, 1.4318 1.2205 0.8572, 1.6142 1.2205 0.1378, 1.6142 1.2205 0.0197, 1.2415 1.2205 0.0197, 1.6369 1.2205 0.8766, 1.6363 1.2205 0.8803, 2.2441 1.2205 0.8803, 1.492 1.2205 0.9949, 1.4865 1.2205 0.997, 2.2441 1.2205 0.997, 1.3102 1.2205 0.9233, 1.2949 1.2205 0.9102, 1.2415 1.2205 0.9846, 1.3603 1.2205 0.978, 1.3415 1.2205 0.956, 1.3298 1.2205 0.9328, 1.3271 1.2205 0.9318, 1.414 1.2205 1.0055, 1.3904 1.2205 0.997, 1.2415 1.2205 0.997, 1.3855 1.2205 0.9952, 1.3699 1.2205 0.9846, 2.2441 1.2205 1.752, 1.4375 1.2205 1.0081, 1.2415 1.2205 1.752, 1.4657 1.2205 1.0049, 2.2441 1.2205 0.9846, 1.5081 1.2205 0.9846, 1.5059 1.2205 0.9864, 1.5667 1.2205 0.9602, 1.5443 1.2205 0.9628, 1.5194 1.2205 0.975, 1.5377 1.2205 0.9624, 1.5312 1.2205 0.9615, 1.6099 1.2205 0.9359, 1.6061 1.2205 0.9395, 1.5879 1.2205 0.9521, 2.2441 1.2205 0.9032, 1.633 1.2205 0.898, 1.6306 1.2205 0.9032, 1.6237 1.2205 0.9184, 1.6371 1.2205 0.8712, 2.2441 1.2205 0.8572, 1.6355 1.2205 0.8572, 2.2441 1.2205 0.8557, 1.6353 1.2205 0.8557, 1.388 1.2205 0.8121, 1.3841 1.2205 0.8136, 1.3771 1.2205 0.846, 1.3915 1.2205 0.8096, 1.3796 1.2205 0.8142, 1.3791 1.2205 0.8141, 1.3774 1.2205 0.8137, 1.3842 1.2205 0.7794, 1.461 1.2205 0.7787, 1.381 1.2205 0.7789, 1.3474 1.2205 0.7786, 1.3974 1.2205 0.7966, 1.3973 1.2205 0.7989, 1.4571 1.2205 0.8045, 1.3961 1.2205 0.8032, 1.3939 1.2205 0.8071, 1.596 1.2205 0.7937, 1.6137 1.2205 0.809, 2.2441 1.2205 0.1378, 1.6265 1.2205 0.8276, 1.6345 1.2205 0.8489, 1.388 1.2205 0.7809, 1.3917 1.2205 0.7836, 1.393 1.2205 0.7849, 1.3954 1.2205 0.7885, 1.3969 1.2205 0.7924, 1.4575 1.2205 0.7927, 1.4572 1.2205 0.7988, 1.5543 1.2205 0.7585, 1.5627 1.2205 0.769, 1.3211 1.2205 0.8274, 1.3148 1.2205 0.8363, 1.3108 1.2205 0.8464, 1.3827 1.2205 0.8557, 1.5683 1.2205 0.7813, 1.5755 1.2205 0.7835, 1.3762 1.2205 0.8136, 1.3506 1.2205 0.8134, 1.3403 1.2205 0.8153, 1.2768 1.2205 0.8375, 1.284 1.2205 0.8196, 1.2955 1.2205 0.8039, 1.3302 1.2205 0.8199, 1.3218 1.2205 0.8267, 1.5007 1.2205 0.7438, 1.5145 1.2205 0.7422, 1.5167 1.2205 0.7423, 1.5301 1.2205 0.7445, 1.5432 1.2205 0.7501, 1.311 1.2205 0.7909, 1.3285 1.2205 0.7825, 1.4678 1.2205 0.7661, 1.4766 1.2205 0.7565, 1.488 1.2205 0.7486, 1.3096 1.2205 0.8557, 1.3094 1.2205 0.8572, 1.3836 1.2205 0.8572, 1.3093 1.2205 0.8575, 1.5989 1.2205 0.8572, 1.6006 1.2205 0.8632, 1.3946 1.2205 0.8763, 1.6013 1.2205 0.8721, 1.6002 1.2205 0.8803, 1.3096 1.2205 0.8626, 1.3122 1.2205 0.8735, 1.3158 1.2205 0.8803, 1.4931 1.2205 0.8527, 1.4811 1.2205 0.8462, 1.4711 1.2205 0.837, 1.5399 1.2205 0.8503, 1.5273 1.2205 0.8551, 1.5985 1.2205 0.8557, 1.5224 1.2205 0.8557, 1.5137 1.2205 0.8567, 1.5068 1.2205 0.8562, 1.5966 1.2205 0.8493, 1.5611 1.2205 0.8316, 1.5516 1.2205 0.8423, 1.59 1.2205 0.8378, 1.5799 1.2205 0.8272, 1.5675 1.2205 0.8195, 1.358 1.2205 0.9022, 1.5945 1.2205 0.8985, 1.5995 1.2205 0.8859, 1.3534 1.2205 0.9022, 1.3174 1.2205 0.8834, 1.3239 1.2205 0.8907, 1.3327 1.2205 0.8969, 1.3426 1.2205 0.9008, 1.37 1.2205 0.9366, 1.3828 1.2205 0.952, 1.5138 1.2205 0.9199, 1.3841 1.2205 0.9533, 1.4 1.2205 0.9645, 1.505 1.2205 0.9378, 1.5912 1.2205 0.9032, 1.5178 1.2205 0.922, 1.3582 1.2205 0.9032, 1.3614 1.2205 0.9182, 1.5305 1.2205 0.9268, 1.5439 1.2205 0.9286, 1.55 1.2205 0.9283, 1.4921 1.2205 0.953, 1.4178 1.2205 0.9714, 1.4768 1.2205 0.964, 1.4372 1.2205 0.974, 1.4582 1.2205 0.9714, 1.564 1.2205 0.9251, 1.5768 1.2205 0.9184, 1.5865 1.2205 0.9098, 1.2765 1.2205 0.8765, 1.274 1.2205 0.8578, 1.2741 1.2205 0.8572, 1.278 1.2205 0.8803, 1.2833 1.2205 0.8939, 1.29 1.2205 0.9032, 0.8844 1.2205 0.7808, 0.8615 1.2205 0.0197, 0.8759 1.2205 0.7868, 0.8703 1.2205 0.7932, 0.9285 1.2205 0.8557, 0.9366 1.2205 0.8557, 0.9291 1.2205 0.7759, 0.9366 1.2205 0.0197, 0.9071 1.2205 0.7758, 0.8936 1.2205 0.7773, 0.8922 1.2205 0.8541, 0.8827 1.2205 0.8502, 0.8615 1.2205 0.8557, 0.8755 1.2205 0.845, 0.8718 1.2205 0.8413, 0.8671 1.2205 0.834, 0.8645 1.2205 0.826, 0.8636 1.2205 0.8165, 0.864 1.2205 0.8106, 0.8661 1.2205 0.8014, 0.9285 1.2205 0.856, 0.9366 1.2205 0.8572, 0.9042 1.2205 0.8557, 0.8615 1.2205 0.8572, 0.9057 1.2205 0.8558, 1.1659 1.2205 0.7867, 1.1659 1.2205 0.7776, 1.1641 1.2205 0.8557, 1.209 1.2205 0.7779, 1.1982 1.2205 0.8487, 1.1984 1.2205 0.8231, 1.1673 1.2205 0.8485, 1.1697 1.2205 0.8229, 1.1984 1.2205 0.8139, 1.1986 1.2205 0.787, 1.1698 1.2205 0.8137, 1.1641 1.2205 0.0197, 1.1672 1.2205 0.8557, 1.1641 1.2205 0.8572, 1.1672 1.2205 0.8572, 1.1672 1.2205 0.8577, 1.2084 1.2205 0.858, 1.2084 1.2205 0.8572, 1.2085 1.2205 0.8557, 0.8615 1.2205 0.9846, 0.9366 1.2205 0.9846, 0.9167 1.2205 0.9829, 0.9278 1.2205 0.983, 0.9609 1.2205 0.9032, 0.9588 1.2205 0.9032, 0.9366 1.2205 0.9603, 0.9588 1.2205 0.9032, 0.9609 1.2205 0.8803, 0.9474 1.2205 0.9031, 0.9366 1.2205 0.8803, 0.9366 1.2205 0.9032, 0.9473 1.2205 0.9032, 0.9366 1.2205 0.9249, 0.9395 1.2205 0.9249, 0.8615 1.2205 0.9032, 0.887 1.2205 0.9032, 0.8615 1.2205 0.8803, 0.9062 1.2205 0.9247, 0.8984 1.2205 0.9032, 0.8982 1.2205 0.9027, 0.8868 1.2205 0.9027, 1.036 1.2205 0.9846, 1.0473 1.2205 0.949, 1.0474 1.2205 0.9399, 1.0553 1.2205 0.9491, 1.0449 1.2205 0.9746, 1.0448 1.2205 0.9839, 1.0553 1.2205 0.9846, 1.0553 1.2205 0.9839, 1.0553 1.2205 0.9747, 1.0758 1.2205 0.9749, 1.076 1.2205 0.9492, 1.0861 1.2205 0.9841, 1.0917 1.2205 0.9846, 1.0866 1.2205 0.9041, 1.1021 1.2205 0.9823, 1.1022 1.2205 0.9715, 1.1026 1.2205 0.9174, 1.1026 1.2205 0.9075, 1.0917 1.2205 0.9032, 1.1038 1.2205 0.9724, 1.1061 1.2205 0.9158, 1.1061 1.2205 0.9732, 1.112 1.2205 0.9754, 1.1189 1.2205 0.9124, 1.11 1.2205 0.9141, 1.1515 1.2205 0.9429, 1.1515 1.2205 0.9437, 1.121 1.2205 0.9764, 1.1238 1.2205 0.9763, 1.1308 1.2205 0.9751, 1.1442 1.2205 0.9662, 1.1479 1.2205 0.9605, 1.1504 1.2205 0.9532, 1.1422 1.2205 0.9192, 1.1369 1.2205 0.9154, 1.1371 1.2205 0.9723, 1.1429 1.2205 0.9677, 1.1438 1.2205 0.9208, 1.1503 1.2205 0.9331, 1.1478 1.2205 0.9265, 1.1312 1.2205 0.9132, 1.1233 1.2205 0.9122, 1.1211 1.2205 0.9857, 1.12 1.2205 0.9857, 1.1061 1.2205 0.997, 1.1097 1.2205 0.9847, 1.1409 1.2205 0.9813, 1.1559 1.2205 0.9674, 1.1506 1.2205 0.9742, 1.1487 1.2205 0.9759, 1.1641 1.2205 0.9846, 1.16 1.2205 0.9587, 1.1593 1.2205 0.9601, 1.1593 1.2205 0.9261, 1.1609 1.2205 0.9303, 1.1641 1.2205 0.9032, 1.1623 1.2205 0.9431, 1.1621 1.2205 0.9485, 1.13 1.2205 0.9033, 1.1386 1.2205 0.9052, 1.1461 1.2205 0.9089, 1.1523 1.2205 0.9141, 1.153 1.2205 0.915, 1.1577 1.2205 0.9219, 1.1248 1.2205 0.903, 1.1061 1.2205 0.8803, 1.1223 1.2205 0.9032, 1.1126 1.2205 0.9041, 1.1972 1.2205 0.9846, 1.1977 1.2205 0.914, 1.1658 1.2205 0.9138, 1.1659 1.2205 0.9046, 1.2081 1.2205 0.9049, 1.0928 1.2205 0.787, 1.0917 1.2205 0.7866, 1.0917 1.2205 0.8079, 1.096 1.2205 0.815, 1.0964 1.2205 0.8189, 1.1061 1.2205 0.8557, 1.096 1.2205 0.8225, 1.0948 1.2205 0.8257, 1.0937 1.2205 0.8098, 1.095 1.2205 0.8119, 1.0967 1.2205 0.7895, 1.0968 1.2205 0.7791, 1.1061 1.2205 0.0197, 1.0917 1.2205 0.7773, 1.0917 1.2205 0.0197, 1.092 1.2205 0.8081, 1.0614 1.2205 0.8019, 1.0595 1.2205 0.7991, 1.0606 1.2205 0.8231, 1.0585 1.2205 0.7961, 1.0741 1.2205 0.8355, 1.068 1.2205 0.835, 1.0553 1.2205 0.8557, 1.0899 1.2205 0.831, 1.0874 1.2205 0.8325, 1.0821 1.2205 0.8346, 1.0605 1.2205 0.8328, 1.0581 1.2205 0.7924, 1.0586 1.2205 0.7884, 1.0598 1.2205 0.7852, 1.0617 1.2205 0.7826, 1.0646 1.2205 0.7801, 1.0673 1.2205 0.7785, 1.0727 1.2205 0.7766, 1.0813 1.2205 0.7757, 1.0897 1.2205 0.7766, 1.0751 1.2205 0.8273, 1.0781 1.2205 0.8271, 1.0861 1.2205 0.8197, 1.0808 1.2205 0.8264, 1.083 1.2205 0.8253, 1.086 1.2205 0.8184, 1.0856 1.2205 0.8168, 1.0849 1.2205 0.8155, 1.084 1.2205 0.8144, 1.0804 1.2205 0.8121, 1.0685 1.2205 0.8265, 1.0742 1.2205 0.8094, 1.0629 1.2205 0.8244, 1.0704 1.2205 0.8078, 1.0637 1.2205 0.804, 1.0845 1.2205 0.8239, 1.0854 1.2205 0.8227, 1.0859 1.2205 0.8213, 1.0865 1.2205 0.7846, 1.0814 1.2205 0.8022, 1.0873 1.2205 0.8049, 1.0803 1.2205 0.7838, 1.0798 1.2205 0.7838, 1.0748 1.2205 0.7993, 1.0747 1.2205 0.7844, 1.0684 1.2205 0.7915, 1.0685 1.2205 0.7927, 1.0721 1.2205 0.7853, 1.0712 1.2205 0.7859, 1.07 1.2205 0.7869, 1.0691 1.2205 0.7882, 1.0686 1.2205 0.7896, 1.0689 1.2205 0.7943, 1.0697 1.2205 0.7957, 1.0709 1.2205 0.797, 1.0241 1.2205 0.768, 1.0287 1.2205 0.7592, 0.9873 1.2205 0.7764, 1.0267 1.2205 0.7908, 1.0255 1.2205 0.7861, 1.0252 1.2205 0.7861, 0.9977 1.2205 0.8336, 0.9867 1.2205 0.8557, 1.0081 1.2205 0.8337, 1.0324 1.2205 0.7548, 1.0331 1.2205 0.7542, 1.036 1.2205 0.7522, 1.0526 1.2205 0.834, 1.0553 1.2205 0.0197, 1.0511 1.2205 0.7507, 1.051 1.2205 0.7596, 0.9442 1.2205 0.776, 0.9609 1.2205 0.7762, 0.9609 1.2205 0.0197, 1.036 1.2205 0.0197, 1.0366 1.2205 0.7517, 1.0406 1.2205 0.7503, 1.0446 1.2205 0.7498, 1.0468 1.2205 0.7499, 1.049 1.2205 0.7589, 1.0453 1.2205 0.7584, 1.0389 1.2205 0.7607, 1.0429 1.2205 0.7587, 1.0407 1.2205 0.7595, 1.037 1.2205 0.7628, 1.036 1.2205 0.7647, 1.036 1.2205 0.7909, 1.035 1.2205 0.7664, 1.0305 1.2205 0.7768, 0.9455 1.2205 0.8557, 0.9455 1.2205 0.8469, 0.948 1.2205 0.8121, 0.948 1.2205 0.8213, 0.9609 1.2205 0.8214, 0.9767 1.2205 0.8123, 0.9769 1.2205 0.7854, 0.9609 1.2205 0.8122, 0.9609 1.2205 0.7853, 0.9441 1.2205 0.7852, 0.9609 1.2205 0.847, 0.9764 1.2205 0.8471, 0.9766 1.2205 0.8215, 0.9455 1.2205 0.8561, 1.0248 1.2205 0.7881, 1.024 1.2205 0.7907, 1.036 1.2205 0.8572, 1.1397 1.2205 0.835, 1.1307 1.2205 0.8359, 1.1283 1.2205 0.8273, 1.1317 1.2205 0.8277, 1.1371 1.2205 0.8114, 1.1254 1.2205 0.7804, 1.129 1.2205 0.778, 1.1204 1.2205 0.7773, 1.133 1.2205 0.7766, 1.1382 1.2205 0.7761, 1.1524 1.2205 0.8045, 1.1494 1.2205 0.8071, 1.1505 1.2205 0.8209, 1.1453 1.2205 0.8093, 1.1436 1.2205 0.8252, 1.1373 1.2205 0.8272, 1.1239 1.2205 0.8351, 1.1199 1.2205 0.8337, 1.1167 1.2205 0.8317, 1.1442 1.2205 0.7768, 1.1481 1.2205 0.7783, 1.1593 1.2205 0.0197, 1.1504 1.2205 0.8307, 1.1593 1.2205 0.8557, 1.1474 1.2205 0.8323, 1.1147 1.2205 0.8298, 1.1126 1.2205 0.8267, 1.111 1.2205 0.8224, 1.1204 1.2205 0.7861, 1.1206 1.2205 0.7861, 1.1222 1.2205 0.7838, 1.1514 1.2205 0.7807, 1.1525 1.2205 0.7818, 1.1546 1.2205 0.7849, 1.1558 1.2205 0.7883, 1.1562 1.2205 0.7929, 1.1557 1.2205 0.7976, 1.1545 1.2205 0.8012, 1.1202 1.2205 0.8136, 1.1205 1.2205 0.8181, 1.1215 1.2205 0.8217, 1.1227 1.2205 0.8237, 1.1101 1.2205 0.814, 1.1104 1.2205 0.7772, 1.1242 1.2205 0.8254, 1.1259 1.2205 0.8265, 0.848 1.2205 0.7754, 0.8594 1.2205 0.7754, 0.8284 1.2205 0.8553, 0.8173 1.2205 0.8552, 0.4429 1.2205 0.8557, 0.4429 1.2205 0.0197, 0.7874 1.2205 0.7749, 0.7988 1.2205 0.775, 0.8068 1.2205 0.797, 0.8402 1.2205 0.7972, 1.1593 1.2205 0.8572, 1.1061 1.2205 0.8572, 1.1972 1.2205 0.9849, 1.1641 1.2205 0.997, 1.2075 1.2205 0.985, 1.2075 1.2205 0.9846, 1.0917 1.2205 0.8572, 1.0917 1.2205 0.8803, 1.0553 1.2205 0.8572, 1.0553 1.2205 0.8803, 1.036 1.2205 0.8803, 1.036 1.2205 0.9032, 1.0435 1.2205 0.9129, 1.0064 1.2205 0.9035, 1.0284 1.2205 0.9037, 1.0553 1.2205 0.913, 1.0553 1.2205 0.9399, 1.0762 1.2205 0.9131, 1.076 1.2205 0.9401, 1.0279 1.2205 0.9837, 1.005 1.2205 0.9836, 0.9609 1.2205 0.9846, 0.9916 1.2205 0.9818, 0.9655 1.2205 0.9291, 0.9697 1.2205 0.9209, 0.9633 1.2205 0.9383, 0.9753 1.2205 0.9145, 0.9838 1.2205 0.9085, 0.993 1.2205 0.905, 0.9821 1.2205 0.9779, 0.9748 1.2205 0.9728, 0.9712 1.2205 0.969, 0.9665 1.2205 0.9617, 0.9639 1.2205 0.9538, 0.963 1.2205 0.9443, 0.4429 1.2205 0.8572, 0.4429 1.2205 0.8803, 0.4429 1.2205 0.9032, 0.4429 1.2205 0.9846, 0.0984 1.2205 0.0197, 0.0984 1.2205 0.8557, 0.0984 1.2205 0.8572, 0.0984 1.2205 0.8803, 0.0984 1.2205 0.9032, 0.0984 1.2205 0.9846, 1.1593 1.2205 0.997, 1.0917 1.2205 0.997, 1.0553 1.2205 0.997, 1.036 1.2205 0.997, 0.9609 1.2205 0.997, 0.9366 1.2205 0.997, 0.8615 1.2205 0.997, 0.4429 1.2205 0.997, 0.0984 1.2205 0.997, 1.1641 1.2205 1.752, 1.1593 1.2205 1.752, 1.1061 1.2205 1.752, 1.0917 1.2205 1.752, 1.0553 1.2205 1.752, 1.036 1.2205 1.752, 0.9609 1.2205 1.752, 0.9366 1.2205 1.752, 0.8615 1.2205 1.752, 0.4429 1.2205 1.752, 0.0984 1.2205 1.752, -1.3189 -1.1417 0.0197, 0.9646 -1.1417 0.0197, -1.3189 -1.1417 1.752, 0.9646 -1.1417 0.1378, 1.437 -1.1417 1.752, 1.437 -1.1417 0.7874, 1.8307 -1.1417 0.7874, 2.2441 -1.1417 0.1378, 1.8307 -1.1417 1.752, 2.2441 -1.1417 1.752, -0.1378 -0.8858 1.2795, 2.2441 -0.8858 1.2795, -0.1378 -0.8858 1.3779, 2.2441 -0.8858 1.3779, 1.3543 -0.689 1.3779, 2.2441 -0.689 1.3779, 1.3543 -0.689 1.2795, 2.2441 -0.689 1.2795, 1.9949 -0.5709 0.2756, 2.1063 -0.4595 0.2756, 1.9949 -0.5709 0.4921, 2.1063 -0.4595 0.4921, 1.3543 -0.5709 0.2756, 1.3543 -0.5709 0.4921, 1.3543 -0.689 0.2756, 1.3543 -0.689 0.4921, -1.3878 0.5845 0.4331, -1.3878 0.6102 0.4331, -2.0374 0.5845 0.4331, -2.0374 0.6102 0.4331, 1.437 -0.9646 1.4764, 1.437 -1.0039 1.4764, 1.8307 -0.9646 1.4764, 1.8307 -1.0039 1.4764, 1.8307 -1.0039 1.3779, 1.437 -1.0039 1.3779, -1.3878 0.4724 1.752, -1.3878 0.4724 1.4468, -2.0374 0.4724 1.752, -2.0374 0.4724 1.4468, 0.0295 0.4724 1.752, 0.0295 0.4724 1.4468, -0.6201 0.4724 1.752, -0.6201 0.4724 1.4468, 2.1063 -0.374 1.3779, 2.1063 -0.374 1.752, 2.2441 -0.374 1.3779, 2.2441 -0.374 1.752, 1.437 -0.9646 1.752, 1.8307 -0.9646 1.752, -2.0374 -0.3937 1.752, -2.0374 -0.3937 1.4468, -1.3878 -0.3937 1.752, -1.3878 -0.3937 1.4468, -2.1555 -1.0039 0.1575, -2.1555 -1.0039 1.752, -2.1063 -1.0039 0.1575, -2.1063 -1.0039 1.752, -2.1063 -1.1417 0.0197, -2.1063 -1.1417 1.752, -2.5 -1.1417 0.0197, -2.5 -1.1417 1.752, -2.5 -0.4281 1.752, -2.5 0.5069 1.752, -2.5 -0.2973 1.8107, -2.5 0.376 1.8107, -2.5 0.2103 1.8551, -2.5 0.0394 1.8701, -2.5 -0.1315 1.8551, 2.1063 0.4528 1.752, 2.1063 0.4528 1.4961, 2.2441 0.4528 1.752, 2.2441 0.4528 1.4961, 2.2441 1.0039 1.4961, 1.0039 0.8858 1.4961, 1.0039 1.0039 1.4961, 2.0194 0.8858 1.4961, 2.1063 0.7989 1.4961, -0.7382 1.0827 1.752, -0.689 1.0827 1.752, -0.689 1.2205 1.752, -0.6201 0.9646 1.752, -0.7382 0.9646 1.752, -2.0374 0.9646 1.752, -2.1555 0.9646 1.752, -1.3189 1.2205 1.752, -1.3189 1.0827 1.752, -1.1516 1.0827 1.752, -1.3878 0.9646 1.752, -1.1516 0.9646 1.752, 0.2657 0.9646 1.752, 0.0295 0.9646 1.752, -2.1555 -0.8858 1.752, -2.0374 -0.8858 1.752, 0.0984 1.0827 1.752, 0.2657 1.0827 1.752, -2.1063 1.0827 1.752, -2.1063 1.2205 1.752, -2.1555 1.0827 1.752, -2.5 1.2205 1.752, -1.3878 -0.8858 1.752, -1.1516 -0.8858 1.752, -1.3189 -1.0039 1.752, -1.1516 -1.0039 1.752, 1.3543 -0.5709 1.3779, 2.1063 -0.4595 1.3779, 1.9949 -0.5709 1.3779, 1.9949 -0.5709 1.2795, 2.1063 -0.4595 1.2795, 1.3543 -0.5709 1.2795, 2.2441 0.4528 0.0197, 2.2441 0.4528 0.2756, 2.1063 0.4528 0.0197, 2.1063 0.4528 0.2756, 0.9947 -0.8858 0.0984, 0.9947 -0.8858 0.0197, 0.9947 -0.3543 0.0984, 0.9947 -0.3543 0.0197, 1.4911 -0.3543 0.0984, 1.4911 -0.8858 0.0984, 1.4911 -0.3543 0.0197, 1.4911 -0.8858 0.0197, 2.1063 -0.374 0.0197, 2.1063 -0.374 0.2756, 2.2441 -0.374 0.0197, 2.2441 -0.374 0.2756, 2.2441 0.8858 0.0197, 2.2441 0.8858 0.2756, 0.8858 0.0394 0.0197, 0.8858 0.0394 -0.1772, 0.8912 -0.0014 -0.1772, 0.8912 -0.0014 0.0197, 0.9069 -0.0394 -0.1772, 0.9069 -0.0394 0.0197, 0.932 -0.072 -0.1772, 0.932 -0.072 0.0197, 0.9646 -0.097 -0.1772, 0.9646 -0.097 0.0197, 1.0025 -0.1127 -0.1772, 1.0025 -0.1127 0.0197, 1.0433 -0.1181 -0.1772, 1.0433 -0.1181 0.0197, 1.0841 -0.1127 -0.1772, 1.0841 -0.1127 0.0197, 1.122 -0.097 -0.1772, 1.122 -0.097 0.0197, 1.1547 -0.072 -0.1772, 1.1547 -0.072 0.0197, 1.1797 -0.0394 -0.1772, 1.1797 -0.0394 0.0197, 1.1954 -0.0014 -0.1772, 1.1954 -0.0014 0.0197, 1.2008 0.0394 -0.1772, 1.2008 0.0394 0.0197, 0.8878 0.0394 -0.1947, 0.8931 -0.0009 -0.1947, 0.8936 0.0394 -0.2113, 0.8987 0.0006 -0.2113, 0.903 0.0394 -0.2263, 0.9078 0.0031 -0.2263, 0.9155 0.0394 -0.2387, 0.9198 0.0063 -0.2387, 0.9304 0.0394 -0.2481, 0.9343 0.0101 -0.2481, 0.947 0.0394 -0.2539, 0.9503 0.0145 -0.2539, 0.9646 0.0394 -0.2559, 0.9673 0.019 -0.2559, 0.9751 0.0 -0.2559, 0.9599 -0.0088 -0.2539, 0.9876 -0.0163 -0.2559, 0.9752 -0.0287 -0.2539, 1.0039 -0.0288 -0.2559, 0.9952 -0.044 -0.2539, 1.0229 -0.0367 -0.2559, 1.0184 -0.0536 -0.2539, 1.0433 -0.0394 -0.2559, 1.0433 -0.0569 -0.2539, 1.0637 -0.0367 -0.2559, 1.0682 -0.0536 -0.2539, 1.0827 -0.0288 -0.2559, 1.0914 -0.044 -0.2539, 1.099 -0.0163 -0.2559, 1.1114 -0.0287 -0.2539, 1.1115 0.0 -0.2559, 1.1267 -0.0088 -0.2539, 1.1194 0.019 -0.2559, 1.1363 0.0145 -0.2539, 1.122 0.0394 -0.2559, 1.1396 0.0394 -0.2539, 0.9455 -0.0171 -0.2481, 0.9635 -0.0405 -0.2481, 0.9869 -0.0584 -0.2481, 1.0141 -0.0697 -0.2481, 1.0433 -0.0735 -0.2481, 1.0725 -0.0697 -0.2481, 1.0998 -0.0584 -0.2481, 1.1231 -0.0405 -0.2481, 1.1411 -0.0171 -0.2481, 1.1524 0.0101 -0.2481, 1.1562 0.0394 -0.2481, 0.9326 -0.0245 -0.2387, 0.9529 -0.051 -0.2387, 0.9794 -0.0713 -0.2387, 1.0102 -0.0841 -0.2387, 1.0433 -0.0885 -0.2387, 1.0764 -0.0841 -0.2387, 1.1072 -0.0713 -0.2387, 1.1337 -0.051 -0.2387, 1.154 -0.0245 -0.2387, 1.1668 0.0063 -0.2387, 1.1711 0.0394 -0.2387, 0.9218 -0.0308 -0.2263, 0.9441 -0.0598 -0.2263, 0.9732 -0.0821 -0.2263, 1.007 -0.0962 -0.2263, 1.0433 -0.1009 -0.2263, 1.0796 -0.0962 -0.2263, 1.1135 -0.0821 -0.2263, 1.1425 -0.0598 -0.2263, 1.1648 -0.0308 -0.2263, 1.1788 0.0031 -0.2263, 1.1836 0.0394 -0.2263, 0.9137 -0.0355 -0.2113, 0.9375 -0.0665 -0.2113, 0.9685 -0.0903 -0.2113, 1.0046 -0.1052 -0.2113, 1.0433 -0.1103 -0.2113, 1.082 -0.1052 -0.2113, 1.1181 -0.0903 -0.2113, 1.1491 -0.0665 -0.2113, 1.1729 -0.0355 -0.2113, 1.1879 0.0006 -0.2113, 1.193 0.0394 -0.2113, 0.9086 -0.0384 -0.1947, 0.9333 -0.0706 -0.1947, 0.9656 -0.0953 -0.1947, 1.0031 -0.1108 -0.1947, 1.0433 -0.1161 -0.1947, 1.0836 -0.1108 -0.1947, 1.1211 -0.0953 -0.1947, 1.1533 -0.0706 -0.1947, 1.178 -0.0384 -0.1947, 1.1935 -0.0009 -0.1947, 1.1988 0.0394 -0.1947, 0.9751 0.0787 -0.2559, 1.1194 0.0597 -0.2559, 0.9673 0.0597 -0.2559, 1.0039 0.1076 -0.2559, 1.0827 0.1076 -0.2559, 1.099 0.095 -0.2559, 1.0229 0.1154 -0.2559, 1.0433 0.1181 -0.2559, 1.0637 0.1154 -0.2559, 0.9876 0.095 -0.2559, 1.1115 0.0787 -0.2559, 0.2657 0.9646 0.1575, 0.2657 1.0827 0.1575, 0.0984 0.9646 0.1575, 0.0984 1.0827 0.1575, 0.0984 0.9646 0.0197, 1.6142 0.8858 0.0197, 1.6142 1.0039 0.2756, 1.6142 0.8858 0.2756, 1.6142 1.0039 0.2165, 1.6142 1.0827 0.1378, 2.2441 1.0827 0.1378, 2.2441 1.0039 0.2165, 1.0039 0.8858 0.2756, 1.0039 1.0039 0.2756, -0.1378 -0.8858 0.2756, -0.1378 -1.0039 0.2756, 0.9646 -0.8858 0.2756, 0.9646 -1.0039 0.2756, 2.1063 0.7989 0.2756, 2.0194 0.8858 0.2756, 2.2441 -0.689 0.2756, 2.2441 -0.8858 0.4921, -0.1378 -0.8858 0.4921, 0.9646 -0.8858 0.0197, 2.2441 -0.8858 0.0197, 2.2441 -0.689 0.4921, -2.0374 -0.5058 0.4331, -2.0374 -0.5315 0.4331, -1.3878 -0.5058 0.4331, -1.3878 -0.5315 0.4331, -0.4921 -1.0039 0.4921, -0.4921 -0.5499 0.4921, -0.4921 -0.5743 0.5315, -0.4921 -0.5499 1.2795, -0.4921 -1.0039 1.2795, -0.4921 -0.5743 1.2402, -0.4921 -0.6346 1.1048, -0.4921 -0.6346 0.6668, -0.4921 -0.6654 0.8117, -0.4921 -0.6654 0.9599, -0.1378 -1.0039 1.2795, 2.1063 -0.4269 1.2795, 0.6496 -0.5499 1.2795, 0.7107 -0.4875 1.2795, 0.7677 -0.4269 1.2795, 0.7677 -0.4269 0.4921, 2.1063 -0.4269 0.4921, -0.1378 -1.0039 0.4921, 0.6496 -0.5499 0.4921, 0.7107 -0.4875 0.4921, -0.1378 -1.0039 1.3779, -1.2428 0.0598 -0.2559, -1.2419 0.0526 -0.2559, -1.3976 0.0394 -0.2559, -1.2402 0.0394 -0.2559, -1.2424 0.0205 -0.2559, -1.3772 0.0916 -0.2559, -1.3746 0.095 -0.2559, -1.3664 0.1013 -0.2559, -1.2985 0.1154 -0.2559, -1.2836 0.1093 -0.2559, -1.2795 0.1076 -0.2559, -1.3583 0.1076 -0.2559, -1.3778 -0.0128 -0.2559, -1.3886 0.0028 -0.2559, -1.3953 0.0205 -0.2559, -1.3542 0.1093 -0.2559, -1.3393 0.1154 -0.2559, -1.3262 0.1172 -0.2559, -1.3189 0.1181 -0.2559, -1.3116 0.1172 -0.2559, -1.2714 0.1013 -0.2559, -1.2632 0.095 -0.2559, -1.2606 0.0916 -0.2559, -1.2507 0.0787 -0.2559, -1.2457 0.0666 -0.2559, -1.3959 0.0526 -0.2559, -1.395 0.0597 -0.2559, -1.3921 0.0666 -0.2559, -1.3871 0.0787 -0.2559, -1.3094 -0.0388 -0.2559, -1.3284 -0.0388 -0.2559, -1.3468 -0.0343 -0.2559, -1.2492 0.0028 -0.2559, -1.26 -0.0128 -0.2559, -1.2742 -0.0254 -0.2559, -1.291 -0.0343 -0.2559, -1.3636 -0.0254 -0.2559, -1.3363 0.1946 -0.1772, -1.3334 0.1949 -0.1772, -1.3335 0.1951 -0.1903, -1.2285 0.1668 -0.1772, -1.2239 0.1633 -0.1772, -1.2238 0.1635 -0.1903, -1.2225 0.0394 -0.2539, -1.227 0.0394 -0.2544, -1.2283 0.0549 -0.2548, -1.2058 0.0394 -0.248, -1.2137 0.0394 -0.2508, -1.2151 0.0571 -0.2513, -1.2027 0.0593 -0.2455, -1.2012 0.0394 -0.2451, -1.1915 0.0612 -0.2375, -1.1908 0.0394 -0.2385, -1.1783 0.0394 -0.2259, -1.18 0.0394 -0.2276, -1.1818 0.0628 -0.2277, -1.169 0.0394 -0.2109, -1.1722 0.0394 -0.2161, -1.174 0.0642 -0.2163, -1.1633 0.0394 -0.1941, -1.1665 0.0394 -0.2036, -1.1682 0.0652 -0.2038, -1.1648 0.0658 -0.1903, -1.1628 0.0394 -0.1903, -1.1614 0.0394 -0.1772, -1.1649 0.0658 -0.1772, -1.166 0.0743 -0.1772, -1.1844 0.1205 -0.1772, -1.1825 0.1181 -0.1772, -1.185 0.1202 -0.1903, -1.1791 0.11 -0.1772, -1.1724 0.0939 -0.1903, -1.1725 0.0938 -0.1772, -1.1668 0.0801 -0.1772, -1.2004 0.1414 -0.1772, -1.2024 0.1437 -0.1903, -1.2023 0.1438 -0.1772, -1.2075 0.1507 -0.1772, -1.2402 0.1758 -0.1772, -1.2485 0.179 -0.1903, -1.2483 0.1791 -0.1772, -1.3044 0.1949 -0.1772, -1.2985 0.1942 -0.1772, -1.3043 0.1951 -0.1903, -1.2781 0.1915 -0.1772, -1.2756 0.1896 -0.1903, -1.2755 0.1904 -0.1772, -1.2619 0.1847 -0.1772, -1.3189 0.1969 -0.1772, -1.3597 0.1915 -0.1772, -1.3622 0.1896 -0.1903, -1.3623 0.1904 -0.1772, -1.414 0.1635 -0.1903, -1.4139 0.1633 -0.1772, -1.4069 0.1686 -0.1772, -1.3893 0.179 -0.1903, -1.3976 0.1758 -0.1772, -1.3895 0.1791 -0.1772, -1.3732 0.1859 -0.1772, -1.4303 0.1507 -0.1772, -1.4354 0.1437 -0.1903, -1.4355 0.1438 -0.1772, -1.4575 0.1127 -0.1772, -1.4553 0.1181 -0.1772, -1.4528 0.1202 -0.1903, -1.4534 0.1205 -0.1772, -1.4356 0.1438 -0.1772, -1.4653 0.0938 -0.1772, -1.4654 0.0939 -0.1903, -1.471 0.0801 -0.1772, -1.473 0.0658 -0.1903, -1.4714 0.0772 -0.1772, -1.4729 0.0658 -0.1772, -1.475 0.0394 -0.1903, -1.4764 0.0394 -0.1772, -1.4696 0.0652 -0.2038, -1.4713 0.0394 -0.2036, -1.4745 0.0394 -0.1941, -1.4638 0.0642 -0.2163, -1.4656 0.0394 -0.2161, -1.4688 0.0394 -0.2109, -1.4351 0.0593 -0.2455, -1.4366 0.0394 -0.2451, -1.447 0.0394 -0.2385, -1.4227 0.0571 -0.2513, -1.4241 0.0394 -0.2508, -1.432 0.0394 -0.248, -1.4095 0.0549 -0.2548, -1.4108 0.0394 -0.2544, -1.4153 0.0394 -0.2539, -1.3976 0.0394 -0.2559, -1.405 0.0714 -0.2548, -1.3976 0.0869 -0.2548, -1.3874 0.1007 -0.2548, -1.3275 0.1309 -0.2548, -1.3443 0.1277 -0.2548, -1.3603 0.1214 -0.2548, -1.3748 0.1123 -0.2548, -1.3103 0.1309 -0.2548, -1.2935 0.1277 -0.2548, -1.2775 0.1214 -0.2548, -1.2328 0.0714 -0.2548, -1.2402 0.0869 -0.2548, -1.2504 0.1007 -0.2548, -1.263 0.1123 -0.2548, -1.1756 0.0927 -0.2038, -1.188 0.1184 -0.2038, -1.205 0.1413 -0.2038, -1.2259 0.1607 -0.2038, -1.2501 0.1759 -0.2038, -1.2766 0.1863 -0.2038, -1.3046 0.1916 -0.2038, -1.3332 0.1916 -0.2038, -1.3612 0.1863 -0.2038, -1.3877 0.1759 -0.2038, -1.4119 0.1607 -0.2038, -1.4328 0.1413 -0.2038, -1.4498 0.1184 -0.2038, -1.4622 0.0927 -0.2038, -1.1811 0.0907 -0.2163, -1.193 0.1154 -0.2163, -1.2093 0.1374 -0.2163, -1.2295 0.1561 -0.2163, -1.2527 0.1707 -0.2163, -1.2782 0.1807 -0.2163, -1.3052 0.1858 -0.2163, -1.3326 0.1858 -0.2163, -1.3596 0.1807 -0.2163, -1.3851 0.1707 -0.2163, -1.4083 0.1561 -0.2163, -1.4285 0.1374 -0.2163, -1.4448 0.1154 -0.2163, -1.4567 0.0907 -0.2163, -1.1885 0.0879 -0.2277, -1.1998 0.1113 -0.2277, -1.2152 0.1321 -0.2277, -1.2343 0.1498 -0.2277, -1.2563 0.1636 -0.2277, -1.2804 0.173 -0.2277, -1.3059 0.1779 -0.2277, -1.3319 0.1779 -0.2277, -1.3574 0.173 -0.2277, -1.3815 0.1636 -0.2277, -1.4035 0.1498 -0.2277, -1.4226 0.1321 -0.2277, -1.438 0.1113 -0.2277, -1.4493 0.0879 -0.2277, -1.456 0.0628 -0.2277, -1.4595 0.0394 -0.2259, -1.1977 0.0845 -0.2375, -1.2082 0.1062 -0.2375, -1.2226 0.1256 -0.2375, -1.2402 0.142 -0.2375, -1.2607 0.1548 -0.2375, -1.2831 0.1636 -0.2375, -1.3068 0.1681 -0.2375, -1.331 0.1681 -0.2375, -1.3547 0.1636 -0.2375, -1.3771 0.1548 -0.2375, -1.3975 0.142 -0.2375, -1.4152 0.1256 -0.2375, -1.4296 0.1062 -0.2375, -1.4401 0.0845 -0.2375, -1.4463 0.0612 -0.2375, -1.4578 0.0394 -0.2276, -1.2084 0.0805 -0.2455, -1.218 0.1003 -0.2455, -1.231 0.118 -0.2455, -1.2472 0.133 -0.2455, -1.2658 0.1447 -0.2455, -1.2863 0.1527 -0.2455, -1.3079 0.1568 -0.2455, -1.3299 0.1568 -0.2455, -1.3515 0.1527 -0.2455, -1.372 0.1447 -0.2455, -1.3906 0.133 -0.2455, -1.4068 0.118 -0.2455, -1.4198 0.1003 -0.2455, -1.4294 0.0805 -0.2455, -1.2202 0.0761 -0.2513, -1.2287 0.0938 -0.2513, -1.2404 0.1096 -0.2513, -1.2548 0.123 -0.2513, -1.2715 0.1334 -0.2513, -1.2898 0.1406 -0.2513, -1.3091 0.1442 -0.2513, -1.3287 0.1442 -0.2513, -1.348 0.1406 -0.2513, -1.3663 0.1334 -0.2513, -1.383 0.123 -0.2513, -1.3974 0.1096 -0.2513, -1.4091 0.0938 -0.2513, -1.4176 0.0761 -0.2513, -1.2253 0.0163 -0.2539, -1.4764 0.0394 -0.1772, -1.4721 0.0044 -0.1772, -1.47 0.0021 -0.1941, -1.4718 0.0017 -0.1772, -1.4592 -0.0315 -0.1772, -1.4567 -0.033 -0.1941, -1.4583 -0.0338 -0.1772, -1.4381 -0.0632 -0.1772, -1.4354 -0.0638 -0.1941, -1.4368 -0.0651 -0.1772, -1.4099 -0.0889 -0.1772, -1.4073 -0.0887 -0.1941, -1.4084 -0.0902 -0.1772, -1.3763 -0.107 -0.1772, -1.3741 -0.1062 -0.1941, -1.3747 -0.1079 -0.1772, -1.3394 -0.1166 -0.1772, -1.3377 -0.1151 -0.1941, -1.3379 -0.117 -0.1772, -1.3013 -0.117 -0.1772, -1.3001 -0.1151 -0.1941, -1.2999 -0.117 -0.1772, -1.2642 -0.1081 -0.1772, -1.2637 -0.1062 -0.1941, -1.2631 -0.1079 -0.1772, -1.2302 -0.0907 -0.1772, -1.2305 -0.0887 -0.1941, -1.2294 -0.0902 -0.1772, -1.2015 -0.0655 -0.1772, -1.2024 -0.0638 -0.1941, -1.201 -0.0651 -0.1772, -1.1797 -0.0342 -0.1772, -1.1811 -0.033 -0.1941, -1.1795 -0.0338 -0.1772, -1.1661 0.0015 -0.1772, -1.1678 0.0021 -0.1941, -1.166 0.0017 -0.1772, -1.1733 0.0035 -0.2109, -1.1862 -0.0303 -0.2109, -1.2067 -0.06 -0.2109, -1.2337 -0.084 -0.2109, -1.2657 -0.1008 -0.2109, -1.3008 -0.1094 -0.2109, -1.337 -0.1094 -0.2109, -1.3721 -0.1008 -0.2109, -1.4041 -0.084 -0.2109, -1.4311 -0.06 -0.2109, -1.4516 -0.0303 -0.2109, -1.4645 0.0035 -0.2109, -1.4554 0.0057 -0.2259, -1.4434 -0.026 -0.2259, -1.4241 -0.0538 -0.2259, -1.3987 -0.0763 -0.2259, -1.3687 -0.0921 -0.2259, -1.3358 -0.1002 -0.2259, -1.302 -0.1002 -0.2259, -1.2691 -0.0921 -0.2259, -1.239 -0.0763 -0.2259, -1.2137 -0.0538 -0.2259, -1.1944 -0.026 -0.2259, -1.1824 0.0057 -0.2259, -1.1945 0.0087 -0.2385, -1.2055 -0.0202 -0.2385, -1.223 -0.0456 -0.2385, -1.2461 -0.066 -0.2385, -1.2735 -0.0804 -0.2385, -1.3035 -0.0878 -0.2385, -1.3343 -0.0878 -0.2385, -1.3643 -0.0804 -0.2385, -1.3917 -0.066 -0.2385, -1.4148 -0.0456 -0.2385, -1.4323 -0.0202 -0.2385, -1.4433 0.0087 -0.2385, -1.4287 0.0123 -0.248, -1.419 -0.0132 -0.248, -1.4035 -0.0356 -0.248, -1.3831 -0.0537 -0.248, -1.359 -0.0664 -0.248, -1.3325 -0.0729 -0.248, -1.3053 -0.0729 -0.248, -1.2788 -0.0664 -0.248, -1.2547 -0.0537 -0.248, -1.2342 -0.0356 -0.248, -1.2188 -0.0132 -0.248, -1.2091 0.0123 -0.248, -1.2336 -0.0054 -0.2539, -1.2468 -0.0245 -0.2539, -1.2642 -0.0399 -0.2539, -1.2847 -0.0507 -0.2539, -1.3073 -0.0563 -0.2539, -1.3305 -0.0563 -0.2539, -1.3531 -0.0507 -0.2539, -1.3736 -0.0399 -0.2539, -1.391 -0.0245 -0.2539, -1.4042 -0.0054 -0.2539, -1.4125 0.0163 -0.2539, -1.2402 0.0394 -0.2559, -3.3465 0.193 0.1136, -3.3465 0.0394 0.0984, -3.2677 0.0394 0.1772, -3.2677 0.1776 0.1908, -3.2677 0.1865 0.1935, -3.3465 0.3407 0.1584, -3.2677 0.3106 0.2311, -3.2677 0.3269 0.2398, -3.3465 0.4768 0.2311, -3.2677 0.4331 0.2966, -3.2677 0.4545 0.3142, -3.3465 0.5961 0.329, -3.2677 0.5405 0.3847, -3.2677 0.5639 0.4133, -3.3465 0.6941 0.4484, -3.2677 0.6286 0.4921, -3.2677 0.6504 0.5329, -3.3465 0.7668 0.5845, -3.2677 0.6941 0.6146, -3.2677 0.7102 0.6678, -3.3465 0.8116 0.7322, -3.2677 0.7344 0.7476, -3.2677 0.7408 0.8121, -3.3465 0.8268 0.8858, -3.2677 0.748 0.8858, -3.3465 0.8116 1.0394, -3.2677 0.7408 0.9596, -3.2677 0.7344 1.0241, -3.2677 0.7102 1.1039, -3.3465 0.7668 1.1871, -3.2677 0.6941 1.157, -3.2677 0.6504 1.2387, -3.3465 0.6941 1.3233, -3.2677 0.6286 1.2795, -3.2677 0.5639 1.3583, -3.3465 0.5961 1.4426, -3.2677 0.5405 1.3869, -3.2677 0.4545 1.4575, -3.3465 0.4768 1.5405, -3.2677 0.4331 1.4751, -3.2677 0.3269 1.5318, -3.3465 0.3407 1.6133, -3.2677 0.0394 1.5945, -3.3465 0.0394 1.6732, -3.2677 0.1776 1.5809, -3.3465 0.193 1.6581, -3.2677 0.1865 1.5782, -3.2677 0.3106 1.5405, -3.3465 0.0394 -0.0197, -3.3438 0.0394 -0.0401, -3.3438 -0.0767 -0.0328, -3.3359 0.0394 -0.0591, -3.3359 -0.0791 -0.0516, -3.3234 0.0394 -0.0754, -3.3234 -0.0811 -0.0678, -3.3071 0.0394 -0.0879, -3.3071 -0.0827 -0.0802, -3.2881 0.0394 -0.0957, -3.2881 -0.0837 -0.088, -3.2677 -0.2968 -0.0378, -3.2881 -0.322 -0.0268, -3.2677 -0.2054 -0.0675, -3.2881 -0.2047 -0.0649, -3.2677 -0.1312 -0.0817, -3.2677 -0.084 -0.0907, -3.2677 0.0394 -0.0984, -3.2677 -0.323 -0.0293, -3.2677 -0.4348 0.0233, -3.2881 -0.4335 0.0257, -3.2677 -0.4522 0.0343, -3.2881 -0.5376 0.0917, -3.2677 -0.5392 0.0895, -3.2881 -0.6326 0.1703, -3.2677 -0.5921 0.1333, -3.2677 -0.6344 0.1683, -3.2677 -0.7143 0.2534, -3.2881 -0.7169 0.2601, -3.2677 -0.719 0.2584, -3.2677 -0.7917 0.3584, -3.2881 -0.7894 0.3599, -3.2677 -0.8115 0.3945, -3.2881 -0.8488 0.4679, -3.2677 -0.8512 0.4667, -3.2881 -0.8942 0.5825, -3.2677 -0.8841 0.5498, -3.2677 -0.8967 0.5817, -3.2677 -0.9274 0.7014, -3.2881 -0.9248 0.7019, -3.2677 -0.9292 0.715, -3.2881 -0.9403 0.8242, -3.2677 -0.9429 0.824, -3.2677 -0.9429 0.8858, -3.2881 -0.9403 0.9475, -3.2677 -0.9429 0.9476, -3.2881 -0.9248 1.0697, -3.2677 -0.9292 1.0566, -3.2677 -0.9274 1.0703, -3.2677 -0.8967 1.19, -3.2881 -0.8942 1.1891, -3.2677 -0.8841 1.2219, -3.2881 -0.8488 1.3038, -3.2677 -0.8512 1.3049, -3.2881 -0.7894 1.4118, -3.2677 -0.8115 1.3771, -3.2677 -0.7917 1.4132, -3.2677 -0.719 1.5132, -3.2881 -0.7169 1.5115, -3.2677 -0.7143 1.5182, -3.2881 -0.6326 1.6014, -3.2677 -0.6344 1.6033, -3.2677 -0.5921 1.6383, -3.2881 -0.5376 1.6799, -3.2677 -0.5392 1.6821, -3.2881 -0.4335 1.746, -3.2677 -0.4522 1.7373, -3.2677 -0.4348 1.7483, -3.2677 -0.323 1.801, -3.2881 -0.322 1.7985, -3.2677 -0.2968 1.8094, -3.2881 -0.2047 1.8366, -3.2677 -0.2054 1.8392, -3.2881 -0.0837 1.8597, -3.2677 -0.1312 1.8533, -3.2677 -0.084 1.8623, -3.2677 0.0394 1.8701, -3.2881 0.0394 1.8674, -3.3071 -0.2028 -0.0573, -3.3071 -0.3191 -0.0195, -3.3071 -0.4297 0.0326, -3.3071 -0.533 0.0981, -3.3071 -0.6272 0.176, -3.3071 -0.7109 0.2652, -3.3071 -0.7828 0.3641, -3.3071 -0.8417 0.4712, -3.3071 -0.8867 0.5849, -3.3071 -0.9171 0.7034, -3.3071 -0.9324 0.8247, -3.3071 -0.9324 0.947, -3.3071 -0.9171 1.0683, -3.3071 -0.8867 1.1867, -3.3071 -0.8417 1.3004, -3.3071 -0.7828 1.4076, -3.3071 -0.7109 1.5065, -3.3071 -0.6272 1.5956, -3.3071 -0.533 1.6736, -3.3071 -0.4297 1.7391, -3.3071 -0.3191 1.7911, -3.3071 -0.2028 1.8289, -3.3071 -0.0827 1.8518, -3.3071 0.0394 1.8595, -3.3234 -0.1997 -0.0452, -3.3234 -0.3145 -0.0079, -3.3234 -0.4237 0.0435, -3.3234 -0.5256 0.1082, -3.3234 -0.6186 0.1851, -3.3234 -0.7012 0.2731, -3.3234 -0.7722 0.3708, -3.3234 -0.8303 0.4766, -3.3234 -0.8748 0.5888, -3.3234 -0.9048 0.7057, -3.3234 -0.9199 0.8255, -3.3234 -0.9199 0.9462, -3.3234 -0.9048 1.0659, -3.3234 -0.8748 1.1828, -3.3234 -0.8303 1.2951, -3.3234 -0.7722 1.4009, -3.3234 -0.7012 1.4985, -3.3234 -0.6186 1.5865, -3.3234 -0.5256 1.6634, -3.3234 -0.4237 1.7281, -3.3234 -0.3145 1.7795, -3.3234 -0.1997 1.8168, -3.3234 -0.0811 1.8394, -3.3234 0.0394 1.847, -3.3359 -0.1956 -0.0294, -3.3359 -0.3085 0.0073, -3.3359 -0.4158 0.0578, -3.3359 -0.516 0.1214, -3.3359 -0.6074 0.197, -3.3359 -0.6887 0.2835, -3.3359 -0.7584 0.3795, -3.3359 -0.8156 0.4835, -3.3359 -0.8593 0.5938, -3.3359 -0.8888 0.7088, -3.3359 -0.9036 0.8265, -3.3359 -0.9036 0.9452, -3.3359 -0.8888 1.0629, -3.3359 -0.8593 1.1778, -3.3359 -0.8156 1.2881, -3.3359 -0.7584 1.3921, -3.3359 -0.6887 1.4881, -3.3359 -0.6074 1.5746, -3.3359 -0.516 1.6502, -3.3359 -0.4158 1.7138, -3.3359 -0.3085 1.7644, -3.3359 -0.1956 1.801, -3.3359 -0.0791 1.8233, -3.3359 0.0394 1.8307, -3.3438 -0.1909 -0.011, -3.3438 -0.3015 0.025, -3.3438 -0.4067 0.0745, -3.3438 -0.5049 0.1368, -3.3438 -0.5944 0.2109, -3.3438 -0.674 0.2956, -3.3438 -0.7424 0.3897, -3.3438 -0.7984 0.4916, -3.3438 -0.8412 0.5997, -3.3438 -0.8701 0.7123, -3.3438 -0.8847 0.8277, -3.3438 -0.8847 0.944, -3.3438 -0.8701 1.0593, -3.3438 -0.8412 1.1719, -3.3438 -0.7984 1.28, -3.3438 -0.7424 1.3819, -3.3438 -0.674 1.476, -3.3438 -0.5944 1.5608, -3.3438 -0.5049 1.6349, -3.3438 -0.4067 1.6972, -3.3438 -0.3015 1.7467, -3.3438 -0.1909 1.7826, -3.3438 -0.0767 1.8044, -3.3438 0.0394 1.8117, -3.3465 -0.0741 -0.0125, -3.3465 -0.1858 0.0088, -3.3465 -0.294 0.0439, -3.3465 -0.3969 0.0923, -3.3465 -0.4929 0.1532, -3.3465 -0.5805 0.2257, -3.3465 -0.6583 0.3086, -3.3465 -0.7252 0.4006, -3.3465 -0.78 0.5003, -3.3465 -0.8218 0.606, -3.3465 -0.8501 0.7161, -3.3465 -0.8644 0.829, -3.3465 -0.8644 0.9427, -3.3465 -0.8501 1.0555, -3.3465 -0.8218 1.1656, -3.3465 -0.78 1.2714, -3.3465 -0.7252 1.371, -3.3465 -0.6583 1.463, -3.3465 -0.5805 1.5459, -3.3465 -0.4929 1.6184, -3.3465 -0.3969 1.6793, -3.3465 -0.294 1.7277, -3.3465 -0.1858 1.7629, -3.3465 -0.0741 1.7842, -3.3465 0.0394 1.7913, -0.7382 0.9646 0.1575, -0.7382 1.0827 0.1575, -0.1654 0.9488 0.0945, -0.1654 0.9055 0.0945, -0.6201 0.9488 0.0945, -0.6575 0.9055 0.0945, -0.6201 0.9646 0.0945, -0.6575 0.9646 0.0945, -0.6201 0.6531 0.5315, -0.6201 0.5845 0.4331, -0.6201 0.6102 0.4331, -0.6201 0.566 1.36, -0.6201 0.6531 1.2402, -0.6201 0.7441 0.8117, -0.6201 0.7441 0.9599, -0.6201 0.7133 1.1048, -0.6201 0.7133 0.6668, -0.689 1.0827 0.1575, -0.689 0.9646 0.1575, -1.3189 1.0827 0.1575, -1.1516 1.0827 0.1575, -1.3878 0.7133 0.6668, -1.3878 0.9646 0.0787, -1.3878 0.6531 0.5315, -1.3878 0.7441 0.8117, -1.3878 0.7441 0.9599, -1.3878 0.7133 1.1048, -1.3878 0.566 1.36, -1.3878 0.6531 1.2402, -2.0374 0.9488 0.0945, -1.5906 0.9488 0.0945, -1.5906 0.9646 0.0787, -1.1516 0.9646 0.1575, -1.3189 0.9646 0.1575, -2.1555 0.9646 0.1575, -2.1555 1.0827 0.1575, -1.5906 0.9055 0.0945, -2.063 0.9055 0.0945, -2.0374 0.9646 0.0945, -2.063 0.9646 0.0945, -2.0374 0.6531 0.5315, -2.0374 0.566 1.36, -2.0374 0.6531 1.2402, -2.0374 0.7441 0.8117, -2.0374 0.7441 0.9599, -2.0374 0.7133 1.1048, -2.0374 0.7133 0.6668, -2.1063 1.0827 0.1575, -2.1063 0.9646 0.1575, -2.5 -0.4528 1.7382, -2.5 -0.5933 1.6398, -2.5 -0.7146 1.5185, -2.5 -0.813 1.3779, -2.5 -0.8855 1.2225, -2.5 -0.9299 1.0567, -2.5 -0.9449 0.8858, -2.5 -0.9299 0.7149, -2.5 -0.8855 0.5492, -2.5 -0.813 0.3937, -2.5 -0.7146 0.2532, -2.5 -0.5933 0.1318, -2.5 -0.2973 -0.0391, -2.5 -0.4281 0.0197, -2.5 -0.4528 0.0334, -2.5 -0.1315 -0.0835, -2.5 0.0394 -0.0984, -0.1654 0.9055 0.0197, -0.6575 0.9055 0.0197, -0.6575 0.9646 0.0197, -0.689 0.9646 0.0197, -0.689 1.2205 0.0197, -1.3189 1.2205 0.0197, -1.3189 0.9646 0.0197, -1.5906 0.9646 0.0197, -1.5906 0.9055 0.0197, -2.063 0.9055 0.0197, -2.063 0.9646 0.0197, -2.1063 0.9646 0.0197, -2.1063 1.2205 0.0197, -2.5 1.2205 0.0197, -2.5 0.672 0.1318, -2.5 0.5315 0.0334, -2.5 0.5069 0.0197, -2.5 0.7934 0.2532, -2.5 0.8918 0.3937, -2.5 0.9643 0.5492, -2.5 1.0087 1.0567, -2.5 1.0236 0.8858, -2.5 1.0087 0.7149, -2.5 0.9643 1.2225, -2.5 0.8918 1.3779, -2.5 0.7934 1.5185, -2.5 0.672 1.6398, -2.5 0.5315 1.7382, -2.5 0.376 -0.0391, -2.5 0.2103 -0.0835, -2.0622 -0.3543 0.0984, -2.0622 -0.3543 0.0197, -1.3341 -0.3543 0.0984, -1.3341 -0.3543 0.0197, -1.4724 0.0043 0.0197, -1.4764 0.0394 0.0197, -1.4595 -0.0316 0.0197, -1.4383 -0.0633 0.0197, -1.41 -0.0891 0.0197, -1.3764 -0.1072 0.0197, -1.3395 -0.1168 0.0197, -1.3013 -0.1171 0.0197, -1.2641 -0.1083 0.0197, -1.2302 -0.0907 0.0197, -1.2015 -0.0656 0.0197, -1.1797 -0.0342 0.0197, -1.166 0.0015 0.0197, -1.1614 0.0394 0.0197, -1.1614 0.0394 -0.1772, -2.0374 -0.5743 0.5315, -2.0374 -0.8661 0.0984, -2.0374 -0.8858 0.0984, -2.0374 -0.6346 0.6668, -2.0374 -0.6654 0.8117, -2.0374 -0.6654 0.9599, -2.0374 -0.6346 1.1048, -2.0374 -0.4873 1.36, -2.0374 -0.5743 1.2402, -2.0622 -0.8858 0.0984, -2.0622 -0.8858 0.0197, -0.1654 0.9646 0.0787, -0.1654 0.9646 0.0197, -1.3341 -0.8858 0.0984, -1.3341 -0.8858 0.0197, -1.1516 -1.0039 0.1575, -1.1516 -0.8858 0.1575, -1.3189 -1.0039 0.1575, -1.3189 -0.8858 0.1575, -1.3878 -0.8858 0.0984, -1.3189 -0.8858 0.0197, -1.3878 -0.8661 0.0984, -1.3878 -0.5743 0.5315, -1.3878 -0.6654 0.8117, -1.3878 -0.6654 0.9599, -1.3878 -0.6346 1.1048, -1.3878 -0.5743 1.2402, -1.3878 -0.4873 1.36, -1.3878 -0.6346 0.6668, -2.1063 -0.8858 0.1575, -2.1063 -0.8858 0.0197, -2.1555 -0.8858 0.1575, -3.3465 -0.1142 1.6581, -3.3465 -0.3981 1.5405, -3.3465 -0.262 1.6133, -3.3465 -0.6153 1.3233, -3.3465 -0.5174 1.4426, -3.3465 -0.7329 1.0394, -3.3465 -0.6881 1.1871, -3.3465 -0.262 0.1584, -3.3465 -0.3981 0.2311, -3.3465 -0.5174 0.329, -3.3465 0.9431 0.829, -3.3465 0.9006 1.1656, -3.3465 0.9288 1.0555, -3.3465 0.9431 0.9427, -3.3465 0.4756 1.6793, -3.3465 0.5716 1.6184, -3.3465 0.1529 1.7842, -3.3465 0.2646 1.7629, -3.3465 0.3727 1.7277, -3.3465 -0.7329 0.7322, -3.3465 -0.748 0.8858, -3.3465 0.7371 0.3086, -3.3465 0.6592 0.2257, -3.3465 0.9288 0.7161, -3.3465 0.9006 0.606, -3.3465 0.8587 0.5003, -3.3465 0.8039 0.4006, -3.3465 0.6592 1.5459, -3.3465 0.7371 1.463, -3.3465 0.8039 1.371, -3.3465 0.8587 1.2714, -3.3465 -0.1142 0.1136, -3.3465 -0.6881 0.5845, -3.3465 -0.6153 0.4484, -3.3465 0.1529 -0.0125, -3.3465 0.5716 0.1532, -3.3465 0.4756 0.0923, -3.3465 0.3727 0.0439, -3.3465 0.2646 0.0088, 0.0295 0.5845 0.4331, 0.0295 0.6102 0.4331, 2.1063 0.7989 1.1614, 2.0194 0.8858 1.1614, 0.6496 0.566 0.4116, 0.0295 0.6531 0.5315, 0.6496 0.6531 0.5315, 0.0295 0.7133 0.6668, 0.6496 0.7133 0.6668, 0.0295 0.7441 0.8117, 0.6496 0.7441 0.8117, 0.0295 0.7441 0.9599, 0.6496 0.7441 0.9599, 0.0295 0.7133 1.1048, 0.6496 0.7133 1.1048, 0.0295 0.6531 1.2402, 0.6496 0.6531 1.2402, 0.0295 0.566 1.36, 0.6496 0.566 1.36, 0.6496 0.4559 1.4591, 0.6496 0.1867 0.1926, 0.6496 0.0394 0.1772, 0.6496 0.4559 0.3125, 0.6496 0.3276 0.2384, 0.6496 0.3276 1.5332, 0.6496 0.1867 1.579, 0.6496 0.0394 1.5945, 0.0295 0.9646 0.0787, 0.7677 -0.3942 1.3153, 0.7107 -0.4875 1.2795, 0.7677 0.0394 1.4961, 0.6496 -0.0997 1.5807, 0.7677 -0.0804 1.4842, 0.6496 -0.1077 1.5782, 0.7677 -0.0919 1.4807, 0.6496 -0.2334 1.5399, 0.7677 -0.1955 1.4491, 0.6496 -0.2482 1.5319, 0.7677 -0.2168 1.4376, 0.6496 -0.3564 1.4737, 0.7677 -0.3015 1.392, 0.6496 -0.3759 1.4576, 0.7677 -0.3294 1.3689, 0.6496 -0.4641 1.3845, 0.6496 -0.4854 1.3585, 2.1063 -0.331 1.3708, 2.1063 -0.2177 1.4393, 2.1063 -0.0922 1.4817, 2.1063 0.0394 1.4961, 2.1063 0.7677 1.1614, 2.1063 -0.331 0.4008, 2.1063 -0.2177 0.3324, 2.1063 -0.0922 0.2899, 2.1063 0.0394 0.2756, 2.1063 0.1752 1.4808, 2.1063 0.5892 0.6211, 2.1063 0.5165 0.5053, 2.1063 0.7677 0.4921, 2.1063 0.7989 0.4921, 2.1063 0.3041 1.4356, 2.1063 0.4198 1.3629, 2.1063 0.5165 1.2663, 2.1063 0.5892 1.1506, 2.1063 0.4198 0.4087, 2.1063 0.3041 0.336, 2.1063 0.1752 0.2909, 2.1063 0.6343 1.0216, 2.1063 0.6496 0.8858, 2.1063 0.6343 0.75, 2.0194 0.8858 0.4921, 1.0039 0.8858 0.4921, 1.0039 0.7677 0.4921, 1.0039 0.7677 1.1614, 1.0039 0.8858 1.1614, 2.2441 -1.1024 1.3779, 2.1457 -1.0039 1.3779, 0.9646 -1.0827 0.1378, 2.2244 -1.0827 0.1378, 2.2441 -1.1024 0.1378, 0.9646 -1.0039 0.2165, 2.1457 -1.0039 0.2165, 1.437 -1.0039 0.7874, 1.8307 -1.0039 0.7874, 1.437 -1.0039 0.7965, 1.437 -1.0039 0.7991, 1.437 -1.0039 1.0906, 1.437 -1.0039 1.0932, 1.437 -1.0039 1.269, -1.4717 0.0773 0.0197, 1.0025 0.1915 0.0197, 0.9646 0.1758 0.0197, 0.932 0.1507 0.0197, 1.0841 0.1915 0.0197, 1.0433 0.1969 0.0197, 0.9069 0.1181 0.0197, 0.8912 0.0801 0.0197, -1.3365 0.1959 0.0197, -1.3737 0.187 0.0197, -1.1783 0.1103 0.0197, -1.1995 0.1421 0.0197, -1.2278 0.1678 0.0197, -1.2613 0.186 0.0197, -1.2983 0.1955 0.0197, 1.122 0.1758 0.0197, -1.4076 0.1695 0.0197, -1.4363 0.1443 0.0197, -1.4581 0.113 0.0197, 1.1954 0.0801 0.0197, 1.1797 0.1181 0.0197, -1.1614 0.0394 0.0197, -1.1654 0.0744 0.0197, 1.1547 0.1507 0.0197, 1.437 -1.0039 1.0932, 1.437 -1.0039 1.0906, 1.437 -1.0039 0.7991, 1.437 -1.0039 0.7965, -3.2677 -0.4852 0.4133, -3.2677 -0.5499 0.4921, 0.6496 -0.4854 0.4132, -3.2677 -0.4617 1.3869, -3.2677 -0.3758 1.4575, -3.2677 -0.5717 0.5329, -3.2677 -0.6153 0.6146, -3.2677 -0.6315 0.6678, -3.2677 -0.6557 0.7476, -3.2677 -0.662 0.8121, -3.2677 -0.6693 0.8858, -3.2677 -0.662 0.9596, -3.2677 -0.6557 1.0241, -3.2677 -0.6315 1.1039, -3.2677 -0.6153 1.157, -3.2677 -0.5717 1.2387, -3.2677 -0.5499 1.2795, -3.2677 -0.4852 1.3583, -3.2677 -0.0989 1.5809, -3.2677 -0.1077 1.5782, -3.2677 -0.2318 1.5405, -3.2677 -0.2481 1.5318, -3.2677 -0.3543 1.4751, -3.2677 -0.4617 0.3847, 0.6496 -0.4641 0.3871, -3.2677 -0.3758 0.3142, 0.6496 -0.3759 0.3141, -3.2677 -0.3543 0.2966, 0.6496 -0.3564 0.298, -3.2677 -0.2481 0.2398, 0.6496 -0.2482 0.2397, -3.2677 -0.2318 0.2311, 0.6496 -0.2334 0.2317, -3.2677 -0.1077 0.1935, 0.6496 -0.1077 0.1934, -3.2677 -0.0989 0.1908, 0.6496 -0.0997 0.1909, 0.7677 0.0394 0.2756, 0.7677 0.1662 0.2889, 0.7677 0.1749 0.2917, 0.7677 0.2876 0.3283, 0.7677 0.3033 0.3374, 0.7677 0.3981 0.3921, 0.7677 0.4183 0.4104, 0.7677 0.4929 0.4775, 0.7677 0.5143 0.5069, 0.7677 0.5679 0.5807, 0.7677 0.5864 0.6223, 0.7677 0.6197 0.6972, 0.7677 0.6311 0.7507, 0.7677 0.6463 0.822, 0.7677 0.6463 0.8858, 0.7677 0.6463 0.9496, 0.7677 0.6311 1.0209, 0.7677 0.6197 1.0744, 0.7677 0.5864 1.1493, 0.7677 0.5679 1.1909, 0.7677 0.5143 1.2647, 0.7677 0.4929 1.2942, 0.7677 0.4183 1.3613, 0.7677 0.3981 1.3795, 0.7677 0.3033 1.4342, 0.7677 0.2876 1.4433, 0.7677 0.1662 1.4827, 0.7677 0.1749 1.4799, 0.7677 -0.3942 0.4564, 0.7107 -0.4875 0.4921, 0.7677 -0.0804 0.2875, 0.7677 -0.0919 0.291, 0.7677 -0.1955 0.3226, 0.7677 -0.2168 0.334, 0.7677 -0.3015 0.3796, 0.7677 -0.3294 0.4028, -3.3438 0.1554 1.8044, -3.3359 0.1578 1.8233, -3.3234 0.1598 1.8394, -3.3071 0.1614 1.8518, -3.2881 0.1624 1.8597, -3.2677 0.3756 1.8094, -3.2881 0.4007 1.7985, -3.2677 0.2841 1.8392, -3.2881 0.2835 1.8366, -3.2677 0.2099 1.8533, -3.2677 0.1627 1.8623, -3.2677 0.4017 1.801, -3.2677 0.5135 1.7483, -3.2881 0.5122 1.746, -3.2677 0.5309 1.7373, -3.2881 0.6163 1.6799, -3.2677 0.6179 1.6821, -3.2881 0.7113 1.6014, -3.2677 0.6708 1.6383, -3.2677 0.7131 1.6033, -3.2677 0.7931 1.5182, -3.2881 0.7957 1.5115, -3.2677 0.7977 1.5132, -3.2677 0.8704 1.4132, -3.2881 0.8681 1.4118, -3.2677 0.8902 1.3771, -3.2881 0.9275 1.3038, -3.2677 0.9299 1.3049, -3.2881 0.9729 1.1891, -3.2677 0.9628 1.2219, -3.2677 0.9754 1.19, -3.2677 1.0062 1.0703, -3.2881 1.0036 1.0697, -3.2677 1.0079 1.0566, -3.2881 1.019 0.9475, -3.2677 1.0217 0.9476, -3.2881 1.019 0.8242, -3.2677 1.0217 0.8858, -3.2677 1.0217 0.824, -3.2881 1.0036 0.7019, -3.2677 1.0079 0.715, -3.2677 1.0062 0.7014, -3.2677 0.9754 0.5817, -3.2881 0.9729 0.5825, -3.2677 0.9628 0.5498, -3.2881 0.9275 0.4679, -3.2677 0.9299 0.4667, -3.2881 0.8681 0.3599, -3.2677 0.8902 0.3945, -3.2677 0.8704 0.3584, -3.2677 0.7977 0.2584, -3.2881 0.7957 0.2601, -3.2677 0.7931 0.2534, -3.2881 0.7113 0.1703, -3.2677 0.7131 0.1683, -3.2677 0.6708 0.1333, -3.2881 0.6163 0.0917, -3.2677 0.6179 0.0895, -3.2881 0.5122 0.0257, -3.2677 0.5309 0.0343, -3.2677 0.5135 0.0233, -3.2677 0.4017 -0.0293, -3.2881 0.4007 -0.0268, -3.2677 0.3756 -0.0378, -3.2881 0.2835 -0.0649, -3.2677 0.2841 -0.0675, -3.2881 0.1624 -0.088, -3.2677 0.2099 -0.0817, -3.2677 0.1627 -0.0907, -3.3071 0.2815 1.8289, -3.3071 0.3978 1.7911, -3.3071 0.5085 1.7391, -3.3071 0.6117 1.6736, -3.3071 0.7059 1.5956, -3.3071 0.7896 1.5065, -3.3071 0.8615 1.4076, -3.3071 0.9204 1.3004, -3.3071 0.9654 1.1867, -3.3071 0.9958 1.0683, -3.3071 1.0112 0.947, -3.3071 1.0112 0.8247, -3.3071 0.9958 0.7034, -3.3071 0.9654 0.5849, -3.3071 0.9204 0.4712, -3.3071 0.8615 0.3641, -3.3071 0.7896 0.2652, -3.3071 0.7059 0.176, -3.3071 0.6117 0.0981, -3.3071 0.5085 0.0326, -3.3071 0.3978 -0.0195, -3.3071 0.2815 -0.0573, -3.3071 0.1614 -0.0802, -3.3234 0.2784 1.8168, -3.3234 0.3932 1.7795, -3.3234 0.5024 1.7281, -3.3234 0.6043 1.6634, -3.3234 0.6973 1.5865, -3.3234 0.78 1.4985, -3.3234 0.8509 1.4009, -3.3234 0.9091 1.2951, -3.3234 0.9535 1.1828, -3.3234 0.9835 1.0659, -3.3234 0.9987 0.9462, -3.3234 0.9987 0.8255, -3.3234 0.9835 0.7057, -3.3234 0.9535 0.5888, -3.3234 0.9091 0.4766, -3.3234 0.8509 0.3708, -3.3234 0.78 0.2731, -3.3234 0.6973 0.1851, -3.3234 0.6043 0.1082, -3.3234 0.5024 0.0435, -3.3234 0.3932 -0.0079, -3.3234 0.2784 -0.0452, -3.3234 0.1598 -0.0678, -3.3359 0.2744 1.801, -3.3359 0.3872 1.7644, -3.3359 0.4946 1.7138, -3.3359 0.5948 1.6502, -3.3359 0.6862 1.5746, -3.3359 0.7674 1.4881, -3.3359 0.8372 1.3921, -3.3359 0.8943 1.2881, -3.3359 0.938 1.1778, -3.3359 0.9675 1.0629, -3.3359 0.9824 0.9452, -3.3359 0.9824 0.8265, -3.3359 0.9675 0.7088, -3.3359 0.938 0.5938, -3.3359 0.8943 0.4835, -3.3359 0.8372 0.3795, -3.3359 0.7674 0.2835, -3.3359 0.6862 0.197, -3.3359 0.5948 0.1214, -3.3359 0.4946 0.0578, -3.3359 0.3872 0.0073, -3.3359 0.2744 -0.0294, -3.3359 0.1578 -0.0516, -3.3438 0.2696 1.7826, -3.3438 0.3802 1.7467, -3.3438 0.4854 1.6972, -3.3438 0.5836 1.6349, -3.3438 0.6732 1.5608, -3.3438 0.7528 1.476, -3.3438 0.8211 1.3819, -3.3438 0.8771 1.28, -3.3438 0.9199 1.1719, -3.3438 0.9489 1.0593, -3.3438 0.9634 0.944, -3.3438 0.9634 0.8277, -3.3438 0.9489 0.7123, -3.3438 0.9199 0.5997, -3.3438 0.8771 0.4916, -3.3438 0.8211 0.3897, -3.3438 0.7528 0.2956, -3.3438 0.6732 0.2109, -3.3438 0.5836 0.1368, -3.3438 0.4854 0.0745, -3.3438 0.3802 0.025, -3.3438 0.2696 -0.011, -3.3438 0.1554 -0.0328, -1.4764 0.0394 -0.1772, 1.1935 0.0796 -0.1947, 1.1879 0.0781 -0.2113, 1.1788 0.0757 -0.2263, 1.1668 0.0725 -0.2387, 1.1524 0.0686 -0.2481, 1.1363 0.0643 -0.2539, 1.1267 0.0875 -0.2539, 1.1114 0.1074 -0.2539, 1.0914 0.1227 -0.2539, 1.0682 0.1324 -0.2539, 1.0433 0.1356 -0.2539, 1.0184 0.1324 -0.2539, 0.9952 0.1227 -0.2539, 0.9752 0.1074 -0.2539, 0.9599 0.0875 -0.2539, 0.9503 0.0643 -0.2539, 1.1411 0.0958 -0.2481, 1.1231 0.1192 -0.2481, 1.0998 0.1371 -0.2481, 1.0725 0.1484 -0.2481, 1.0433 0.1523 -0.2481, 1.0141 0.1484 -0.2481, 0.9869 0.1371 -0.2481, 0.9635 0.1192 -0.2481, 0.9455 0.0958 -0.2481, 0.9343 0.0686 -0.2481, 1.154 0.1033 -0.2387, 1.1337 0.1298 -0.2387, 1.1072 0.1501 -0.2387, 1.0764 0.1628 -0.2387, 1.0433 0.1672 -0.2387, 1.0102 0.1628 -0.2387, 0.9794 0.1501 -0.2387, 0.9529 0.1298 -0.2387, 0.9326 0.1033 -0.2387, 0.9198 0.0725 -0.2387, 1.1648 0.1095 -0.2263, 1.1425 0.1386 -0.2263, 1.1135 0.1609 -0.2263, 1.0796 0.1749 -0.2263, 1.0433 0.1797 -0.2263, 1.007 0.1749 -0.2263, 0.9732 0.1609 -0.2263, 0.9441 0.1386 -0.2263, 0.9218 0.1095 -0.2263, 0.9078 0.0757 -0.2263, 1.1729 0.1142 -0.2113, 1.1491 0.1452 -0.2113, 1.1181 0.169 -0.2113, 1.082 0.184 -0.2113, 1.0433 0.1891 -0.2113, 1.0046 0.184 -0.2113, 0.9685 0.169 -0.2113, 0.9375 0.1452 -0.2113, 0.9137 0.1142 -0.2113, 0.8987 0.0781 -0.2113, 1.178 0.1171 -0.1947, 1.1533 0.1493 -0.1947, 1.1211 0.174 -0.1947, 1.0836 0.1896 -0.1947, 1.0433 0.1949 -0.1947, 1.0031 0.1896 -0.1947, 0.9656 0.174 -0.1947, 0.9333 0.1493 -0.1947, 0.9086 0.1171 -0.1947, 0.8931 0.0796 -0.1947, 1.1954 0.0801 -0.1772, 1.1797 0.1181 -0.1772, 1.1547 0.1507 -0.1772, 1.122 0.1758 -0.1772, 1.0841 0.1915 -0.1772, 1.0433 0.1969 -0.1772, 1.0025 0.1915 -0.1772, 0.9646 0.1758 -0.1772, 0.932 0.1507 -0.1772, 0.9069 0.1181 -0.1772, 0.8912 0.0801 -0.1772
            ]
        }
        coordIndex [
            0,1,2,-1,3,4,5,-1,6,7,8,-1,9,10,11,-1,12,13,14,-1,15,16,17,-1,18,19,20,-1,21,22,23,-1,24,25,26,-1,27,28,29,-1,30,31,32,-1,33,34,35,-1,36,37,38,-1,39,40,41,-1,42,43,44,-1,44,43,0,-1,44,45,46,-1,46,47,44,-1,44,47,48,-1,44,48,42,-1,49,50,51,-1,51,50,52,-1,51,52,44,-1,44,52,53,-1,44,53,45,-1,41,40,54,-1,55,49,56,-1,54,40,56,-1,56,40,57,-1,56,57,55,-1,58,59,41,-1,41,59,60,-1,41,60,39,-1,58,61,59,-1,59,61,62,-1,59,62,63,-1,63,62,64,-1,63,64,65,-1,66,67,58,-1,58,67,68,-1,58,68,61,-1,38,37,69,-1,37,70,69,-1,69,70,71,-1,69,71,58,-1,58,71,72,-1,58,72,66,-1,36,38,73,-1,73,38,74,-1,73,74,75,-1,75,74,76,-1,75,76,77,-1,78,79,80,-1,78,80,81,-1,79,82,80,-1,80,82,83,-1,80,83,84,-1,85,86,87,-1,87,86,88,-1,89,90,91,-1,91,90,92,-1,91,92,80,-1,80,92,93,-1,80,93,81,-1,94,95,96,-1,96,95,97,-1,96,97,76,-1,76,97,98,-1,76,98,77,-1,85,99,86,-1,86,99,100,-1,86,100,101,-1,101,102,86,-1,86,102,103,-1,86,103,104,-1,104,103,89,-1,104,89,105,-1,105,89,91,-1,106,107,96,-1,108,109,80,-1,80,109,110,-1,80,110,111,-1,107,112,96,-1,96,112,113,-1,96,113,94,-1,84,114,80,-1,80,114,115,-1,80,115,116,-1,27,117,28,-1,28,117,118,-1,28,118,119,-1,116,120,80,-1,80,120,121,-1,80,121,108,-1,33,122,123,-1,123,124,33,-1,33,124,125,-1,33,125,96,-1,96,125,126,-1,96,126,106,-1,119,127,33,-1,33,127,128,-1,33,128,88,-1,86,129,88,-1,88,129,130,-1,88,130,33,-1,33,130,131,-1,33,131,122,-1,110,132,111,-1,111,132,133,-1,111,133,134,-1,134,133,135,-1,136,32,137,-1,137,32,138,-1,137,138,139,-1,139,138,140,-1,135,141,134,-1,134,141,142,-1,134,142,138,-1,138,142,143,-1,138,143,140,-1,30,144,31,-1,31,144,145,-1,31,145,146,-1,147,148,149,-1,149,148,150,-1,149,150,136,-1,136,150,151,-1,136,151,32,-1,32,151,152,-1,32,152,30,-1,153,154,149,-1,149,154,155,-1,149,155,147,-1,153,156,154,-1,154,156,157,-1,154,157,158,-1,159,160,161,-1,161,140,159,-1,159,140,143,-1,159,143,162,-1,162,143,163,-1,163,164,162,-1,162,164,165,-1,162,165,166,-1,167,168,169,-1,168,170,169,-1,169,170,171,-1,169,171,172,-1,173,169,174,-1,160,159,173,-1,173,159,175,-1,173,175,169,-1,169,175,176,-1,169,176,167,-1,174,177,173,-1,173,177,178,-1,173,178,179,-1,172,171,180,-1,180,171,181,-1,180,181,182,-1,182,181,183,-1,182,183,184,-1,185,186,179,-1,179,186,187,-1,179,187,173,-1,188,189,29,-1,29,189,190,-1,29,190,27,-1,191,1,192,-1,192,1,0,-1,192,0,193,-1,193,0,43,-1,194,195,196,-1,196,195,197,-1,198,199,200,-1,200,199,201,-1,200,201,202,-1,202,201,195,-1,202,195,203,-1,203,195,194,-1,204,205,206,-1,206,205,207,-1,207,208,206,-1,206,208,209,-1,206,209,210,-1,211,212,195,-1,195,212,213,-1,195,213,197,-1,198,214,215,-1,204,206,216,-1,216,206,217,-1,216,217,218,-1,219,220,221,-1,119,33,28,-1,28,33,35,-1,28,35,222,-1,223,224,225,-1,225,224,226,-1,227,228,229,-1,229,228,219,-1,229,219,226,-1,222,35,220,-1,220,35,230,-1,220,230,221,-1,226,219,225,-1,225,219,221,-1,225,221,231,-1,231,221,232,-1,231,232,233,-1,233,232,234,-1,234,232,2,-1,234,2,235,-1,235,2,1,-1,235,1,236,-1,222,237,28,-1,28,237,236,-1,28,236,29,-1,29,236,1,-1,29,1,188,-1,188,1,191,-1,238,239,240,-1,240,239,241,-1,242,243,244,-1,243,242,245,-1,245,242,246,-1,245,246,247,-1,248,249,250,-1,250,249,251,-1,250,251,252,-1,238,240,253,-1,253,240,254,-1,253,254,255,-1,256,251,257,-1,257,251,249,-1,257,249,258,-1,258,249,248,-1,258,248,259,-1,260,261,262,-1,263,261,264,-1,264,261,260,-1,264,260,265,-1,265,260,266,-1,265,266,267,-1,264,268,263,-1,263,268,269,-1,263,269,270,-1,267,266,271,-1,271,266,272,-1,271,272,273,-1,19,18,272,-1,272,18,274,-1,272,274,275,-1,276,277,278,-1,273,272,278,-1,278,272,275,-1,278,275,276,-1,276,275,279,-1,276,279,280,-1,280,279,281,-1,280,281,282,-1,283,284,285,-1,285,284,280,-1,285,280,286,-1,282,287,280,-1,280,287,288,-1,280,288,289,-1,290,291,280,-1,280,291,292,-1,280,292,286,-1,285,293,294,-1,289,295,280,-1,280,295,296,-1,280,296,290,-1,293,285,297,-1,297,285,298,-1,297,298,299,-1,294,300,285,-1,285,300,301,-1,285,301,283,-1,302,303,304,-1,304,303,305,-1,304,305,20,-1,15,17,306,-1,307,308,17,-1,17,308,309,-1,17,309,306,-1,310,311,17,-1,17,311,312,-1,17,312,307,-1,313,314,315,-1,315,314,316,-1,315,316,310,-1,310,316,317,-1,310,317,311,-1,12,318,13,-1,13,318,319,-1,13,319,320,-1,320,321,13,-1,13,321,322,-1,13,322,323,-1,324,325,326,-1,326,325,23,-1,326,23,327,-1,327,23,22,-1,328,329,310,-1,310,329,330,-1,310,330,315,-1,315,330,331,-1,315,331,332,-1,333,334,335,-1,336,337,338,-1,338,337,339,-1,338,339,340,-1,341,342,343,-1,342,336,343,-1,343,336,338,-1,343,338,344,-1,344,338,345,-1,344,345,346,-1,346,345,347,-1,333,335,343,-1,343,335,348,-1,343,348,341,-1,349,350,351,-1,351,350,352,-1,353,354,355,-1,10,356,11,-1,11,356,357,-1,11,357,358,-1,354,359,355,-1,355,359,351,-1,355,351,360,-1,360,351,352,-1,361,362,347,-1,347,362,363,-1,363,364,347,-1,347,364,365,-1,347,365,366,-1,366,367,347,-1,347,367,368,-1,347,368,346,-1,369,370,371,-1,371,370,372,-1,371,372,373,-1,371,374,369,-1,369,374,375,-1,369,375,376,-1,376,377,369,-1,369,377,378,-1,369,378,379,-1,379,378,380,-1,379,380,381,-1,381,380,382,-1,381,382,351,-1,351,382,383,-1,351,383,349,-1,384,385,373,-1,373,385,386,-1,373,386,371,-1,387,388,334,-1,334,388,389,-1,334,389,335,-1,387,390,388,-1,388,390,391,-1,388,391,392,-1,392,391,393,-1,392,394,395,-1,393,396,392,-1,392,396,397,-1,392,397,398,-1,398,399,392,-1,392,399,400,-1,392,400,394,-1,395,401,392,-1,392,401,402,-1,392,402,403,-1,404,405,406,-1,407,408,409,-1,404,406,410,-1,410,406,411,-1,410,411,412,-1,405,413,406,-1,406,413,414,-1,406,414,415,-1,6,8,416,-1,361,347,360,-1,360,347,417,-1,360,417,355,-1,355,417,418,-1,355,418,419,-1,420,421,422,-1,422,421,406,-1,422,406,423,-1,423,406,415,-1,423,415,424,-1,424,425,423,-1,423,425,426,-1,423,426,417,-1,417,426,427,-1,417,427,418,-1,428,429,430,-1,430,429,431,-1,430,431,432,-1,433,434,435,-1,435,434,436,-1,435,436,437,-1,199,438,439,-1,440,199,441,-1,441,199,439,-1,441,439,442,-1,443,444,445,-1,445,444,446,-1,445,446,440,-1,440,446,447,-1,440,447,199,-1,199,447,420,-1,199,420,201,-1,201,420,422,-1,439,448,442,-1,442,448,449,-1,442,449,450,-1,198,215,199,-1,199,215,451,-1,199,451,438,-1,409,452,407,-1,407,452,453,-1,407,453,7,-1,7,453,412,-1,7,412,8,-1,8,412,411,-1,8,411,454,-1,455,456,338,-1,457,458,459,-1,460,461,462,-1,462,461,463,-1,462,463,464,-1,465,466,467,-1,467,466,468,-1,467,468,469,-1,469,468,459,-1,469,459,470,-1,470,459,458,-1,456,471,338,-1,338,471,472,-1,338,472,473,-1,474,475,476,-1,467,477,478,-1,478,477,479,-1,473,480,338,-1,338,480,481,-1,338,481,482,-1,483,484,462,-1,462,484,485,-1,462,485,460,-1,475,486,476,-1,476,486,487,-1,476,487,488,-1,488,489,476,-1,476,489,490,-1,476,490,478,-1,478,490,491,-1,478,491,467,-1,467,491,492,-1,467,492,465,-1,493,494,459,-1,459,494,495,-1,459,495,496,-1,482,497,338,-1,338,497,498,-1,338,498,345,-1,345,498,462,-1,345,462,476,-1,476,462,464,-1,476,464,474,-1,496,499,459,-1,459,499,500,-1,459,500,457,-1,501,502,195,-1,195,502,206,-1,195,206,211,-1,211,206,210,-1,503,504,505,-1,505,504,506,-1,506,504,507,-1,506,507,508,-1,509,510,508,-1,508,510,501,-1,508,501,506,-1,506,501,195,-1,479,455,478,-1,478,455,338,-1,478,338,511,-1,511,338,512,-1,511,512,14,-1,14,512,325,-1,14,325,12,-1,12,325,324,-1,4,451,5,-1,5,451,215,-1,5,215,246,-1,246,215,248,-1,246,248,247,-1,247,248,250,-1,214,218,215,-1,215,218,217,-1,215,217,248,-1,248,217,255,-1,248,255,259,-1,259,255,254,-1,513,514,515,-1,515,514,51,-1,515,51,516,-1,516,51,44,-1,516,44,332,-1,332,44,0,-1,332,0,315,-1,315,0,2,-1,230,476,221,-1,221,476,478,-1,221,478,232,-1,232,478,511,-1,232,511,2,-1,2,511,14,-1,2,14,315,-1,315,14,13,-1,315,13,313,-1,313,13,323,-1,340,9,338,-1,338,9,11,-1,338,11,512,-1,512,11,517,-1,512,517,325,-1,325,517,518,-1,325,518,23,-1,23,518,278,-1,23,278,21,-1,21,278,277,-1,358,353,11,-1,11,353,355,-1,11,355,517,-1,517,355,519,-1,517,519,518,-1,518,519,520,-1,518,520,278,-1,278,520,26,-1,278,26,273,-1,273,26,25,-1,430,433,428,-1,428,433,435,-1,428,435,419,-1,419,435,416,-1,419,416,355,-1,355,416,8,-1,355,8,519,-1,519,8,454,-1,519,454,520,-1,520,454,521,-1,520,521,26,-1,26,521,522,-1,26,522,24,-1,24,522,523,-1,524,525,522,-1,522,525,260,-1,522,260,523,-1,523,260,262,-1,523,262,526,-1,526,262,527,-1,526,527,528,-1,528,527,529,-1,525,530,260,-1,260,530,531,-1,260,531,532,-1,532,531,533,-1,534,535,242,-1,534,242,536,-1,535,537,242,-1,242,537,538,-1,242,538,539,-1,539,524,242,-1,242,524,522,-1,242,522,246,-1,246,522,521,-1,246,521,5,-1,5,521,454,-1,5,454,3,-1,3,454,411,-1,533,540,532,-1,532,540,541,-1,532,541,542,-1,542,543,532,-1,532,543,544,-1,532,544,545,-1,241,239,244,-1,244,239,532,-1,244,532,242,-1,242,532,545,-1,242,545,536,-1,502,503,206,-1,206,503,505,-1,206,505,217,-1,217,505,546,-1,217,546,255,-1,255,546,547,-1,255,547,253,-1,253,547,548,-1,253,548,238,-1,238,548,549,-1,506,550,505,-1,505,550,551,-1,505,551,546,-1,546,551,552,-1,546,552,547,-1,547,552,553,-1,547,553,548,-1,548,553,554,-1,548,554,549,-1,549,554,555,-1,302,304,16,-1,16,304,556,-1,16,556,17,-1,17,556,514,-1,17,514,310,-1,310,514,513,-1,310,513,328,-1,20,19,304,-1,304,19,272,-1,304,272,557,-1,557,272,266,-1,557,266,558,-1,558,266,260,-1,558,260,559,-1,559,260,532,-1,559,532,560,-1,560,532,239,-1,560,239,561,-1,561,239,238,-1,561,238,562,-1,562,238,549,-1,562,549,563,-1,563,549,555,-1,563,555,564,-1,49,51,56,-1,56,51,514,-1,56,514,565,-1,565,514,556,-1,565,556,566,-1,566,556,304,-1,566,304,567,-1,567,304,557,-1,567,557,568,-1,568,557,558,-1,568,558,569,-1,569,558,559,-1,569,559,570,-1,570,559,560,-1,570,560,571,-1,571,560,561,-1,571,561,572,-1,572,561,562,-1,572,562,573,-1,573,562,563,-1,573,563,574,-1,574,563,564,-1,574,564,575,-1,576,577,578,-1,578,577,579,-1,580,578,581,-1,581,578,579,-1,581,579,582,-1,582,579,583,-1,582,583,584,-1,584,583,585,-1,586,587,588,-1,588,587,589,-1,590,591,592,-1,592,591,593,-1,594,595,596,-1,596,595,597,-1,598,594,599,-1,599,594,596,-1,600,598,601,-1,601,598,599,-1,602,603,604,-1,604,603,605,-1,606,607,608,-1,608,607,609,-1,610,609,611,-1,611,609,607,-1,612,613,614,-1,614,613,615,-1,616,617,618,-1,618,617,619,-1,620,621,622,-1,622,621,623,-1,624,606,625,-1,625,606,608,-1,626,627,628,-1,628,627,629,-1,630,631,632,-1,632,631,633,-1,634,635,636,-1,636,635,637,-1,638,639,640,-1,640,639,641,-1,641,642,640,-1,640,642,643,-1,640,643,644,-1,645,646,647,-1,647,646,648,-1,649,648,646,-1,650,651,652,-1,652,651,649,-1,652,649,653,-1,653,649,646,-1,654,655,656,-1,618,657,658,-1,645,647,54,-1,614,659,660,-1,661,662,663,-1,664,618,665,-1,665,618,658,-1,665,658,663,-1,663,658,654,-1,663,654,661,-1,661,654,656,-1,584,585,625,-1,625,585,623,-1,625,623,624,-1,624,623,621,-1,666,667,616,-1,635,633,637,-1,637,633,631,-1,637,631,638,-1,638,631,668,-1,638,668,669,-1,612,614,626,-1,575,670,671,-1,672,673,674,-1,674,673,675,-1,674,675,660,-1,660,675,639,-1,660,639,614,-1,614,639,638,-1,614,638,626,-1,626,638,669,-1,54,575,645,-1,645,575,671,-1,645,671,621,-1,621,671,666,-1,621,666,624,-1,624,666,616,-1,624,616,580,-1,580,616,618,-1,580,618,612,-1,612,618,664,-1,628,676,677,-1,678,578,679,-1,679,578,580,-1,679,580,677,-1,677,580,612,-1,677,612,628,-1,628,612,626,-1,591,590,680,-1,620,622,681,-1,681,622,591,-1,681,591,682,-1,682,591,680,-1,682,683,681,-1,681,683,684,-1,685,683,680,-1,680,683,682,-1,685,680,592,-1,592,680,590,-1,686,687,688,-1,688,687,689,-1,690,691,692,-1,692,691,693,-1,694,695,692,-1,692,695,690,-1,694,696,695,-1,695,696,697,-1,698,699,700,-1,700,699,701,-1,702,703,686,-1,686,703,687,-1,692,693,694,-1,694,693,696,-1,704,705,706,-1,704,706,707,-1,707,706,708,-1,707,708,709,-1,709,708,710,-1,709,710,711,-1,711,710,712,-1,711,712,713,-1,713,712,714,-1,713,714,715,-1,715,714,716,-1,715,716,717,-1,717,716,718,-1,717,718,719,-1,719,718,720,-1,719,720,721,-1,721,720,722,-1,721,722,723,-1,723,722,724,-1,723,724,725,-1,725,724,726,-1,725,726,727,-1,727,726,728,-1,727,728,729,-1,705,730,731,-1,730,732,733,-1,732,734,735,-1,734,736,737,-1,736,738,739,-1,738,740,741,-1,740,742,743,-1,740,743,741,-1,741,743,744,-1,741,744,745,-1,745,744,746,-1,745,746,747,-1,747,746,748,-1,747,748,749,-1,749,748,750,-1,749,750,751,-1,751,750,752,-1,751,752,753,-1,753,752,754,-1,753,754,755,-1,755,754,756,-1,755,756,757,-1,757,756,758,-1,757,758,759,-1,759,758,760,-1,759,760,761,-1,761,760,762,-1,761,762,763,-1,763,762,764,-1,763,764,765,-1,738,741,739,-1,739,741,745,-1,739,745,766,-1,766,745,747,-1,766,747,767,-1,767,747,749,-1,767,749,768,-1,768,749,751,-1,768,751,769,-1,769,751,753,-1,769,753,770,-1,770,753,755,-1,770,755,771,-1,771,755,757,-1,771,757,772,-1,772,757,759,-1,772,759,773,-1,773,759,761,-1,773,761,774,-1,774,761,763,-1,774,763,775,-1,775,763,765,-1,775,765,776,-1,736,739,737,-1,737,739,766,-1,737,766,777,-1,777,766,767,-1,777,767,778,-1,778,767,768,-1,778,768,779,-1,779,768,769,-1,779,769,780,-1,780,769,770,-1,780,770,781,-1,781,770,771,-1,781,771,782,-1,782,771,772,-1,782,772,783,-1,783,772,773,-1,783,773,784,-1,784,773,774,-1,784,774,785,-1,785,774,775,-1,785,775,786,-1,786,775,776,-1,786,776,787,-1,734,737,735,-1,735,737,777,-1,735,777,788,-1,788,777,778,-1,788,778,789,-1,789,778,779,-1,789,779,790,-1,790,779,780,-1,790,780,791,-1,791,780,781,-1,791,781,792,-1,792,781,782,-1,792,782,793,-1,793,782,783,-1,793,783,794,-1,794,783,784,-1,794,784,795,-1,795,784,785,-1,795,785,796,-1,796,785,786,-1,796,786,797,-1,797,786,787,-1,797,787,798,-1,732,735,733,-1,733,735,788,-1,733,788,799,-1,799,788,789,-1,799,789,800,-1,800,789,790,-1,800,790,801,-1,801,790,791,-1,801,791,802,-1,802,791,792,-1,802,792,803,-1,803,792,793,-1,803,793,804,-1,804,793,794,-1,804,794,805,-1,805,794,795,-1,805,795,806,-1,806,795,796,-1,806,796,807,-1,807,796,797,-1,807,797,808,-1,808,797,798,-1,808,798,809,-1,730,733,731,-1,731,733,799,-1,731,799,810,-1,810,799,800,-1,810,800,811,-1,811,800,801,-1,811,801,812,-1,812,801,802,-1,812,802,813,-1,813,802,803,-1,813,803,814,-1,814,803,804,-1,814,804,815,-1,815,804,805,-1,815,805,816,-1,816,805,806,-1,816,806,817,-1,817,806,807,-1,817,807,818,-1,818,807,808,-1,818,808,819,-1,819,808,809,-1,819,809,820,-1,705,731,706,-1,706,731,810,-1,706,810,708,-1,708,810,811,-1,708,811,710,-1,710,811,812,-1,710,812,712,-1,712,812,813,-1,712,813,714,-1,714,813,814,-1,714,814,716,-1,716,814,815,-1,716,815,718,-1,718,815,816,-1,718,816,720,-1,720,816,817,-1,720,817,722,-1,722,817,818,-1,722,818,724,-1,724,818,819,-1,724,819,726,-1,726,819,820,-1,726,820,728,-1,821,822,823,-1,823,822,764,-1,823,764,762,-1,824,825,826,-1,760,743,762,-1,762,743,742,-1,762,742,823,-1,756,754,752,-1,824,827,825,-1,825,827,828,-1,825,828,829,-1,821,830,822,-1,822,830,824,-1,822,824,831,-1,831,824,826,-1,752,750,756,-1,756,750,748,-1,756,748,746,-1,760,758,743,-1,743,758,756,-1,743,756,744,-1,744,756,746,-1,832,833,834,-1,834,833,835,-1,670,835,671,-1,671,835,833,-1,670,575,835,-1,835,575,550,-1,835,550,834,-1,834,550,836,-1,837,34,33,-1,838,839,840,-1,840,839,837,-1,840,837,841,-1,841,837,33,-1,841,33,842,-1,842,33,96,-1,840,841,843,-1,843,841,842,-1,844,839,845,-1,845,839,838,-1,649,843,842,-1,647,648,54,-1,54,648,649,-1,54,649,96,-1,96,649,842,-1,840,843,838,-1,838,843,649,-1,838,649,845,-1,845,649,651,-1,846,847,848,-1,848,847,849,-1,689,687,850,-1,850,687,703,-1,850,703,851,-1,852,701,699,-1,598,600,594,-1,594,600,852,-1,594,852,595,-1,595,852,699,-1,853,854,848,-1,848,854,846,-1,855,691,690,-1,697,856,695,-1,695,856,853,-1,695,853,690,-1,690,853,848,-1,690,848,855,-1,857,853,852,-1,852,853,856,-1,852,856,701,-1,701,856,700,-1,857,852,601,-1,601,852,600,-1,858,859,860,-1,860,859,861,-1,862,863,864,-1,865,866,867,-1,867,866,868,-1,864,869,862,-1,862,869,870,-1,862,870,866,-1,866,870,871,-1,866,871,868,-1,586,872,866,-1,593,587,592,-1,592,587,586,-1,684,683,873,-1,873,683,685,-1,866,865,586,-1,586,865,874,-1,586,874,592,-1,592,874,875,-1,592,875,685,-1,685,875,876,-1,685,876,873,-1,854,853,601,-1,601,853,857,-1,601,599,877,-1,596,597,599,-1,599,597,878,-1,599,878,877,-1,862,879,863,-1,863,879,854,-1,863,854,880,-1,880,854,601,-1,880,601,881,-1,881,601,877,-1,879,847,854,-1,854,847,846,-1,882,872,588,-1,588,872,586,-1,883,884,885,-1,885,884,886,-1,885,886,887,-1,888,889,890,-1,891,892,885,-1,885,892,893,-1,885,890,894,-1,895,896,887,-1,887,896,897,-1,887,897,885,-1,894,898,885,-1,885,898,899,-1,885,899,900,-1,900,901,885,-1,885,901,902,-1,885,902,891,-1,893,903,885,-1,885,903,904,-1,885,904,905,-1,905,906,885,-1,885,906,907,-1,885,907,883,-1,908,909,910,-1,885,908,890,-1,890,908,910,-1,890,910,888,-1,888,910,911,-1,912,913,914,-1,887,915,895,-1,895,915,916,-1,895,916,917,-1,917,918,895,-1,895,918,912,-1,895,912,919,-1,919,912,914,-1,920,921,922,-1,923,924,925,-1,926,927,928,-1,928,927,886,-1,929,930,931,-1,931,930,926,-1,932,933,929,-1,934,935,933,-1,936,937,938,-1,938,937,935,-1,939,940,941,-1,941,940,936,-1,942,943,944,-1,944,943,939,-1,945,946,942,-1,947,946,948,-1,948,946,945,-1,948,945,949,-1,950,951,952,-1,952,951,953,-1,952,953,954,-1,954,953,955,-1,954,955,945,-1,945,955,956,-1,945,956,949,-1,950,952,957,-1,957,952,958,-1,957,958,959,-1,925,924,958,-1,958,924,960,-1,958,960,959,-1,923,925,961,-1,961,925,962,-1,961,962,963,-1,964,965,966,-1,966,965,967,-1,966,967,968,-1,968,967,969,-1,968,969,962,-1,962,969,970,-1,962,970,963,-1,922,921,966,-1,966,921,971,-1,966,971,964,-1,920,922,972,-1,972,922,973,-1,972,973,974,-1,975,976,977,-1,975,977,978,-1,977,979,978,-1,978,979,980,-1,978,980,973,-1,973,980,981,-1,973,981,974,-1,976,975,982,-1,982,975,983,-1,982,983,984,-1,985,986,987,-1,987,986,988,-1,987,988,983,-1,983,988,989,-1,983,989,984,-1,985,987,990,-1,990,987,991,-1,990,991,992,-1,992,991,993,-1,992,993,994,-1,994,993,995,-1,995,993,996,-1,995,996,997,-1,998,999,1000,-1,1001,1002,1003,-1,1004,1005,1006,-1,1007,1008,1009,-1,1010,1011,1012,-1,1013,1011,908,-1,908,1011,1010,-1,908,1010,909,-1,909,1010,910,-1,1010,1014,910,-1,910,1014,1015,-1,910,1015,911,-1,911,1015,1016,-1,911,1016,888,-1,1017,899,1018,-1,1018,899,898,-1,1018,898,1019,-1,1019,898,894,-1,1019,894,1020,-1,1020,894,890,-1,1020,890,1016,-1,1016,890,889,-1,1016,889,888,-1,902,901,1017,-1,1017,901,900,-1,1017,900,899,-1,1017,1021,902,-1,902,1021,1022,-1,902,1022,891,-1,891,1022,1023,-1,891,1023,892,-1,1024,906,1025,-1,1025,906,905,-1,1025,905,1026,-1,1026,905,904,-1,1026,904,1027,-1,1027,904,903,-1,1027,903,1023,-1,1023,903,893,-1,1023,893,892,-1,886,884,928,-1,928,884,883,-1,928,883,1024,-1,1024,883,907,-1,1024,907,906,-1,942,944,945,-1,945,944,1028,-1,945,1028,954,-1,954,1028,1029,-1,954,1029,952,-1,952,1029,1030,-1,952,1030,958,-1,958,1030,1031,-1,958,1031,925,-1,925,1031,1032,-1,925,1032,962,-1,962,1032,1033,-1,962,1033,968,-1,968,1033,1034,-1,968,1034,966,-1,966,1034,1035,-1,966,1035,922,-1,922,1035,1036,-1,922,1036,973,-1,973,1036,1037,-1,973,1037,978,-1,978,1037,1038,-1,978,1038,975,-1,975,1038,1039,-1,975,1039,983,-1,983,1039,1040,-1,983,1040,987,-1,987,1040,1041,-1,987,1041,991,-1,991,1041,998,-1,991,998,993,-1,993,998,1000,-1,993,1000,996,-1,939,941,944,-1,944,941,1042,-1,944,1042,1028,-1,1028,1042,1043,-1,1028,1043,1029,-1,1029,1043,1044,-1,1029,1044,1030,-1,1030,1044,1045,-1,1030,1045,1031,-1,1031,1045,1046,-1,1031,1046,1032,-1,1032,1046,1047,-1,1032,1047,1033,-1,1033,1047,1048,-1,1033,1048,1034,-1,1034,1048,1049,-1,1034,1049,1035,-1,1035,1049,1050,-1,1035,1050,1036,-1,1036,1050,1051,-1,1036,1051,1037,-1,1037,1051,1052,-1,1037,1052,1038,-1,1038,1052,1053,-1,1038,1053,1039,-1,1039,1053,1054,-1,1039,1054,1040,-1,1040,1054,1055,-1,1040,1055,1041,-1,1041,1055,1001,-1,1041,1001,998,-1,998,1001,1003,-1,998,1003,999,-1,936,938,941,-1,941,938,1056,-1,941,1056,1042,-1,1042,1056,1057,-1,1042,1057,1043,-1,1043,1057,1058,-1,1043,1058,1044,-1,1044,1058,1059,-1,1044,1059,1045,-1,1045,1059,1060,-1,1045,1060,1046,-1,1046,1060,1061,-1,1046,1061,1047,-1,1047,1061,1062,-1,1047,1062,1048,-1,1048,1062,1063,-1,1048,1063,1049,-1,1049,1063,1064,-1,1049,1064,1050,-1,1050,1064,1065,-1,1050,1065,1051,-1,1051,1065,1066,-1,1051,1066,1052,-1,1052,1066,1067,-1,1052,1067,1053,-1,1053,1067,1068,-1,1053,1068,1054,-1,1054,1068,1069,-1,1054,1069,1055,-1,1055,1069,1070,-1,1055,1070,1001,-1,1001,1070,1071,-1,1001,1071,1002,-1,935,934,938,-1,938,934,1072,-1,938,1072,1056,-1,1056,1072,1073,-1,1056,1073,1057,-1,1057,1073,1074,-1,1057,1074,1058,-1,1058,1074,1075,-1,1058,1075,1059,-1,1059,1075,1076,-1,1059,1076,1060,-1,1060,1076,1077,-1,1060,1077,1061,-1,1061,1077,1078,-1,1061,1078,1062,-1,1062,1078,1079,-1,1062,1079,1063,-1,1063,1079,1080,-1,1063,1080,1064,-1,1064,1080,1081,-1,1064,1081,1065,-1,1065,1081,1082,-1,1065,1082,1066,-1,1066,1082,1083,-1,1066,1083,1067,-1,1067,1083,1084,-1,1067,1084,1068,-1,1068,1084,1085,-1,1068,1085,1069,-1,1069,1085,1086,-1,1069,1086,1070,-1,1070,1086,1087,-1,1070,1087,1071,-1,933,932,934,-1,934,932,1088,-1,934,1088,1072,-1,1072,1088,1089,-1,1072,1089,1073,-1,1073,1089,1090,-1,1073,1090,1074,-1,1074,1090,1091,-1,1074,1091,1075,-1,1075,1091,1092,-1,1075,1092,1076,-1,1076,1092,1093,-1,1076,1093,1077,-1,1077,1093,1094,-1,1077,1094,1078,-1,1078,1094,1095,-1,1078,1095,1079,-1,1079,1095,1096,-1,1079,1096,1080,-1,1080,1096,1097,-1,1080,1097,1081,-1,1081,1097,1098,-1,1081,1098,1082,-1,1082,1098,1099,-1,1082,1099,1083,-1,1083,1099,1100,-1,1083,1100,1084,-1,1084,1100,1101,-1,1084,1101,1085,-1,1085,1101,1004,-1,1085,1004,1086,-1,1086,1004,1006,-1,1086,1006,1087,-1,929,931,932,-1,932,931,1102,-1,932,1102,1088,-1,1088,1102,1103,-1,1088,1103,1089,-1,1089,1103,1104,-1,1089,1104,1090,-1,1090,1104,1105,-1,1090,1105,1091,-1,1091,1105,1106,-1,1091,1106,1092,-1,1092,1106,1107,-1,1092,1107,1093,-1,1093,1107,1108,-1,1093,1108,1094,-1,1094,1108,1109,-1,1094,1109,1095,-1,1095,1109,1110,-1,1095,1110,1096,-1,1096,1110,1111,-1,1096,1111,1097,-1,1097,1111,1112,-1,1097,1112,1098,-1,1098,1112,1113,-1,1098,1113,1099,-1,1099,1113,1114,-1,1099,1114,1100,-1,1100,1114,1115,-1,1100,1115,1101,-1,1101,1115,1007,-1,1101,1007,1004,-1,1004,1007,1009,-1,1004,1009,1005,-1,926,928,931,-1,931,928,1024,-1,931,1024,1102,-1,1102,1024,1025,-1,1102,1025,1103,-1,1103,1025,1026,-1,1103,1026,1104,-1,1104,1026,1027,-1,1104,1027,1105,-1,1105,1027,1023,-1,1105,1023,1106,-1,1106,1023,1022,-1,1106,1022,1107,-1,1107,1022,1021,-1,1107,1021,1108,-1,1108,1021,1017,-1,1108,1017,1109,-1,1109,1017,1018,-1,1109,1018,1110,-1,1110,1018,1019,-1,1110,1019,1111,-1,1111,1019,1020,-1,1111,1020,1112,-1,1112,1020,1016,-1,1112,1016,1113,-1,1113,1016,1015,-1,1113,1015,1114,-1,1114,1015,1014,-1,1114,1014,1115,-1,1115,1014,1010,-1,1115,1010,1007,-1,1007,1010,1012,-1,1007,1012,1008,-1,927,926,1116,-1,1117,996,1118,-1,1118,996,1119,-1,1118,1119,1120,-1,1120,1119,1121,-1,1121,1119,1122,-1,1121,1122,1123,-1,1123,1122,1124,-1,1124,1122,1125,-1,1124,1125,1126,-1,1126,1125,1127,-1,1127,1125,1128,-1,1127,1128,1129,-1,1129,1128,1130,-1,1130,1128,1131,-1,1130,1131,1132,-1,1132,1131,1133,-1,1133,1131,1134,-1,1133,1134,1135,-1,1135,1134,1136,-1,1136,1134,1137,-1,1136,1137,1138,-1,1138,1137,1139,-1,1139,1137,1140,-1,1139,1140,1141,-1,1141,1140,1142,-1,1142,1140,1143,-1,1142,1143,1144,-1,1144,1143,1145,-1,1145,1143,1146,-1,1145,1146,1147,-1,1147,1146,1148,-1,1148,1146,1149,-1,1148,1149,1150,-1,1150,1149,1151,-1,1151,1149,1152,-1,1151,1152,1153,-1,1153,1152,946,-1,1153,946,947,-1,939,943,1152,-1,1152,943,942,-1,1152,942,946,-1,939,1152,1154,-1,1154,1152,1149,-1,1154,1149,1155,-1,1155,1149,1146,-1,1155,1146,1156,-1,1156,1146,1143,-1,1156,1143,1157,-1,1157,1143,1140,-1,1157,1140,1158,-1,1158,1140,1137,-1,1158,1137,1159,-1,1159,1137,1134,-1,1159,1134,1160,-1,1160,1134,1131,-1,1160,1131,1161,-1,1161,1131,1128,-1,1161,1128,1162,-1,1162,1128,1125,-1,1162,1125,1163,-1,1163,1125,1122,-1,1163,1122,1164,-1,1164,1122,1119,-1,1164,1119,1165,-1,996,1000,1119,-1,1119,1000,999,-1,1119,999,1165,-1,1165,999,1003,-1,1165,1003,1002,-1,1002,1166,1165,-1,1165,1166,1167,-1,1165,1167,1164,-1,1164,1167,1168,-1,1164,1168,1163,-1,1163,1168,1169,-1,1163,1169,1162,-1,1162,1169,1170,-1,1162,1170,1161,-1,1161,1170,1171,-1,1161,1171,1160,-1,1160,1171,1172,-1,1160,1172,1159,-1,1159,1172,1173,-1,1159,1173,1158,-1,1158,1173,1174,-1,1158,1174,1157,-1,1157,1174,1175,-1,1157,1175,1156,-1,1156,1175,1176,-1,1156,1176,1155,-1,1155,1176,1177,-1,1155,1177,1154,-1,935,937,1177,-1,1177,937,936,-1,1177,936,1154,-1,1154,936,940,-1,1154,940,939,-1,935,1177,1178,-1,1178,1177,1176,-1,1178,1176,1179,-1,1179,1176,1175,-1,1179,1175,1180,-1,1180,1175,1174,-1,1180,1174,1181,-1,1181,1174,1173,-1,1181,1173,1182,-1,1182,1173,1172,-1,1182,1172,1183,-1,1183,1172,1171,-1,1183,1171,1184,-1,1184,1171,1170,-1,1184,1170,1185,-1,1185,1170,1169,-1,1185,1169,1186,-1,1186,1169,1168,-1,1186,1168,1187,-1,1187,1168,1167,-1,1187,1167,1188,-1,1188,1167,1166,-1,1188,1166,1189,-1,1002,1071,1166,-1,1166,1071,1087,-1,1166,1087,1189,-1,1189,1087,1006,-1,1189,1006,1005,-1,1005,1190,1189,-1,1189,1190,1191,-1,1189,1191,1188,-1,1188,1191,1192,-1,1188,1192,1187,-1,1187,1192,1193,-1,1187,1193,1186,-1,1186,1193,1194,-1,1186,1194,1185,-1,1185,1194,1195,-1,1185,1195,1184,-1,1184,1195,1196,-1,1184,1196,1183,-1,1183,1196,1197,-1,1183,1197,1182,-1,1182,1197,1198,-1,1182,1198,1181,-1,1181,1198,1199,-1,1181,1199,1180,-1,1180,1199,1200,-1,1180,1200,1179,-1,1179,1200,1201,-1,1179,1201,1178,-1,926,930,1201,-1,1201,930,929,-1,1201,929,1178,-1,1178,929,933,-1,1178,933,935,-1,926,1201,1116,-1,1116,1201,1200,-1,1116,1200,1202,-1,1202,1200,1199,-1,1202,1199,1203,-1,1203,1199,1198,-1,1203,1198,1204,-1,1204,1198,1197,-1,1204,1197,1205,-1,1205,1197,1196,-1,1205,1196,1206,-1,1206,1196,1195,-1,1206,1195,1207,-1,1207,1195,1194,-1,1207,1194,1208,-1,1208,1194,1193,-1,1208,1193,1209,-1,1209,1193,1192,-1,1209,1192,1210,-1,1210,1192,1191,-1,1210,1191,1211,-1,1211,1191,1190,-1,1211,1190,1212,-1,887,1213,927,-1,1005,1009,1190,-1,1190,1009,1008,-1,1190,1008,1212,-1,1212,1008,1012,-1,1212,1012,1011,-1,927,1116,887,-1,887,1116,1202,-1,887,1202,915,-1,915,1202,1203,-1,915,1203,916,-1,916,1203,1204,-1,916,1204,917,-1,917,1204,1205,-1,917,1205,918,-1,918,1205,1206,-1,918,1206,912,-1,912,1206,1207,-1,912,1207,913,-1,913,1207,1208,-1,913,1208,914,-1,914,1208,1209,-1,914,1209,919,-1,919,1209,1210,-1,919,1210,895,-1,895,1210,1211,-1,895,1211,896,-1,896,1211,1212,-1,896,1212,897,-1,897,1212,1011,-1,897,1011,1013,-1,1214,1215,1216,-1,1216,1217,1214,-1,1214,1217,1218,-1,1214,1218,1219,-1,1218,1220,1219,-1,1219,1220,1221,-1,1219,1221,1222,-1,1221,1223,1222,-1,1222,1223,1224,-1,1222,1224,1225,-1,1224,1226,1225,-1,1225,1226,1227,-1,1225,1227,1228,-1,1227,1229,1228,-1,1228,1229,1230,-1,1228,1230,1231,-1,1230,1232,1231,-1,1231,1232,1233,-1,1231,1233,1234,-1,1233,1235,1234,-1,1234,1235,1236,-1,1234,1236,1237,-1,1237,1236,1238,-1,1237,1238,1239,-1,1239,1238,1240,-1,1240,1241,1239,-1,1239,1241,1242,-1,1239,1242,1243,-1,1242,1244,1243,-1,1243,1244,1245,-1,1243,1245,1246,-1,1245,1247,1246,-1,1246,1247,1248,-1,1246,1248,1249,-1,1248,1250,1249,-1,1249,1250,1251,-1,1249,1251,1252,-1,1251,1253,1252,-1,1252,1253,1254,-1,1252,1254,1255,-1,1256,1257,1258,-1,1258,1257,1259,-1,1258,1259,1260,-1,1260,1259,1255,-1,1260,1255,1261,-1,1261,1255,1254,-1,1262,1263,1264,-1,1263,1265,1266,-1,1265,1267,1268,-1,1267,1269,1270,-1,1269,1271,1272,-1,1273,1274,1275,-1,1275,1274,1276,-1,1275,1276,1277,-1,1277,1276,1272,-1,1277,1272,1278,-1,1278,1272,1271,-1,1278,1271,1279,-1,1273,1280,1274,-1,1274,1280,1281,-1,1274,1281,1282,-1,1282,1281,1283,-1,1282,1283,1284,-1,1284,1283,1285,-1,1284,1285,1286,-1,1286,1285,1287,-1,1287,1288,1286,-1,1286,1288,1289,-1,1286,1289,1290,-1,1289,1291,1290,-1,1290,1291,1292,-1,1290,1292,1293,-1,1293,1292,1294,-1,1293,1294,1295,-1,1295,1294,1296,-1,1295,1296,1297,-1,1297,1296,1298,-1,1298,1299,1297,-1,1297,1299,1300,-1,1297,1300,1301,-1,1301,1300,1302,-1,1301,1302,1303,-1,1302,1304,1303,-1,1303,1304,1305,-1,1303,1305,1306,-1,1306,1305,1307,-1,1306,1307,1308,-1,1308,1307,1309,-1,1309,1310,1308,-1,1308,1310,1311,-1,1308,1311,1312,-1,1312,1311,1313,-1,1312,1313,1314,-1,1314,1313,1315,-1,1314,1315,1316,-1,1316,1315,1317,-1,1317,1318,1316,-1,1316,1318,1319,-1,1316,1319,1320,-1,1320,1319,1321,-1,1320,1321,1322,-1,1321,1323,1322,-1,1322,1323,1324,-1,1322,1324,1325,-1,1325,1324,1326,-1,1325,1326,1327,-1,1327,1326,1328,-1,1328,1329,1327,-1,1327,1329,1330,-1,1327,1330,1331,-1,1331,1330,1332,-1,1331,1332,1333,-1,1333,1332,1334,-1,1333,1334,1335,-1,1335,1334,1336,-1,1336,1337,1335,-1,1335,1337,1338,-1,1335,1338,1339,-1,1269,1272,1270,-1,1270,1272,1276,-1,1270,1276,1340,-1,1340,1276,1274,-1,1340,1274,1341,-1,1341,1274,1282,-1,1341,1282,1342,-1,1342,1282,1284,-1,1342,1284,1343,-1,1343,1284,1286,-1,1343,1286,1344,-1,1344,1286,1290,-1,1344,1290,1345,-1,1345,1290,1293,-1,1345,1293,1346,-1,1346,1293,1295,-1,1346,1295,1347,-1,1347,1295,1297,-1,1347,1297,1348,-1,1348,1297,1301,-1,1348,1301,1349,-1,1349,1301,1303,-1,1349,1303,1350,-1,1350,1303,1306,-1,1350,1306,1351,-1,1351,1306,1308,-1,1351,1308,1352,-1,1352,1308,1312,-1,1352,1312,1353,-1,1353,1312,1314,-1,1353,1314,1354,-1,1354,1314,1316,-1,1354,1316,1355,-1,1355,1316,1320,-1,1355,1320,1356,-1,1356,1320,1322,-1,1356,1322,1357,-1,1357,1322,1325,-1,1357,1325,1358,-1,1358,1325,1327,-1,1358,1327,1359,-1,1359,1327,1331,-1,1359,1331,1360,-1,1360,1331,1333,-1,1360,1333,1361,-1,1361,1333,1335,-1,1361,1335,1362,-1,1362,1335,1339,-1,1362,1339,1363,-1,1267,1270,1268,-1,1268,1270,1340,-1,1268,1340,1364,-1,1364,1340,1341,-1,1364,1341,1365,-1,1365,1341,1342,-1,1365,1342,1366,-1,1366,1342,1343,-1,1366,1343,1367,-1,1367,1343,1344,-1,1367,1344,1368,-1,1368,1344,1345,-1,1368,1345,1369,-1,1369,1345,1346,-1,1369,1346,1370,-1,1370,1346,1347,-1,1370,1347,1371,-1,1371,1347,1348,-1,1371,1348,1372,-1,1372,1348,1349,-1,1372,1349,1373,-1,1373,1349,1350,-1,1373,1350,1374,-1,1374,1350,1351,-1,1374,1351,1375,-1,1375,1351,1352,-1,1375,1352,1376,-1,1376,1352,1353,-1,1376,1353,1377,-1,1377,1353,1354,-1,1377,1354,1378,-1,1378,1354,1355,-1,1378,1355,1379,-1,1379,1355,1356,-1,1379,1356,1380,-1,1380,1356,1357,-1,1380,1357,1381,-1,1381,1357,1358,-1,1381,1358,1382,-1,1382,1358,1359,-1,1382,1359,1383,-1,1383,1359,1360,-1,1383,1360,1384,-1,1384,1360,1361,-1,1384,1361,1385,-1,1385,1361,1362,-1,1385,1362,1386,-1,1386,1362,1363,-1,1386,1363,1387,-1,1265,1268,1266,-1,1266,1268,1364,-1,1266,1364,1388,-1,1388,1364,1365,-1,1388,1365,1389,-1,1389,1365,1366,-1,1389,1366,1390,-1,1390,1366,1367,-1,1390,1367,1391,-1,1391,1367,1368,-1,1391,1368,1392,-1,1392,1368,1369,-1,1392,1369,1393,-1,1393,1369,1370,-1,1393,1370,1394,-1,1394,1370,1371,-1,1394,1371,1395,-1,1395,1371,1372,-1,1395,1372,1396,-1,1396,1372,1373,-1,1396,1373,1397,-1,1397,1373,1374,-1,1397,1374,1398,-1,1398,1374,1375,-1,1398,1375,1399,-1,1399,1375,1376,-1,1399,1376,1400,-1,1400,1376,1377,-1,1400,1377,1401,-1,1401,1377,1378,-1,1401,1378,1402,-1,1402,1378,1379,-1,1402,1379,1403,-1,1403,1379,1380,-1,1403,1380,1404,-1,1404,1380,1381,-1,1404,1381,1405,-1,1405,1381,1382,-1,1405,1382,1406,-1,1406,1382,1383,-1,1406,1383,1407,-1,1407,1383,1384,-1,1407,1384,1408,-1,1408,1384,1385,-1,1408,1385,1409,-1,1409,1385,1386,-1,1409,1386,1410,-1,1410,1386,1387,-1,1410,1387,1411,-1,1263,1266,1264,-1,1264,1266,1388,-1,1264,1388,1412,-1,1412,1388,1389,-1,1412,1389,1413,-1,1413,1389,1390,-1,1413,1390,1414,-1,1414,1390,1391,-1,1414,1391,1415,-1,1415,1391,1392,-1,1415,1392,1416,-1,1416,1392,1393,-1,1416,1393,1417,-1,1417,1393,1394,-1,1417,1394,1418,-1,1418,1394,1395,-1,1418,1395,1419,-1,1419,1395,1396,-1,1419,1396,1420,-1,1420,1396,1397,-1,1420,1397,1421,-1,1421,1397,1398,-1,1421,1398,1422,-1,1422,1398,1399,-1,1422,1399,1423,-1,1423,1399,1400,-1,1423,1400,1424,-1,1424,1400,1401,-1,1424,1401,1425,-1,1425,1401,1402,-1,1425,1402,1426,-1,1426,1402,1403,-1,1426,1403,1427,-1,1427,1403,1404,-1,1427,1404,1428,-1,1428,1404,1405,-1,1428,1405,1429,-1,1429,1405,1406,-1,1429,1406,1430,-1,1430,1406,1407,-1,1430,1407,1431,-1,1431,1407,1408,-1,1431,1408,1432,-1,1432,1408,1409,-1,1432,1409,1433,-1,1433,1409,1410,-1,1433,1410,1434,-1,1434,1410,1411,-1,1434,1411,1435,-1,1262,1264,1436,-1,1436,1264,1412,-1,1436,1412,1437,-1,1437,1412,1413,-1,1437,1413,1438,-1,1438,1413,1414,-1,1438,1414,1439,-1,1439,1414,1415,-1,1439,1415,1440,-1,1440,1415,1416,-1,1440,1416,1441,-1,1441,1416,1417,-1,1441,1417,1442,-1,1442,1417,1418,-1,1442,1418,1443,-1,1443,1418,1419,-1,1443,1419,1444,-1,1444,1419,1420,-1,1444,1420,1445,-1,1445,1420,1421,-1,1445,1421,1446,-1,1446,1421,1422,-1,1446,1422,1447,-1,1447,1422,1423,-1,1447,1423,1448,-1,1448,1423,1424,-1,1448,1424,1449,-1,1449,1424,1425,-1,1449,1425,1450,-1,1450,1425,1426,-1,1450,1426,1451,-1,1451,1426,1427,-1,1451,1427,1452,-1,1452,1427,1428,-1,1452,1428,1453,-1,1453,1428,1429,-1,1453,1429,1454,-1,1454,1429,1430,-1,1454,1430,1455,-1,1455,1430,1431,-1,1455,1431,1456,-1,1456,1431,1432,-1,1456,1432,1457,-1,1457,1432,1433,-1,1457,1433,1458,-1,1458,1433,1434,-1,1458,1434,1459,-1,1459,1434,1435,-1,1459,1435,1460,-1,658,1461,654,-1,654,1461,1462,-1,1463,1464,1465,-1,1465,1464,1466,-1,1465,1466,1467,-1,1467,1466,1468,-1,1469,1470,1471,-1,618,619,657,-1,657,619,1472,-1,657,1472,1473,-1,1474,1467,1475,-1,1475,1467,657,-1,1475,657,1476,-1,1476,657,1473,-1,1471,1465,1469,-1,1469,1465,1467,-1,1469,1467,1477,-1,1477,1467,1474,-1,1462,1461,1478,-1,1478,1461,1479,-1,1478,655,1462,-1,1462,655,654,-1,662,1480,663,-1,663,1480,1481,-1,1482,1483,1484,-1,1484,1483,603,-1,1484,603,602,-1,1482,1485,1483,-1,1483,1485,1486,-1,1483,1486,664,-1,664,1486,1487,-1,613,612,1488,-1,1488,612,664,-1,1488,664,1489,-1,1489,664,1487,-1,1490,605,1491,-1,1491,605,603,-1,1491,603,1492,-1,1492,603,1483,-1,1493,1481,1494,-1,1494,1481,1480,-1,663,1481,665,-1,665,1481,1493,-1,660,1495,674,-1,674,1495,1496,-1,1491,1497,1490,-1,1490,1497,1498,-1,1490,1498,1499,-1,1499,1498,1500,-1,1501,604,605,-1,614,615,659,-1,659,615,1502,-1,659,1502,1503,-1,1504,1499,1505,-1,1505,1499,659,-1,1505,659,1506,-1,1506,659,1503,-1,605,1490,1501,-1,1501,1490,1499,-1,1501,1499,1507,-1,1507,1499,1504,-1,1496,1495,1508,-1,1508,1495,1509,-1,1496,1508,674,-1,674,1508,672,-1,1338,1337,643,-1,643,1337,644,-1,1337,1336,644,-1,644,1336,1334,-1,644,1334,640,-1,1334,1332,640,-1,640,1332,1330,-1,640,1330,638,-1,638,1330,1329,-1,638,1329,1510,-1,1329,1328,1510,-1,1510,1328,1326,-1,1510,1326,1511,-1,1321,1512,1323,-1,1323,1512,1511,-1,1323,1511,1324,-1,1324,1511,1326,-1,1321,1319,1512,-1,1512,1319,1318,-1,1512,1318,1513,-1,1313,1514,1315,-1,1315,1514,1513,-1,1315,1513,1317,-1,1317,1513,1318,-1,1313,1311,1514,-1,1514,1311,1310,-1,1514,1310,1515,-1,1310,1309,1515,-1,1515,1309,1307,-1,1515,1307,1516,-1,1302,1517,1304,-1,1304,1517,1516,-1,1304,1516,1305,-1,1305,1516,1307,-1,1302,1300,1517,-1,1517,1300,1299,-1,1517,1299,1518,-1,1294,1519,1296,-1,1296,1519,1518,-1,1296,1518,1298,-1,1298,1518,1299,-1,1294,1292,1519,-1,1519,1292,1291,-1,1519,1291,1520,-1,1291,1289,1520,-1,1520,1289,1288,-1,1520,1288,1521,-1,1280,1522,1523,-1,1288,1287,1521,-1,1521,1287,1285,-1,1521,1285,1524,-1,1524,1285,1283,-1,1524,1283,1523,-1,1523,1283,1281,-1,1523,1281,1280,-1,1280,1273,1522,-1,1522,1273,1275,-1,1522,1275,1525,-1,1279,1526,1278,-1,1278,1526,1525,-1,1278,1525,1277,-1,1277,1525,1275,-1,1464,1527,1466,-1,1466,1527,1528,-1,1466,1528,1468,-1,1468,1528,1529,-1,657,1467,658,-1,658,1467,1468,-1,1529,1530,1468,-1,1468,1530,1479,-1,1468,1479,658,-1,658,1479,1461,-1,1479,1530,1478,-1,1478,1530,1531,-1,1478,1531,655,-1,655,1531,656,-1,656,1531,661,-1,661,1531,1532,-1,662,661,1480,-1,1480,661,1532,-1,1480,1532,1494,-1,1494,1532,1533,-1,1534,1492,1533,-1,1533,1492,1483,-1,1533,1483,1494,-1,1494,1483,664,-1,1494,664,1493,-1,1493,664,665,-1,1492,1534,1491,-1,1491,1534,1535,-1,1491,1535,1497,-1,1497,1535,1498,-1,1498,1535,1536,-1,1498,1536,1500,-1,1500,1536,1537,-1,1537,1538,1500,-1,1500,1538,1509,-1,1495,660,1509,-1,1509,660,659,-1,1509,659,1500,-1,1500,659,1499,-1,1509,1538,1508,-1,1508,1538,1539,-1,1508,1539,672,-1,672,1539,673,-1,673,1539,675,-1,675,1539,1540,-1,1541,1540,1542,-1,1542,1540,1543,-1,1541,1544,1540,-1,1540,1544,1545,-1,1540,1545,1546,-1,1547,675,1548,-1,1548,675,1540,-1,1548,1540,1549,-1,1549,1540,1546,-1,1547,1550,675,-1,675,1550,1551,-1,675,1551,1552,-1,1552,1553,675,-1,675,1553,1554,-1,675,1554,639,-1,1522,1525,1526,-1,1543,1523,1555,-1,1555,1523,1522,-1,1555,1522,1556,-1,1556,1522,1526,-1,1511,637,1510,-1,1510,637,638,-1,1519,1520,636,-1,1519,636,1518,-1,1511,1512,637,-1,637,1512,1513,-1,637,1513,1514,-1,1514,1515,637,-1,637,1515,1516,-1,637,1516,636,-1,636,1516,1517,-1,636,1517,1518,-1,1520,1521,636,-1,636,1521,1524,-1,636,1524,1523,-1,1557,1558,1559,-1,1559,1558,1560,-1,1561,1562,997,-1,997,1118,1561,-1,1561,1118,1120,-1,1561,1120,1563,-1,1120,1121,1563,-1,1563,1121,1123,-1,1563,1123,1564,-1,1123,1124,1564,-1,1564,1124,1126,-1,1564,1126,1565,-1,1126,1127,1565,-1,1565,1127,1129,-1,1565,1129,1566,-1,1129,1130,1566,-1,1566,1130,1132,-1,1566,1132,1567,-1,1132,1133,1567,-1,1567,1133,1135,-1,1567,1135,1568,-1,1135,1136,1568,-1,1568,1136,1138,-1,1568,1138,1569,-1,1138,1139,1569,-1,1569,1139,1141,-1,1569,1141,1570,-1,1570,1141,1142,-1,1570,1142,1571,-1,1142,1144,1571,-1,1571,1144,1145,-1,1571,1145,1572,-1,1145,1147,1572,-1,1572,1147,1148,-1,1572,1148,1573,-1,1148,1150,1573,-1,1573,1150,1151,-1,1573,1151,1574,-1,1574,1151,1153,-1,1574,1153,1575,-1,859,858,1576,-1,1577,859,1578,-1,1578,859,1576,-1,1578,1576,1579,-1,1579,1580,1578,-1,1578,1580,1581,-1,1578,1581,669,-1,669,1581,1582,-1,627,626,1583,-1,1583,626,669,-1,1583,669,1584,-1,1584,669,1582,-1,1585,1586,1557,-1,1557,1586,1558,-1,1587,1588,1463,-1,1463,1588,1527,-1,1463,1527,1464,-1,1559,1560,1589,-1,1589,1560,1590,-1,1591,1592,1593,-1,1593,1592,1594,-1,676,1595,677,-1,677,1595,1589,-1,1590,1596,1589,-1,1589,1596,1594,-1,1589,1594,677,-1,677,1594,1592,-1,677,1592,679,-1,679,1592,1591,-1,1589,1595,1597,-1,1578,1585,1577,-1,1577,1585,1557,-1,1577,1557,1597,-1,1597,1557,1559,-1,1597,1559,1589,-1,859,1577,861,-1,861,1577,1597,-1,1598,860,861,-1,1599,1595,1600,-1,1600,1595,676,-1,1600,676,1601,-1,1601,676,1602,-1,628,629,676,-1,676,629,1603,-1,676,1603,1602,-1,861,1597,1598,-1,1598,1597,1595,-1,1598,1595,1604,-1,1604,1595,1599,-1,633,635,632,-1,632,635,634,-1,632,634,1605,-1,1605,634,1606,-1,632,1605,630,-1,630,1605,1607,-1,668,1607,669,-1,669,1607,1605,-1,1578,669,1585,-1,1585,669,1605,-1,1585,1605,1586,-1,1586,1605,1606,-1,631,630,668,-1,668,630,1607,-1,1257,1608,1459,-1,1609,1456,1610,-1,1610,1456,1457,-1,1610,1457,1608,-1,1608,1457,1458,-1,1608,1458,1459,-1,1611,1453,1612,-1,1612,1453,1454,-1,1612,1454,1609,-1,1609,1454,1455,-1,1609,1455,1456,-1,1613,1450,1614,-1,1614,1450,1451,-1,1614,1451,1611,-1,1611,1451,1452,-1,1611,1452,1453,-1,1615,1439,1616,-1,1616,1439,1440,-1,1616,1440,1617,-1,1234,1237,1618,-1,1243,1619,1239,-1,1239,1619,1620,-1,1239,1620,1237,-1,1237,1620,1621,-1,1237,1621,1618,-1,1255,1622,1252,-1,1252,1622,1623,-1,1252,1623,1249,-1,1459,1460,1257,-1,1257,1460,1624,-1,1257,1624,1259,-1,1259,1624,1625,-1,1259,1625,1255,-1,1255,1625,1626,-1,1255,1626,1622,-1,1627,1447,1628,-1,1628,1447,1448,-1,1628,1448,1613,-1,1613,1448,1449,-1,1613,1449,1450,-1,1228,1629,1225,-1,1225,1629,1630,-1,1225,1630,1222,-1,1618,1631,1234,-1,1234,1631,1632,-1,1234,1632,1231,-1,1231,1632,1633,-1,1231,1633,1228,-1,1228,1633,1634,-1,1228,1634,1629,-1,1623,1635,1249,-1,1249,1635,1636,-1,1249,1636,1246,-1,1246,1636,1637,-1,1246,1637,1243,-1,1243,1637,1638,-1,1243,1638,1619,-1,1215,1436,1639,-1,1639,1436,1437,-1,1639,1437,1615,-1,1615,1437,1438,-1,1615,1438,1439,-1,1640,1445,1627,-1,1627,1445,1446,-1,1627,1446,1447,-1,1440,1441,1617,-1,1617,1441,1442,-1,1617,1442,1641,-1,1641,1442,1443,-1,1641,1443,1640,-1,1640,1443,1444,-1,1640,1444,1445,-1,1214,1642,1215,-1,1215,1642,1262,-1,1215,1262,1436,-1,1630,1643,1222,-1,1222,1643,1644,-1,1222,1644,1219,-1,1219,1644,1645,-1,1219,1645,1214,-1,1214,1645,1646,-1,1214,1646,1642,-1,1470,1647,1471,-1,1471,1647,1648,-1,653,1649,652,-1,652,1649,1650,-1,613,1251,615,-1,615,1251,1250,-1,615,1250,1502,-1,1651,1647,1470,-1,1647,1651,1652,-1,1652,1651,1653,-1,1652,1653,1654,-1,1654,1653,1655,-1,1654,1655,1656,-1,1656,1655,1657,-1,1656,1657,1658,-1,1658,1657,1659,-1,1658,1659,1660,-1,1660,1659,1661,-1,1660,1661,1662,-1,1662,1661,1663,-1,1662,1663,1664,-1,1664,1663,1665,-1,1664,1665,617,-1,617,1665,1666,-1,617,1666,619,-1,1250,1248,1502,-1,1502,1248,1247,-1,1502,1247,1503,-1,1247,1245,1503,-1,1503,1245,1244,-1,1503,1244,1506,-1,1244,1242,1506,-1,1506,1242,1241,-1,1506,1241,1505,-1,1241,1240,1505,-1,1505,1240,1238,-1,1505,1238,1504,-1,1238,1236,1504,-1,1504,1236,1235,-1,1504,1235,1507,-1,1235,1233,1507,-1,1507,1233,1232,-1,1507,1232,1501,-1,1667,1218,1668,-1,1668,1218,1217,-1,1668,1217,1216,-1,1669,1223,1670,-1,1670,1223,1221,-1,1670,1221,1667,-1,1667,1221,1220,-1,1667,1220,1218,-1,1470,1227,1651,-1,1651,1227,1226,-1,1651,1226,1669,-1,1669,1226,1224,-1,1669,1224,1223,-1,1232,1230,1501,-1,1501,1230,1229,-1,1501,1229,604,-1,604,1229,1227,-1,604,1227,602,-1,602,1227,1470,-1,602,1470,1484,-1,1484,1470,1469,-1,1484,1469,1482,-1,1482,1469,1477,-1,1482,1477,1485,-1,1485,1477,1474,-1,1485,1474,1486,-1,1486,1474,1475,-1,1486,1475,1487,-1,1487,1475,1476,-1,1487,1476,1489,-1,1489,1476,1473,-1,1489,1473,1488,-1,1488,1473,1472,-1,1488,1472,613,-1,613,1472,619,-1,613,619,1251,-1,1251,619,1666,-1,1251,1666,1253,-1,1253,1666,1671,-1,1253,1671,1254,-1,1254,1671,1261,-1,1261,1671,1672,-1,1261,1672,1260,-1,1260,1672,1258,-1,1258,1672,1673,-1,1258,1673,1256,-1,1654,1674,1652,-1,1652,1674,1648,-1,1652,1648,1647,-1,1654,1656,1674,-1,1674,1656,1658,-1,1674,1658,667,-1,667,1658,1660,-1,617,616,1664,-1,1664,616,667,-1,1664,667,1662,-1,1662,667,1660,-1,1465,1471,1463,-1,1463,1471,1648,-1,1463,1648,1587,-1,1587,1648,1674,-1,1675,876,1676,-1,1673,1677,1678,-1,1678,1677,1679,-1,1678,1679,1680,-1,1680,1679,1681,-1,1680,1681,1682,-1,1682,1681,1683,-1,1682,1683,1684,-1,1684,1683,1685,-1,1684,1685,1686,-1,1686,1685,1687,-1,1686,1687,1688,-1,1688,1687,1689,-1,1688,1689,1690,-1,1690,1689,1675,-1,1690,1675,1691,-1,1691,1675,1676,-1,1691,1676,874,-1,873,876,1675,-1,873,1675,1692,-1,1675,1689,1692,-1,1692,1689,1687,-1,1692,1687,1693,-1,1687,1685,1693,-1,1693,1685,1683,-1,1693,1683,1694,-1,1677,1695,1679,-1,1679,1695,1694,-1,1679,1694,1681,-1,1681,1694,1683,-1,620,681,684,-1,1649,653,1696,-1,1696,653,646,-1,878,597,1697,-1,1697,597,595,-1,1697,595,1698,-1,1698,595,699,-1,1698,699,1699,-1,1699,699,1700,-1,1700,699,698,-1,1700,698,688,-1,646,645,1701,-1,1702,1703,1704,-1,1704,1703,689,-1,1704,689,1705,-1,1705,689,850,-1,621,1694,645,-1,645,1694,1695,-1,645,1695,1701,-1,1701,1706,646,-1,646,1706,1707,-1,646,1707,1696,-1,1696,1707,1708,-1,1696,1708,1709,-1,1703,1710,689,-1,689,1710,1711,-1,689,1711,688,-1,688,1711,1712,-1,688,1712,1700,-1,684,873,620,-1,620,873,1692,-1,620,1692,621,-1,621,1692,1693,-1,621,1693,1694,-1,1709,1713,1696,-1,1696,1713,1714,-1,1696,1714,1704,-1,1704,1714,1715,-1,1704,1715,1702,-1,850,851,1705,-1,1705,851,1716,-1,844,1717,839,-1,839,1717,1716,-1,839,1716,837,-1,837,1716,851,-1,837,851,702,-1,702,851,703,-1,1717,1718,1716,-1,1716,1718,1704,-1,1716,1704,1705,-1,1719,1696,1718,-1,1718,1696,1704,-1,1719,1720,1696,-1,1696,1720,1650,-1,1696,1650,1649,-1,652,1650,650,-1,650,1650,1720,-1,1588,1587,836,-1,836,1587,1674,-1,836,1674,834,-1,834,1674,667,-1,834,667,832,-1,832,667,666,-1,671,833,666,-1,666,833,832,-1,845,651,1720,-1,1720,651,650,-1,844,845,1717,-1,1717,845,1720,-1,1717,1720,1718,-1,1718,1720,1719,-1,589,1721,1722,-1,882,588,611,-1,611,588,589,-1,611,589,610,-1,610,589,1722,-1,1723,1724,579,-1,579,1724,1725,-1,579,1725,583,-1,855,848,849,-1,579,577,1723,-1,1723,577,855,-1,1723,855,1726,-1,1726,855,849,-1,1727,1724,1726,-1,1726,1724,1723,-1,591,622,623,-1,583,1725,1721,-1,589,587,593,-1,593,591,589,-1,589,591,623,-1,589,623,1721,-1,1721,623,585,-1,1721,585,583,-1,1728,581,1729,-1,1729,581,582,-1,584,625,608,-1,1729,582,610,-1,610,582,584,-1,610,584,609,-1,609,584,608,-1,606,624,607,-1,607,624,580,-1,1728,1730,581,-1,581,1730,1731,-1,581,1731,1732,-1,1732,1733,581,-1,581,1733,1734,-1,581,1734,580,-1,580,1734,611,-1,580,611,607,-1,1727,1722,1724,-1,1724,1722,1721,-1,1724,1721,1725,-1,1530,1529,1528,-1,1543,1540,1539,-1,1539,1538,1543,-1,1543,1538,1537,-1,1543,1537,1536,-1,1561,1563,1558,-1,1558,1586,1606,-1,1535,1534,1533,-1,1561,1558,1562,-1,1735,1562,1543,-1,1543,1562,1558,-1,1543,1558,1523,-1,1523,1558,1606,-1,1523,1606,636,-1,636,1606,634,-1,1736,1737,1535,-1,1535,1737,1738,-1,1570,1571,704,-1,704,1571,1572,-1,1560,1567,1568,-1,1560,1568,704,-1,704,1568,1569,-1,704,1569,1570,-1,1533,1739,1535,-1,1535,1739,1740,-1,1535,1740,1736,-1,1563,1564,1558,-1,1558,1564,1565,-1,1558,1565,1560,-1,1560,1565,1566,-1,1560,1566,1567,-1,1738,1741,1535,-1,1535,1741,1742,-1,1535,1742,1536,-1,1536,1743,1744,-1,1533,1532,1531,-1,1742,1745,1746,-1,1746,1747,1742,-1,1742,1747,1748,-1,1742,1748,1536,-1,1536,1748,1749,-1,1536,1749,1743,-1,1531,1530,1533,-1,1533,1530,1528,-1,1533,1528,1739,-1,1739,1528,1527,-1,1739,1527,1750,-1,1750,1527,1588,-1,1750,1588,836,-1,702,686,837,-1,837,686,688,-1,1744,1751,1536,-1,1536,1751,1752,-1,1536,1752,1543,-1,1543,1752,1753,-1,1543,1753,1735,-1,700,856,698,-1,698,856,697,-1,698,697,688,-1,34,1754,1755,-1,1572,1573,704,-1,704,1573,1756,-1,704,1756,1742,-1,1742,1756,1757,-1,1742,1757,1745,-1,836,550,1750,-1,1750,550,34,-1,1750,34,1758,-1,1758,34,1755,-1,693,707,709,-1,693,691,707,-1,707,691,855,-1,707,855,704,-1,577,576,855,-1,855,576,1596,-1,855,1596,704,-1,704,1596,1590,-1,704,1590,1560,-1,696,723,725,-1,709,711,693,-1,693,711,713,-1,693,713,715,-1,697,696,688,-1,688,696,725,-1,688,725,837,-1,837,725,727,-1,837,727,34,-1,34,727,729,-1,34,729,1754,-1,715,717,693,-1,693,717,719,-1,693,719,696,-1,696,719,721,-1,696,721,723,-1,1594,1596,1593,-1,1593,1596,576,-1,1593,576,678,-1,678,576,578,-1,1729,610,1722,-1,1727,1726,849,-1,882,611,872,-1,872,611,879,-1,872,879,866,-1,866,879,862,-1,611,1734,879,-1,879,1734,1759,-1,879,1759,1760,-1,1760,1761,879,-1,879,1761,1762,-1,879,1762,1728,-1,1722,1727,1729,-1,1729,1727,849,-1,1729,849,1728,-1,1728,849,847,-1,1728,847,879,-1,679,1591,678,-1,678,1591,1593,-1,1763,1764,858,-1,858,1764,1576,-1,880,1765,863,-1,863,1765,860,-1,863,860,864,-1,864,860,1598,-1,864,1598,869,-1,869,1598,1604,-1,869,1604,870,-1,870,1604,1599,-1,870,1599,871,-1,871,1599,1600,-1,871,1600,868,-1,868,1600,1601,-1,868,1601,867,-1,867,1601,1602,-1,867,1602,865,-1,865,1602,1603,-1,1583,1766,627,-1,627,1766,1767,-1,627,1767,629,-1,1764,1768,1576,-1,1576,1768,1769,-1,1576,1769,1579,-1,1769,1770,1579,-1,1579,1770,1771,-1,1579,1771,1580,-1,1771,1772,1580,-1,1580,1772,1773,-1,1580,1773,1581,-1,1773,1774,1581,-1,1581,1774,1775,-1,1581,1775,1582,-1,1775,1776,1582,-1,1582,1776,1777,-1,1582,1777,1584,-1,1777,1778,1584,-1,1584,1778,1779,-1,1584,1779,1583,-1,1583,1779,1780,-1,1583,1780,1766,-1,1256,1673,1781,-1,1781,1673,1678,-1,1781,1678,1782,-1,1782,1678,1680,-1,1782,1680,1783,-1,1783,1680,1682,-1,1783,1682,1784,-1,1784,1682,1684,-1,1784,1684,1785,-1,1785,1684,1686,-1,1785,1686,1767,-1,1767,1686,1688,-1,1767,1688,629,-1,629,1688,1690,-1,629,1690,1603,-1,1603,1690,1691,-1,1603,1691,865,-1,865,1691,874,-1,858,860,1763,-1,1763,860,1765,-1,1763,1765,1786,-1,1786,1765,1787,-1,1786,1787,1788,-1,1788,1787,1789,-1,1788,1789,1790,-1,1790,1789,1791,-1,1790,1791,1792,-1,1792,1791,1793,-1,1792,1793,1794,-1,1794,1793,1795,-1,1794,1795,1796,-1,1796,1795,1797,-1,1796,1797,1798,-1,1798,1797,1799,-1,1798,1799,1216,-1,1216,1799,1668,-1,1667,1668,1800,-1,1800,1801,1667,-1,1667,1801,1802,-1,1667,1802,1670,-1,1802,1803,1670,-1,1670,1803,1804,-1,1670,1804,1669,-1,1804,1805,1669,-1,1669,1805,1806,-1,1669,1806,1651,-1,1806,1807,1651,-1,1651,1807,1808,-1,1651,1808,1653,-1,1808,1809,1653,-1,1653,1809,1810,-1,1653,1810,1655,-1,1810,1811,1655,-1,1655,1811,1812,-1,1655,1812,1657,-1,1812,1813,1657,-1,1657,1813,1814,-1,1657,1814,1659,-1,1814,1815,1659,-1,1659,1815,1816,-1,1659,1816,1661,-1,1816,1817,1661,-1,1661,1817,1818,-1,1661,1818,1663,-1,1818,1819,1663,-1,1663,1819,1820,-1,1663,1820,1665,-1,1820,1821,1665,-1,1665,1821,1822,-1,1665,1822,1666,-1,1666,1822,1823,-1,1666,1823,1671,-1,1823,1824,1671,-1,1671,1824,1825,-1,1671,1825,1672,-1,1677,1673,1826,-1,1826,1673,1672,-1,1826,1672,1827,-1,1827,1672,1825,-1,877,1828,1829,-1,1829,1828,1765,-1,1829,1765,880,-1,1800,1668,1830,-1,1830,1668,1799,-1,1830,1799,1831,-1,1831,1799,1797,-1,1831,1797,1832,-1,1832,1797,1795,-1,1832,1795,1833,-1,1833,1795,1793,-1,1833,1793,1834,-1,1834,1793,1791,-1,1834,1791,1835,-1,1835,1791,1789,-1,1835,1789,1828,-1,1828,1789,1787,-1,1828,1787,1765,-1,1677,1826,1695,-1,1695,1826,1701,-1,1826,1827,1701,-1,1701,1827,1825,-1,1701,1825,1706,-1,1825,1824,1706,-1,1706,1824,1823,-1,1706,1823,1707,-1,1823,1822,1707,-1,1707,1822,1821,-1,1707,1821,1708,-1,1821,1820,1708,-1,1708,1820,1819,-1,1708,1819,1709,-1,1819,1818,1709,-1,1709,1818,1817,-1,1709,1817,1713,-1,1817,1816,1713,-1,1713,1816,1815,-1,1713,1815,1714,-1,1815,1814,1714,-1,1714,1814,1813,-1,1714,1813,1715,-1,1813,1812,1715,-1,1715,1812,1811,-1,1715,1811,1702,-1,1811,1810,1702,-1,1702,1810,1809,-1,1702,1809,1703,-1,1809,1808,1703,-1,1703,1808,1807,-1,1703,1807,1710,-1,1807,1806,1710,-1,1710,1806,1805,-1,1710,1805,1711,-1,1805,1804,1711,-1,1711,1804,1803,-1,1711,1803,1712,-1,1800,1700,1801,-1,1801,1700,1712,-1,1801,1712,1802,-1,1802,1712,1803,-1,1800,1830,1700,-1,1700,1830,1699,-1,1830,1831,1699,-1,1699,1831,1832,-1,1699,1832,1698,-1,1832,1833,1698,-1,1698,1833,1834,-1,1698,1834,1697,-1,877,878,1828,-1,1828,878,1697,-1,1828,1697,1835,-1,1835,1697,1834,-1,1608,1257,1256,-1,1256,1781,1608,-1,1608,1781,1782,-1,1608,1782,1610,-1,1782,1783,1610,-1,1610,1783,1784,-1,1610,1784,1609,-1,1784,1785,1609,-1,1609,1785,1767,-1,1609,1767,1612,-1,1767,1766,1612,-1,1612,1766,1780,-1,1612,1780,1611,-1,1780,1779,1611,-1,1611,1779,1778,-1,1611,1778,1614,-1,1778,1777,1614,-1,1614,1777,1776,-1,1614,1776,1613,-1,1776,1775,1613,-1,1613,1775,1774,-1,1613,1774,1628,-1,1628,1774,1773,-1,1628,1773,1627,-1,1627,1773,1772,-1,1772,1771,1627,-1,1627,1771,1770,-1,1627,1770,1640,-1,1770,1769,1640,-1,1640,1769,1768,-1,1640,1768,1641,-1,1768,1764,1641,-1,1641,1764,1763,-1,1641,1763,1617,-1,1763,1786,1617,-1,1617,1786,1788,-1,1617,1788,1616,-1,1788,1790,1616,-1,1616,1790,1792,-1,1616,1792,1615,-1,1216,1215,1798,-1,1798,1215,1639,-1,1798,1639,1796,-1,1796,1639,1615,-1,1796,1615,1794,-1,1794,1615,1792,-1,1460,1435,1836,-1,1435,1411,1837,-1,1411,1387,1838,-1,1387,1363,1839,-1,1363,1339,1840,-1,1841,1842,1843,-1,1843,1842,1844,-1,1843,1844,1845,-1,1845,1844,1840,-1,1845,1840,1846,-1,1846,1840,1339,-1,1846,1339,1338,-1,1841,1847,1842,-1,1842,1847,1848,-1,1842,1848,1849,-1,1849,1848,1850,-1,1849,1850,1851,-1,1851,1850,1852,-1,1851,1852,1853,-1,1853,1852,1854,-1,1854,1855,1853,-1,1853,1855,1856,-1,1853,1856,1857,-1,1856,1858,1857,-1,1857,1858,1859,-1,1857,1859,1860,-1,1860,1859,1861,-1,1860,1861,1862,-1,1862,1861,1863,-1,1862,1863,1864,-1,1864,1863,1865,-1,1865,1866,1864,-1,1864,1866,1867,-1,1864,1867,1868,-1,1868,1867,1869,-1,1868,1869,1870,-1,1870,1869,1871,-1,1870,1871,1872,-1,1871,1873,1872,-1,1872,1873,1874,-1,1872,1874,1875,-1,1875,1874,1876,-1,1876,1877,1875,-1,1875,1877,1878,-1,1875,1878,1879,-1,1879,1878,1880,-1,1879,1880,1881,-1,1881,1880,1882,-1,1881,1882,1883,-1,1883,1882,1884,-1,1884,1885,1883,-1,1883,1885,1886,-1,1883,1886,1887,-1,1887,1886,1888,-1,1887,1888,1889,-1,1888,1890,1889,-1,1889,1890,1891,-1,1889,1891,1892,-1,1892,1891,1893,-1,1892,1893,1894,-1,1894,1893,1895,-1,1895,1896,1894,-1,1894,1896,1897,-1,1894,1897,1898,-1,1898,1897,1899,-1,1898,1899,1900,-1,1900,1899,1901,-1,1900,1901,1902,-1,1902,1901,1903,-1,1903,1904,1902,-1,1902,1904,1279,-1,1902,1279,1271,-1,1363,1840,1839,-1,1839,1840,1844,-1,1839,1844,1905,-1,1905,1844,1842,-1,1905,1842,1906,-1,1906,1842,1849,-1,1906,1849,1907,-1,1907,1849,1851,-1,1907,1851,1908,-1,1908,1851,1853,-1,1908,1853,1909,-1,1909,1853,1857,-1,1909,1857,1910,-1,1910,1857,1860,-1,1910,1860,1911,-1,1911,1860,1862,-1,1911,1862,1912,-1,1912,1862,1864,-1,1912,1864,1913,-1,1913,1864,1868,-1,1913,1868,1914,-1,1914,1868,1870,-1,1914,1870,1915,-1,1915,1870,1872,-1,1915,1872,1916,-1,1916,1872,1875,-1,1916,1875,1917,-1,1917,1875,1879,-1,1917,1879,1918,-1,1918,1879,1881,-1,1918,1881,1919,-1,1919,1881,1883,-1,1919,1883,1920,-1,1920,1883,1887,-1,1920,1887,1921,-1,1921,1887,1889,-1,1921,1889,1922,-1,1922,1889,1892,-1,1922,1892,1923,-1,1923,1892,1894,-1,1923,1894,1924,-1,1924,1894,1898,-1,1924,1898,1925,-1,1925,1898,1900,-1,1925,1900,1926,-1,1926,1900,1902,-1,1926,1902,1927,-1,1927,1902,1271,-1,1927,1271,1269,-1,1387,1839,1838,-1,1838,1839,1905,-1,1838,1905,1928,-1,1928,1905,1906,-1,1928,1906,1929,-1,1929,1906,1907,-1,1929,1907,1930,-1,1930,1907,1908,-1,1930,1908,1931,-1,1931,1908,1909,-1,1931,1909,1932,-1,1932,1909,1910,-1,1932,1910,1933,-1,1933,1910,1911,-1,1933,1911,1934,-1,1934,1911,1912,-1,1934,1912,1935,-1,1935,1912,1913,-1,1935,1913,1936,-1,1936,1913,1914,-1,1936,1914,1937,-1,1937,1914,1915,-1,1937,1915,1938,-1,1938,1915,1916,-1,1938,1916,1939,-1,1939,1916,1917,-1,1939,1917,1940,-1,1940,1917,1918,-1,1940,1918,1941,-1,1941,1918,1919,-1,1941,1919,1942,-1,1942,1919,1920,-1,1942,1920,1943,-1,1943,1920,1921,-1,1943,1921,1944,-1,1944,1921,1922,-1,1944,1922,1945,-1,1945,1922,1923,-1,1945,1923,1946,-1,1946,1923,1924,-1,1946,1924,1947,-1,1947,1924,1925,-1,1947,1925,1948,-1,1948,1925,1926,-1,1948,1926,1949,-1,1949,1926,1927,-1,1949,1927,1950,-1,1950,1927,1269,-1,1950,1269,1267,-1,1411,1838,1837,-1,1837,1838,1928,-1,1837,1928,1951,-1,1951,1928,1929,-1,1951,1929,1952,-1,1952,1929,1930,-1,1952,1930,1953,-1,1953,1930,1931,-1,1953,1931,1954,-1,1954,1931,1932,-1,1954,1932,1955,-1,1955,1932,1933,-1,1955,1933,1956,-1,1956,1933,1934,-1,1956,1934,1957,-1,1957,1934,1935,-1,1957,1935,1958,-1,1958,1935,1936,-1,1958,1936,1959,-1,1959,1936,1937,-1,1959,1937,1960,-1,1960,1937,1938,-1,1960,1938,1961,-1,1961,1938,1939,-1,1961,1939,1962,-1,1962,1939,1940,-1,1962,1940,1963,-1,1963,1940,1941,-1,1963,1941,1964,-1,1964,1941,1942,-1,1964,1942,1965,-1,1965,1942,1943,-1,1965,1943,1966,-1,1966,1943,1944,-1,1966,1944,1967,-1,1967,1944,1945,-1,1967,1945,1968,-1,1968,1945,1946,-1,1968,1946,1969,-1,1969,1946,1947,-1,1969,1947,1970,-1,1970,1947,1948,-1,1970,1948,1971,-1,1971,1948,1949,-1,1971,1949,1972,-1,1972,1949,1950,-1,1972,1950,1973,-1,1973,1950,1267,-1,1973,1267,1265,-1,1435,1837,1836,-1,1836,1837,1951,-1,1836,1951,1974,-1,1974,1951,1952,-1,1974,1952,1975,-1,1975,1952,1953,-1,1975,1953,1976,-1,1976,1953,1954,-1,1976,1954,1977,-1,1977,1954,1955,-1,1977,1955,1978,-1,1978,1955,1956,-1,1978,1956,1979,-1,1979,1956,1957,-1,1979,1957,1980,-1,1980,1957,1958,-1,1980,1958,1981,-1,1981,1958,1959,-1,1981,1959,1982,-1,1982,1959,1960,-1,1982,1960,1983,-1,1983,1960,1961,-1,1983,1961,1984,-1,1984,1961,1962,-1,1984,1962,1985,-1,1985,1962,1963,-1,1985,1963,1986,-1,1986,1963,1964,-1,1986,1964,1987,-1,1987,1964,1965,-1,1987,1965,1988,-1,1988,1965,1966,-1,1988,1966,1989,-1,1989,1966,1967,-1,1989,1967,1990,-1,1990,1967,1968,-1,1990,1968,1991,-1,1991,1968,1969,-1,1991,1969,1992,-1,1992,1969,1970,-1,1992,1970,1993,-1,1993,1970,1971,-1,1993,1971,1994,-1,1994,1971,1972,-1,1994,1972,1995,-1,1995,1972,1973,-1,1995,1973,1996,-1,1996,1973,1265,-1,1996,1265,1263,-1,1460,1836,1624,-1,1624,1836,1974,-1,1624,1974,1625,-1,1625,1974,1975,-1,1625,1975,1626,-1,1626,1975,1976,-1,1626,1976,1622,-1,1622,1976,1977,-1,1622,1977,1623,-1,1623,1977,1978,-1,1623,1978,1635,-1,1635,1978,1979,-1,1635,1979,1636,-1,1636,1979,1980,-1,1636,1980,1637,-1,1637,1980,1981,-1,1637,1981,1638,-1,1638,1981,1982,-1,1638,1982,1619,-1,1619,1982,1983,-1,1619,1983,1620,-1,1620,1983,1984,-1,1620,1984,1621,-1,1621,1984,1985,-1,1621,1985,1618,-1,1618,1985,1986,-1,1618,1986,1631,-1,1631,1986,1987,-1,1631,1987,1632,-1,1632,1987,1988,-1,1632,1988,1633,-1,1633,1988,1989,-1,1633,1989,1634,-1,1634,1989,1990,-1,1634,1990,1629,-1,1629,1990,1991,-1,1629,1991,1630,-1,1630,1991,1992,-1,1630,1992,1643,-1,1643,1992,1993,-1,1643,1993,1644,-1,1644,1993,1994,-1,1644,1994,1645,-1,1645,1994,1995,-1,1645,1995,1646,-1,1646,1995,1996,-1,1646,1996,1642,-1,1642,1996,1263,-1,1642,1263,1262,-1,1279,1904,1526,-1,1526,1904,1556,-1,1904,1903,1556,-1,1556,1903,1901,-1,1556,1901,1555,-1,1901,1899,1555,-1,1555,1899,1897,-1,1555,1897,1543,-1,1543,1897,1896,-1,1543,1896,1542,-1,1896,1895,1542,-1,1542,1895,1893,-1,1542,1893,1541,-1,1888,1544,1890,-1,1890,1544,1541,-1,1890,1541,1891,-1,1891,1541,1893,-1,1888,1886,1544,-1,1544,1886,1885,-1,1544,1885,1545,-1,1880,1546,1882,-1,1882,1546,1545,-1,1882,1545,1884,-1,1884,1545,1885,-1,1880,1878,1546,-1,1546,1878,1877,-1,1546,1877,1549,-1,1877,1876,1549,-1,1549,1876,1874,-1,1549,1874,1548,-1,1869,1547,1871,-1,1871,1547,1548,-1,1871,1548,1873,-1,1873,1548,1874,-1,1869,1867,1547,-1,1547,1867,1866,-1,1547,1866,1550,-1,1861,1551,1863,-1,1863,1551,1550,-1,1863,1550,1865,-1,1865,1550,1866,-1,1861,1859,1551,-1,1551,1859,1858,-1,1551,1858,1552,-1,1858,1856,1552,-1,1552,1856,1855,-1,1552,1855,1553,-1,1847,641,639,-1,1855,1854,1553,-1,1553,1854,1852,-1,1553,1852,1554,-1,1554,1852,1850,-1,1554,1850,639,-1,639,1850,1848,-1,639,1848,1847,-1,1847,1841,641,-1,641,1841,1843,-1,641,1843,642,-1,1338,643,1846,-1,1846,643,642,-1,1846,642,1845,-1,1845,642,1843,-1,949,1757,948,-1,948,1757,1756,-1,948,1756,1575,-1,953,1745,955,-1,955,1745,1757,-1,955,1757,956,-1,956,1757,949,-1,953,951,1745,-1,1745,951,950,-1,1745,950,1746,-1,1746,950,957,-1,1746,957,959,-1,923,1747,924,-1,924,1747,1746,-1,924,1746,960,-1,960,1746,959,-1,970,1748,963,-1,963,1748,1747,-1,963,1747,961,-1,961,1747,923,-1,970,969,1748,-1,1748,969,967,-1,1748,967,1749,-1,967,965,1749,-1,1749,965,964,-1,1749,964,1743,-1,1743,964,971,-1,1743,971,921,-1,921,920,1743,-1,1743,920,972,-1,1743,972,1744,-1,1744,972,974,-1,1744,974,981,-1,977,1751,979,-1,979,1751,1744,-1,979,1744,980,-1,980,1744,981,-1,977,976,1751,-1,1751,976,982,-1,1751,982,1752,-1,982,984,1752,-1,1752,984,989,-1,1752,989,1753,-1,1753,989,988,-1,988,986,1753,-1,1753,986,985,-1,1753,985,1735,-1,1735,985,990,-1,1735,990,992,-1,1997,1562,995,-1,995,1562,1735,-1,995,1735,994,-1,994,1735,992,-1,728,820,1998,-1,820,809,1999,-1,809,798,2000,-1,798,787,2001,-1,787,776,2002,-1,776,765,2003,-1,765,764,822,-1,765,822,2003,-1,2003,822,831,-1,2003,831,2004,-1,2004,831,826,-1,2004,826,2005,-1,2005,826,825,-1,2005,825,2006,-1,2006,825,829,-1,2006,829,2007,-1,2007,829,828,-1,2007,828,2008,-1,2008,828,827,-1,2008,827,2009,-1,2009,827,824,-1,2009,824,2010,-1,2010,824,830,-1,2010,830,2011,-1,2011,830,821,-1,2011,821,2012,-1,2012,821,823,-1,2012,823,2013,-1,2013,823,742,-1,2013,742,740,-1,776,2003,2002,-1,2002,2003,2004,-1,2002,2004,2014,-1,2014,2004,2005,-1,2014,2005,2015,-1,2015,2005,2006,-1,2015,2006,2016,-1,2016,2006,2007,-1,2016,2007,2017,-1,2017,2007,2008,-1,2017,2008,2018,-1,2018,2008,2009,-1,2018,2009,2019,-1,2019,2009,2010,-1,2019,2010,2020,-1,2020,2010,2011,-1,2020,2011,2021,-1,2021,2011,2012,-1,2021,2012,2022,-1,2022,2012,2013,-1,2022,2013,2023,-1,2023,2013,740,-1,2023,740,738,-1,787,2002,2001,-1,2001,2002,2014,-1,2001,2014,2024,-1,2024,2014,2015,-1,2024,2015,2025,-1,2025,2015,2016,-1,2025,2016,2026,-1,2026,2016,2017,-1,2026,2017,2027,-1,2027,2017,2018,-1,2027,2018,2028,-1,2028,2018,2019,-1,2028,2019,2029,-1,2029,2019,2020,-1,2029,2020,2030,-1,2030,2020,2021,-1,2030,2021,2031,-1,2031,2021,2022,-1,2031,2022,2032,-1,2032,2022,2023,-1,2032,2023,2033,-1,2033,2023,738,-1,2033,738,736,-1,798,2001,2000,-1,2000,2001,2024,-1,2000,2024,2034,-1,2034,2024,2025,-1,2034,2025,2035,-1,2035,2025,2026,-1,2035,2026,2036,-1,2036,2026,2027,-1,2036,2027,2037,-1,2037,2027,2028,-1,2037,2028,2038,-1,2038,2028,2029,-1,2038,2029,2039,-1,2039,2029,2030,-1,2039,2030,2040,-1,2040,2030,2031,-1,2040,2031,2041,-1,2041,2031,2032,-1,2041,2032,2042,-1,2042,2032,2033,-1,2042,2033,2043,-1,2043,2033,736,-1,2043,736,734,-1,809,2000,1999,-1,1999,2000,2034,-1,1999,2034,2044,-1,2044,2034,2035,-1,2044,2035,2045,-1,2045,2035,2036,-1,2045,2036,2046,-1,2046,2036,2037,-1,2046,2037,2047,-1,2047,2037,2038,-1,2047,2038,2048,-1,2048,2038,2039,-1,2048,2039,2049,-1,2049,2039,2040,-1,2049,2040,2050,-1,2050,2040,2041,-1,2050,2041,2051,-1,2051,2041,2042,-1,2051,2042,2052,-1,2052,2042,2043,-1,2052,2043,2053,-1,2053,2043,734,-1,2053,734,732,-1,820,1999,1998,-1,1998,1999,2044,-1,1998,2044,2054,-1,2054,2044,2045,-1,2054,2045,2055,-1,2055,2045,2046,-1,2055,2046,2056,-1,2056,2046,2047,-1,2056,2047,2057,-1,2057,2047,2048,-1,2057,2048,2058,-1,2058,2048,2049,-1,2058,2049,2059,-1,2059,2049,2050,-1,2059,2050,2060,-1,2060,2050,2051,-1,2060,2051,2061,-1,2061,2051,2052,-1,2061,2052,2062,-1,2062,2052,2053,-1,2062,2053,2063,-1,2063,2053,732,-1,2063,732,730,-1,728,1998,2064,-1,2064,1998,2054,-1,2064,2054,2065,-1,2065,2054,2055,-1,2065,2055,2066,-1,2066,2055,2056,-1,2066,2056,2067,-1,2067,2056,2057,-1,2067,2057,2068,-1,2068,2057,2058,-1,2068,2058,2069,-1,2069,2058,2059,-1,2069,2059,2070,-1,2070,2059,2060,-1,2070,2060,2071,-1,2071,2060,2061,-1,2071,2061,2072,-1,2072,2061,2062,-1,2072,2062,2073,-1,2073,2062,2063,-1,2073,2063,2074,-1,2074,2063,730,-1,2074,730,705,-1,729,728,2064,-1,729,2064,1754,-1,1754,2064,2065,-1,1754,2065,1755,-1,1755,2065,2066,-1,1755,2066,1758,-1,1758,2066,2067,-1,1758,2067,1750,-1,1750,2067,2068,-1,1750,2068,1739,-1,1739,2068,2069,-1,1739,2069,1740,-1,1740,2069,2070,-1,1740,2070,1736,-1,1736,2070,2071,-1,1736,2071,1737,-1,1737,2071,2072,-1,1737,2072,1738,-1,1738,2072,2073,-1,1738,2073,1741,-1,1741,2073,2074,-1,1741,2074,1742,-1,1742,2074,705,-1,1742,705,704,-1,
        ]
    }
}
Shape{
    appearance Appearance {
        material  Material 	{
            diffuseColor 1.0 1.0 1.0
            specularColor 0.5019607843137255 0.5019607843137255 0.5019607843137255
            ambientIntensity 1.0
            transparency 0.0
            shininess 0.5
        }
    }
    geometry IndexedFaceSet {
        ccw TRUE
        solid FALSE
        coord DEF co Coordinate {
            point [
                1.1658 1.2205 0.9138, 1.1659 1.2205 0.9046, 1.1658 1.2205 0.9138, 1.1659 1.2205 0.9046, 1.1977 1.2205 0.914, 1.1977 1.2205 0.914, 1.1972 1.2205 0.9849, 1.1972 1.2205 0.9849, 1.1972 1.2205 0.9846, 1.2075 1.2205 0.985, 1.2075 1.2205 0.985, 1.2081 1.2205 0.9049, 1.2081 1.2205 0.9049, 1.2075 1.2205 0.9846, 1.1026 1.2205 0.9075, 1.1026 1.2205 0.9075, 1.104 1.2205 0.9068, 1.1248 1.2205 0.903, 1.1248 1.2205 0.903, 1.1223 1.2205 0.9032, 1.1126 1.2205 0.9041, 1.1126 1.2205 0.9041, 1.1061 1.2205 0.9062, 1.104 1.2205 0.9068, 1.1026 1.2205 0.9174, 1.1026 1.2205 0.9174, 1.1061 1.2205 0.9158, 1.11 1.2205 0.9141, 1.11 1.2205 0.9141, 1.1189 1.2205 0.9124, 1.1189 1.2205 0.9124, 1.1233 1.2205 0.9122, 1.1233 1.2205 0.9122, 1.1312 1.2205 0.9132, 1.1312 1.2205 0.9132, 1.1369 1.2205 0.9154, 1.1369 1.2205 0.9154, 1.1422 1.2205 0.9192, 1.1422 1.2205 0.9192, 1.1438 1.2205 0.9208, 1.1438 1.2205 0.9208, 1.1478 1.2205 0.9265, 1.1478 1.2205 0.9265, 1.1503 1.2205 0.9331, 1.1503 1.2205 0.9331, 1.1515 1.2205 0.9429, 1.1515 1.2205 0.9429, 1.1515 1.2205 0.9437, 1.1515 1.2205 0.9437, 1.1504 1.2205 0.9532, 1.1504 1.2205 0.9532, 1.1479 1.2205 0.9605, 1.1479 1.2205 0.9605, 1.1442 1.2205 0.9662, 1.1442 1.2205 0.9662, 1.1429 1.2205 0.9677, 1.1429 1.2205 0.9677, 1.1371 1.2205 0.9723, 1.1371 1.2205 0.9723, 1.1308 1.2205 0.9751, 1.1308 1.2205 0.9751, 1.1238 1.2205 0.9763, 1.1238 1.2205 0.9763, 1.121 1.2205 0.9764, 1.121 1.2205 0.9764, 1.1022 1.2205 0.9715, 1.1022 1.2205 0.9715, 1.1038 1.2205 0.9724, 1.112 1.2205 0.9754, 1.112 1.2205 0.9754, 1.1061 1.2205 0.9732, 1.1038 1.2205 0.9724, 1.1021 1.2205 0.9823, 1.1021 1.2205 0.9823, 1.1094 1.2205 0.9846, 1.1097 1.2205 0.9847, 1.1061 1.2205 0.9836, 1.1097 1.2205 0.9847, 1.12 1.2205 0.9857, 1.12 1.2205 0.9857, 1.1211 1.2205 0.9857, 1.1211 1.2205 0.9857, 1.1325 1.2205 0.9845, 1.1314 1.2205 0.9846, 1.1325 1.2205 0.9845, 1.1409 1.2205 0.9813, 1.1409 1.2205 0.9813, 1.1487 1.2205 0.9759, 1.1487 1.2205 0.9759, 1.1506 1.2205 0.9742, 1.1506 1.2205 0.9742, 1.1559 1.2205 0.9674, 1.1559 1.2205 0.9674, 1.1593 1.2205 0.9601, 1.16 1.2205 0.9587, 1.16 1.2205 0.9587, 1.1621 1.2205 0.9485, 1.1621 1.2205 0.9485, 1.1623 1.2205 0.9431, 1.1623 1.2205 0.9431, 1.1609 1.2205 0.9303, 1.1609 1.2205 0.9303, 1.1593 1.2205 0.9261, 1.1577 1.2205 0.9219, 1.1577 1.2205 0.9219, 1.153 1.2205 0.915, 1.153 1.2205 0.915, 1.1523 1.2205 0.9141, 1.1523 1.2205 0.9141, 1.1287 1.2205 0.9032, 1.13 1.2205 0.9033, 1.13 1.2205 0.9033, 1.1386 1.2205 0.9052, 1.1386 1.2205 0.9052, 1.1461 1.2205 0.9089, 1.1461 1.2205 0.9089, 1.0435 1.2205 0.9129, 1.0436 1.2205 0.9038, 1.0435 1.2205 0.9129, 1.0436 1.2205 0.9038, 1.0762 1.2205 0.9131, 1.0762 1.2205 0.9131, 1.0553 1.2205 0.913, 1.076 1.2205 0.9401, 1.076 1.2205 0.9401, 1.0474 1.2205 0.9399, 1.0474 1.2205 0.9399, 1.0553 1.2205 0.9399, 1.0473 1.2205 0.949, 1.0473 1.2205 0.949, 1.076 1.2205 0.9492, 1.076 1.2205 0.9492, 1.0553 1.2205 0.9491, 1.0758 1.2205 0.9749, 1.0758 1.2205 0.9749, 1.0449 1.2205 0.9746, 1.0449 1.2205 0.9746, 1.0553 1.2205 0.9747, 1.0448 1.2205 0.9839, 1.0448 1.2205 0.9839, 1.0861 1.2205 0.9841, 1.0861 1.2205 0.9841, 1.0553 1.2205 0.9839, 1.0866 1.2205 0.9041, 1.0866 1.2205 0.9041, 1.0553 1.2205 0.9039, 0.9783 1.2205 0.9261, 0.9826 1.2205 0.9208, 0.9753 1.2205 0.9145, 0.9844 1.2205 0.9192, 0.9838 1.2205 0.9085, 0.9898 1.2205 0.9159, 0.993 1.2205 0.905, 0.9968 1.2205 0.9135, 1.0064 1.2205 0.9035, 1.0064 1.2205 0.9126, 1.0284 1.2205 0.9037, 1.018 1.2205 0.9127, 1.0279 1.2205 0.9837, 1.0176 1.2205 0.9745, 1.005 1.2205 0.9836, 1.0055 1.2205 0.9744, 0.9916 1.2205 0.9818, 0.9955 1.2205 0.9732, 0.9821 1.2205 0.9779, 0.9885 1.2205 0.9707, 0.9748 1.2205 0.9728, 0.9825 1.2205 0.9667, 0.9712 1.2205 0.969, 0.9798 1.2205 0.9639, 0.9665 1.2205 0.9617, 0.9768 1.2205 0.9593, 0.9639 1.2205 0.9538, 0.9747 1.2205 0.9532, 0.963 1.2205 0.9443, 0.9738 1.2205 0.9441, 0.9633 1.2205 0.9383, 0.9741 1.2205 0.9395, 0.9655 1.2205 0.9291, 0.9756 1.2205 0.9321, 0.9697 1.2205 0.9209, 1.0064 1.2205 0.9035, 1.0284 1.2205 0.9037, 0.993 1.2205 0.905, 0.9838 1.2205 0.9085, 0.9753 1.2205 0.9145, 0.9697 1.2205 0.9209, 0.9655 1.2205 0.9291, 0.9633 1.2205 0.9383, 0.963 1.2205 0.9443, 0.9639 1.2205 0.9538, 0.9665 1.2205 0.9617, 0.9712 1.2205 0.969, 0.9748 1.2205 0.9728, 0.9821 1.2205 0.9779, 0.9916 1.2205 0.9818, 1.005 1.2205 0.9836, 1.0279 1.2205 0.9837, 1.0055 1.2205 0.9744, 1.0176 1.2205 0.9745, 1.018 1.2205 0.9127, 1.0064 1.2205 0.9126, 0.9826 1.2205 0.9208, 0.9844 1.2205 0.9192, 0.9898 1.2205 0.9159, 0.9968 1.2205 0.9135, 0.9738 1.2205 0.9441, 0.9741 1.2205 0.9395, 0.9756 1.2205 0.9321, 0.9783 1.2205 0.9261, 0.9825 1.2205 0.9667, 0.9798 1.2205 0.9639, 0.9768 1.2205 0.9593, 0.9747 1.2205 0.9532, 0.9955 1.2205 0.9732, 0.9885 1.2205 0.9707
            ]
        }
        coordIndex [
            0,1,2,-1,2,1,3,-1,4,0,5,-1,5,0,2,-1,6,7,8,-1,8,7,4,-1,8,4,5,-1,9,7,10,-1,10,7,6,-1,11,12,13,-1,13,12,9,-1,13,9,10,-1,1,12,3,-1,3,12,11,-1,7,9,4,-1,4,9,12,-1,4,12,0,-1,0,12,1,-1,14,15,16,-1,17,18,19,-1,17,19,20,-1,19,21,20,-1,20,21,22,-1,20,22,16,-1,16,22,23,-1,16,23,14,-1,24,15,25,-1,25,15,14,-1,24,25,26,-1,24,26,27,-1,26,28,27,-1,27,28,29,-1,27,29,30,-1,30,29,31,-1,30,31,32,-1,32,31,33,-1,32,33,34,-1,34,33,35,-1,34,35,36,-1,36,35,37,-1,36,37,38,-1,38,37,39,-1,38,39,40,-1,40,39,41,-1,40,41,42,-1,42,41,43,-1,42,43,44,-1,44,43,45,-1,44,45,46,-1,46,45,47,-1,46,47,48,-1,48,47,49,-1,48,49,50,-1,50,49,51,-1,50,51,52,-1,52,51,53,-1,52,53,54,-1,54,53,55,-1,54,55,56,-1,56,55,57,-1,56,57,58,-1,58,57,59,-1,58,59,60,-1,60,59,61,-1,60,61,62,-1,62,61,63,-1,62,63,64,-1,65,66,67,-1,64,63,68,-1,64,68,69,-1,69,68,70,-1,69,70,67,-1,67,70,71,-1,67,71,65,-1,72,66,73,-1,73,66,65,-1,74,75,76,-1,76,75,72,-1,76,72,73,-1,74,77,75,-1,75,77,78,-1,75,78,79,-1,79,78,80,-1,79,80,81,-1,82,81,83,-1,83,81,80,-1,83,84,82,-1,82,84,85,-1,82,85,86,-1,86,85,87,-1,86,87,88,-1,88,87,89,-1,88,89,90,-1,90,89,91,-1,90,91,92,-1,92,91,93,-1,92,93,94,-1,93,95,94,-1,94,95,96,-1,94,96,97,-1,97,96,98,-1,97,98,99,-1,99,98,100,-1,99,100,101,-1,101,100,102,-1,101,102,103,-1,102,104,103,-1,103,104,105,-1,103,105,106,-1,106,105,107,-1,106,107,108,-1,18,17,109,-1,109,17,110,-1,109,110,111,-1,111,110,112,-1,111,112,113,-1,113,112,114,-1,113,114,115,-1,115,114,108,-1,115,108,107,-1,67,66,72,-1,58,60,82,-1,42,44,101,-1,50,52,92,-1,82,60,81,-1,67,72,69,-1,101,44,99,-1,92,52,90,-1,60,62,81,-1,81,62,64,-1,81,64,79,-1,79,64,69,-1,79,69,75,-1,75,69,72,-1,101,103,42,-1,42,103,106,-1,42,106,40,-1,40,106,108,-1,40,108,38,-1,38,108,114,-1,38,114,36,-1,36,114,112,-1,36,112,34,-1,34,112,110,-1,34,110,32,-1,32,110,17,-1,32,17,30,-1,30,17,20,-1,30,20,27,-1,27,20,16,-1,27,16,24,-1,24,16,15,-1,82,86,58,-1,58,86,88,-1,58,88,56,-1,56,88,90,-1,56,90,54,-1,54,90,52,-1,44,46,99,-1,99,46,48,-1,99,48,97,-1,97,48,50,-1,97,50,94,-1,94,50,92,-1,116,117,118,-1,118,117,119,-1,120,121,122,-1,122,121,116,-1,122,116,118,-1,123,121,124,-1,124,121,120,-1,125,126,127,-1,127,126,123,-1,127,123,124,-1,128,126,129,-1,129,126,125,-1,130,131,132,-1,132,131,128,-1,132,128,129,-1,133,131,134,-1,134,131,130,-1,135,136,137,-1,137,136,133,-1,137,133,134,-1,138,136,139,-1,139,136,135,-1,140,141,142,-1,142,141,138,-1,142,138,139,-1,143,141,144,-1,144,141,140,-1,119,117,145,-1,145,117,143,-1,145,143,144,-1,117,116,143,-1,143,116,121,-1,126,128,123,-1,123,128,131,-1,136,138,133,-1,133,138,141,-1,133,141,131,-1,131,141,143,-1,131,143,123,-1,123,143,121,-1,146,147,148,-1,148,147,149,-1,148,149,150,-1,150,149,151,-1,150,151,152,-1,152,151,153,-1,152,153,154,-1,154,153,155,-1,154,155,156,-1,156,155,157,-1,156,157,158,-1,158,157,159,-1,158,159,160,-1,160,159,161,-1,160,161,162,-1,162,161,163,-1,162,163,164,-1,164,163,165,-1,164,165,166,-1,166,165,167,-1,166,167,168,-1,168,167,169,-1,168,169,170,-1,170,169,171,-1,170,171,172,-1,172,171,173,-1,172,173,174,-1,174,173,175,-1,174,175,176,-1,176,175,177,-1,176,177,178,-1,178,177,179,-1,178,179,180,-1,180,179,146,-1,180,146,148,-1,154,156,181,-1,181,156,182,-1,154,181,183,-1,154,183,152,-1,152,183,184,-1,152,184,150,-1,150,184,185,-1,150,185,148,-1,148,185,186,-1,148,186,180,-1,180,186,187,-1,180,187,178,-1,178,187,188,-1,178,188,176,-1,176,188,189,-1,176,189,174,-1,174,189,190,-1,174,190,172,-1,172,190,191,-1,172,191,170,-1,170,191,192,-1,170,192,168,-1,168,192,193,-1,168,193,166,-1,166,193,194,-1,166,194,164,-1,164,194,195,-1,164,195,162,-1,162,195,196,-1,162,196,160,-1,158,160,197,-1,197,160,196,-1,156,158,182,-1,182,158,197,-1,161,159,198,-1,198,159,199,-1,159,157,199,-1,199,157,200,-1,157,155,200,-1,200,155,201,-1,147,202,203,-1,147,203,149,-1,149,203,204,-1,149,204,151,-1,151,204,205,-1,151,205,153,-1,153,205,201,-1,153,201,155,-1,175,206,207,-1,175,207,177,-1,177,207,208,-1,177,208,179,-1,179,208,209,-1,179,209,146,-1,146,209,202,-1,146,202,147,-1,167,210,211,-1,167,211,169,-1,169,211,212,-1,169,212,171,-1,171,212,213,-1,171,213,173,-1,173,213,206,-1,173,206,175,-1,161,198,214,-1,161,214,163,-1,163,214,215,-1,163,215,165,-1,165,215,210,-1,165,210,167,-1,
        ]
    }
}
Shape{
    appearance Appearance {
        material  Material 	{
            diffuseColor 0.2235294117647059 0.2235294117647059 0.2235294117647059
            specularColor 0.11372549019607843 0.11372549019607843 0.11372549019607843
            ambientIntensity 0.2235
            transparency 0.0
            shininess 0.5
        }
    }
    geometry IndexedFaceSet {
        ccw TRUE
        solid FALSE
        coord DEF co Coordinate {
            point [
                1.0176 1.2205 0.9745, 1.018 1.2205 0.9127, 1.0055 1.2205 0.9744, 1.0064 1.2205 0.9126, 0.9968 1.2205 0.9135, 0.9898 1.2205 0.9159, 0.9844 1.2205 0.9192, 0.9826 1.2205 0.9208, 0.9783 1.2205 0.9261, 0.9756 1.2205 0.9321, 0.9741 1.2205 0.9395, 0.9738 1.2205 0.9441, 0.9747 1.2205 0.9532, 0.9768 1.2205 0.9593, 0.9798 1.2205 0.9639, 0.9825 1.2205 0.9667, 0.9955 1.2205 0.9732, 0.9885 1.2205 0.9707
            ]
        }
        coordIndex [
            0,1,2,-1,2,1,3,-1,2,3,4,-1,4,5,2,-1,2,5,6,-1,2,6,7,-1,7,8,2,-1,2,8,9,-1,2,9,10,-1,10,11,2,-1,2,11,12,-1,2,12,13,-1,13,14,2,-1,2,14,15,-1,2,15,16,-1,16,15,17,-1,
        ]
    }
}
Shape{
    appearance Appearance {
        material  Material 	{
            diffuseColor 1.0 1.0 1.0
            specularColor 0.5019607843137255 0.5019607843137255 0.5019607843137255
            ambientIntensity 1.0
            transparency 0.0
            shininess 0.5
        }
    }
    geometry IndexedFaceSet {
        ccw TRUE
        solid FALSE
        coord DEF co Coordinate {
            point [
                0.9362 1.2205 0.934, 0.924 1.2205 0.9672, 0.9278 1.2205 0.983, 0.9588 1.2205 0.9032, 0.9474 1.2205 0.9031, 0.9395 1.2205 0.9249, 0.9233 1.2205 0.9695, 0.9226 1.2205 0.9728, 0.9167 1.2205 0.9829, 0.9224 1.2205 0.9728, 0.9218 1.2205 0.9694, 0.9212 1.2205 0.9671, 0.9093 1.2205 0.9338, 0.8868 1.2205 0.9027, 0.8982 1.2205 0.9027, 0.9062 1.2205 0.9247, 0.9167 1.2205 0.9829, 0.887 1.2205 0.9032, 0.8868 1.2205 0.9027, 0.9278 1.2205 0.983, 0.9588 1.2205 0.9032, 0.9588 1.2205 0.9032, 0.9366 1.2205 0.9603, 0.9474 1.2205 0.9031, 0.9395 1.2205 0.9249, 0.9473 1.2205 0.9032, 0.9062 1.2205 0.9247, 0.9366 1.2205 0.9249, 0.8982 1.2205 0.9027, 0.8984 1.2205 0.9032, 0.9362 1.2205 0.934, 0.9093 1.2205 0.9338, 0.9212 1.2205 0.9671, 0.9224 1.2205 0.9728, 0.9218 1.2205 0.9694, 0.9226 1.2205 0.9728, 0.924 1.2205 0.9672, 0.9233 1.2205 0.9695
            ]
        }
        coordIndex [
            0,1,2,-1,3,4,5,-1,1,6,2,-1,2,6,7,-1,2,7,8,-1,8,7,9,-1,8,9,10,-1,10,11,8,-1,8,11,12,-1,8,12,13,-1,14,13,15,-1,15,13,12,-1,15,12,5,-1,5,12,0,-1,5,0,3,-1,3,0,2,-1,16,8,17,-1,17,8,13,-1,17,13,18,-1,2,8,19,-1,19,8,16,-1,20,21,3,-1,20,3,22,-1,22,3,2,-1,22,2,19,-1,4,3,23,-1,23,3,21,-1,24,5,25,-1,25,5,4,-1,25,4,23,-1,26,15,27,-1,27,15,5,-1,27,5,24,-1,28,14,29,-1,29,14,15,-1,29,15,26,-1,13,14,18,-1,18,14,28,-1,0,12,30,-1,30,12,31,-1,12,11,31,-1,31,11,32,-1,9,33,34,-1,9,34,10,-1,10,34,32,-1,10,32,11,-1,9,7,33,-1,33,7,35,-1,1,36,37,-1,1,37,6,-1,6,37,35,-1,6,35,7,-1,1,0,36,-1,36,0,30,-1,
        ]
    }
}
Shape{
    appearance Appearance {
        material  Material 	{
            diffuseColor 0.2235294117647059 0.2235294117647059 0.2235294117647059
            specularColor 0.11372549019607843 0.11372549019607843 0.11372549019607843
            ambientIntensity 0.2235
            transparency 0.0
            shininess 0.5
        }
    }
    geometry IndexedFaceSet {
        ccw TRUE
        solid FALSE
        coord DEF co Coordinate {
            point [
                0.9224 1.2205 0.9728, 0.9226 1.2205 0.9728, 0.9218 1.2205 0.9694, 0.9233 1.2205 0.9695, 0.9212 1.2205 0.9671, 0.924 1.2205 0.9672, 0.9093 1.2205 0.9338, 0.9362 1.2205 0.934
            ]
        }
        coordIndex [
            0,1,2,-1,2,1,3,-1,2,3,4,-1,4,3,5,-1,4,5,6,-1,6,5,7,-1,
        ]
    }
}
Shape{
    appearance Appearance {
        material  Material 	{
            diffuseColor 1.0 1.0 1.0
            specularColor 0.5019607843137255 0.5019607843137255 0.5019607843137255
            ambientIntensity 1.0
            transparency 0.0
            shininess 0.5
        }
    }
    geometry IndexedFaceSet {
        ccw TRUE
        solid FALSE
        coord DEF co Coordinate {
            point [
                1.1659 1.2205 0.7867, 1.1659 1.2205 0.7776, 1.1659 1.2205 0.7867, 1.1659 1.2205 0.7776, 1.1986 1.2205 0.787, 1.1986 1.2205 0.787, 1.1984 1.2205 0.8139, 1.1984 1.2205 0.8139, 1.1698 1.2205 0.8137, 1.1698 1.2205 0.8137, 1.1697 1.2205 0.8229, 1.1697 1.2205 0.8229, 1.1984 1.2205 0.8231, 1.1984 1.2205 0.8231, 1.1982 1.2205 0.8487, 1.1982 1.2205 0.8487, 1.1673 1.2205 0.8485, 1.1673 1.2205 0.8485, 1.1672 1.2205 0.8557, 1.1672 1.2205 0.8577, 1.1672 1.2205 0.8572, 1.1672 1.2205 0.8577, 1.2084 1.2205 0.858, 1.2084 1.2205 0.858, 1.209 1.2205 0.7779, 1.209 1.2205 0.7779, 1.2085 1.2205 0.8557, 1.2084 1.2205 0.8572, 1.1204 1.2205 0.7773, 1.1104 1.2205 0.7772, 1.1204 1.2205 0.7861, 1.1101 1.2205 0.814, 1.1202 1.2205 0.8136, 1.1419 1.2205 0.8019, 1.1395 1.2205 0.803, 1.1336 1.2205 0.8043, 1.1202 1.2205 0.806, 1.1203 1.2205 0.8005, 1.1239 1.2205 0.8351, 1.1259 1.2205 0.8265, 1.1199 1.2205 0.8337, 1.1242 1.2205 0.8254, 1.1205 1.2205 0.8181, 1.111 1.2205 0.8224, 1.1215 1.2205 0.8217, 1.1126 1.2205 0.8267, 1.1227 1.2205 0.8237, 1.1147 1.2205 0.8298, 1.1167 1.2205 0.8317, 1.1504 1.2205 0.8307, 1.1505 1.2205 0.8209, 1.1474 1.2205 0.8323, 1.1436 1.2205 0.8252, 1.1397 1.2205 0.835, 1.1373 1.2205 0.8272, 1.1307 1.2205 0.8359, 1.1317 1.2205 0.8277, 1.1283 1.2205 0.8273, 1.1203 1.2205 0.7998, 1.121 1.2205 0.7954, 1.1224 1.2205 0.7918, 1.1206 1.2205 0.7861, 1.1246 1.2205 0.7889, 1.1222 1.2205 0.7838, 1.1259 1.2205 0.7876, 1.1254 1.2205 0.7804, 1.1288 1.2205 0.7858, 1.129 1.2205 0.778, 1.1318 1.2205 0.7847, 1.133 1.2205 0.7766, 1.1356 1.2205 0.7843, 1.1382 1.2205 0.7761, 1.1389 1.2205 0.7847, 1.1442 1.2205 0.7768, 1.1412 1.2205 0.7855, 1.1481 1.2205 0.7783, 1.1432 1.2205 0.7869, 1.1514 1.2205 0.7807, 1.144 1.2205 0.7878, 1.1371 1.2205 0.8114, 1.1453 1.2205 0.8093, 1.1433 1.2205 0.8008, 1.1494 1.2205 0.8071, 1.1446 1.2205 0.7994, 1.1524 1.2205 0.8045, 1.1455 1.2205 0.7975, 1.1545 1.2205 0.8012, 1.146 1.2205 0.7952, 1.1557 1.2205 0.7976, 1.1461 1.2205 0.7936, 1.1562 1.2205 0.7929, 1.1458 1.2205 0.7913, 1.1558 1.2205 0.7883, 1.1452 1.2205 0.7895, 1.1546 1.2205 0.7849, 1.1525 1.2205 0.7818, 1.1307 1.2205 0.8359, 1.1397 1.2205 0.835, 1.1474 1.2205 0.8323, 1.1504 1.2205 0.8307, 1.1505 1.2205 0.8209, 1.1436 1.2205 0.8252, 1.1373 1.2205 0.8272, 1.1317 1.2205 0.8277, 1.1283 1.2205 0.8273, 1.1259 1.2205 0.8265, 1.1242 1.2205 0.8254, 1.1227 1.2205 0.8237, 1.1215 1.2205 0.8217, 1.1205 1.2205 0.8181, 1.1202 1.2205 0.8136, 1.1371 1.2205 0.8114, 1.1453 1.2205 0.8093, 1.1494 1.2205 0.8071, 1.1524 1.2205 0.8045, 1.1545 1.2205 0.8012, 1.1557 1.2205 0.7976, 1.1562 1.2205 0.7929, 1.1558 1.2205 0.7883, 1.1546 1.2205 0.7849, 1.1525 1.2205 0.7818, 1.1514 1.2205 0.7807, 1.1481 1.2205 0.7783, 1.1442 1.2205 0.7768, 1.1382 1.2205 0.7761, 1.133 1.2205 0.7766, 1.129 1.2205 0.778, 1.1254 1.2205 0.7804, 1.1222 1.2205 0.7838, 1.1206 1.2205 0.7861, 1.1204 1.2205 0.7861, 1.1204 1.2205 0.7773, 1.1104 1.2205 0.7772, 1.1101 1.2205 0.814, 1.111 1.2205 0.8224, 1.1126 1.2205 0.8267, 1.1147 1.2205 0.8298, 1.1167 1.2205 0.8317, 1.1199 1.2205 0.8337, 1.1239 1.2205 0.8351, 1.1433 1.2205 0.8008, 1.1419 1.2205 0.8019, 1.1395 1.2205 0.803, 1.1336 1.2205 0.8043, 1.1461 1.2205 0.7936, 1.146 1.2205 0.7952, 1.1455 1.2205 0.7975, 1.1446 1.2205 0.7994, 1.1432 1.2205 0.7869, 1.144 1.2205 0.7878, 1.1452 1.2205 0.7895, 1.1458 1.2205 0.7913, 1.1356 1.2205 0.7843, 1.1389 1.2205 0.7847, 1.1412 1.2205 0.7855, 1.1246 1.2205 0.7889, 1.1259 1.2205 0.7876, 1.1288 1.2205 0.7858, 1.1318 1.2205 0.7847, 1.1203 1.2205 0.8005, 1.1203 1.2205 0.7998, 1.121 1.2205 0.7954, 1.1224 1.2205 0.7918, 1.1202 1.2205 0.806
            ]
        }
        coordIndex [
            0,1,2,-1,2,1,3,-1,4,0,5,-1,5,0,2,-1,6,4,7,-1,7,4,5,-1,8,6,9,-1,9,6,7,-1,10,8,11,-1,11,8,9,-1,12,10,13,-1,13,10,11,-1,14,12,15,-1,15,12,13,-1,16,14,17,-1,17,14,15,-1,16,17,18,-1,16,18,19,-1,19,18,20,-1,19,20,21,-1,22,19,23,-1,23,19,21,-1,24,25,26,-1,26,25,22,-1,26,22,27,-1,27,22,23,-1,1,25,3,-1,3,25,24,-1,1,0,25,-1,25,0,4,-1,8,10,6,-1,6,10,12,-1,16,19,14,-1,14,19,22,-1,14,22,12,-1,12,22,25,-1,12,25,6,-1,6,25,4,-1,28,29,30,-1,30,29,31,-1,32,33,34,-1,35,36,31,-1,31,36,37,-1,38,39,40,-1,40,39,41,-1,34,35,32,-1,32,35,31,-1,32,31,42,-1,42,31,43,-1,42,43,44,-1,44,43,45,-1,44,45,46,-1,46,45,47,-1,46,47,41,-1,41,47,48,-1,41,48,40,-1,49,50,51,-1,51,50,52,-1,51,52,53,-1,53,52,54,-1,53,54,55,-1,55,54,56,-1,55,56,38,-1,38,56,57,-1,38,57,39,-1,37,58,31,-1,31,58,59,-1,31,59,30,-1,30,59,60,-1,30,60,61,-1,61,60,62,-1,61,62,63,-1,63,62,64,-1,63,64,65,-1,65,64,66,-1,65,66,67,-1,67,66,68,-1,67,68,69,-1,69,68,70,-1,69,70,71,-1,71,70,72,-1,71,72,73,-1,73,72,74,-1,73,74,75,-1,75,74,76,-1,75,76,77,-1,77,76,78,-1,32,79,33,-1,33,79,80,-1,33,80,81,-1,81,80,82,-1,81,82,83,-1,83,82,84,-1,83,84,85,-1,85,84,86,-1,85,86,87,-1,87,86,88,-1,87,88,89,-1,89,88,90,-1,89,90,91,-1,91,90,92,-1,91,92,93,-1,93,92,94,-1,93,94,78,-1,78,94,95,-1,78,95,77,-1,55,96,97,-1,55,97,53,-1,53,97,98,-1,53,98,51,-1,51,98,99,-1,51,99,49,-1,50,49,100,-1,100,49,99,-1,50,100,101,-1,50,101,52,-1,52,101,102,-1,52,102,54,-1,54,102,103,-1,54,103,56,-1,56,103,104,-1,56,104,57,-1,57,104,105,-1,57,105,39,-1,39,105,106,-1,39,106,41,-1,41,106,107,-1,41,107,46,-1,46,107,108,-1,46,108,44,-1,44,108,109,-1,44,109,42,-1,42,109,110,-1,42,110,32,-1,79,32,111,-1,111,32,110,-1,79,111,112,-1,79,112,80,-1,80,112,113,-1,80,113,82,-1,82,113,114,-1,82,114,84,-1,84,114,115,-1,84,115,86,-1,86,115,116,-1,86,116,88,-1,88,116,117,-1,88,117,90,-1,90,117,118,-1,90,118,92,-1,92,118,119,-1,92,119,94,-1,94,119,120,-1,94,120,95,-1,95,120,121,-1,95,121,77,-1,77,121,122,-1,77,122,75,-1,75,122,123,-1,75,123,73,-1,73,123,124,-1,73,124,71,-1,71,124,125,-1,71,125,69,-1,69,125,126,-1,69,126,67,-1,67,126,127,-1,67,127,65,-1,65,127,128,-1,65,128,63,-1,63,128,129,-1,63,129,61,-1,30,61,130,-1,130,61,129,-1,28,30,131,-1,131,30,130,-1,29,28,132,-1,132,28,131,-1,31,29,133,-1,133,29,132,-1,31,133,134,-1,31,134,43,-1,43,134,135,-1,43,135,45,-1,45,135,136,-1,45,136,47,-1,47,136,137,-1,47,137,48,-1,48,137,138,-1,48,138,40,-1,40,138,139,-1,40,139,38,-1,38,139,96,-1,38,96,55,-1,81,140,141,-1,81,141,33,-1,33,141,142,-1,33,142,34,-1,34,142,143,-1,34,143,35,-1,89,144,145,-1,89,145,87,-1,87,145,146,-1,87,146,85,-1,85,146,147,-1,85,147,83,-1,83,147,140,-1,83,140,81,-1,76,148,149,-1,76,149,78,-1,78,149,150,-1,78,150,93,-1,93,150,151,-1,93,151,91,-1,91,151,144,-1,91,144,89,-1,70,152,153,-1,70,153,72,-1,72,153,154,-1,72,154,74,-1,74,154,148,-1,74,148,76,-1,62,155,156,-1,62,156,64,-1,64,156,157,-1,64,157,66,-1,66,157,158,-1,66,158,68,-1,68,158,152,-1,68,152,70,-1,37,159,160,-1,37,160,58,-1,58,160,161,-1,58,161,59,-1,59,161,162,-1,59,162,60,-1,60,162,155,-1,60,155,62,-1,37,36,159,-1,159,36,163,-1,36,35,163,-1,163,35,143,-1,
        ]
    }
}
Shape{
    appearance Appearance {
        material  Material 	{
            diffuseColor 0.2235294117647059 0.2235294117647059 0.2235294117647059
            specularColor 0.11372549019607843 0.11372549019607843 0.11372549019607843
            ambientIntensity 0.2235
            transparency 0.0
            shininess 0.5
        }
    }
    geometry IndexedFaceSet {
        ccw TRUE
        solid FALSE
        coord DEF co Coordinate {
            point [
                1.1202 1.2205 0.806, 1.1336 1.2205 0.8043, 1.1203 1.2205 0.8005, 1.1395 1.2205 0.803, 1.1419 1.2205 0.8019, 1.1433 1.2205 0.8008, 1.1203 1.2205 0.7998, 1.121 1.2205 0.7954, 1.1446 1.2205 0.7994, 1.1224 1.2205 0.7918, 1.144 1.2205 0.7878, 1.1432 1.2205 0.7869, 1.1259 1.2205 0.7876, 1.1452 1.2205 0.7895, 1.1288 1.2205 0.7858, 1.1318 1.2205 0.7847, 1.1356 1.2205 0.7843, 1.1455 1.2205 0.7975, 1.146 1.2205 0.7952, 1.1246 1.2205 0.7889, 1.1461 1.2205 0.7936, 1.1458 1.2205 0.7913, 1.1412 1.2205 0.7855, 1.1389 1.2205 0.7847
            ]
        }
        coordIndex [
            0,1,2,-1,2,1,3,-1,3,4,2,-1,2,4,5,-1,2,5,6,-1,6,5,7,-1,7,5,8,-1,7,8,9,-1,10,11,12,-1,10,12,13,-1,14,12,15,-1,15,12,16,-1,8,17,9,-1,9,17,18,-1,9,18,19,-1,19,18,20,-1,19,20,12,-1,12,20,21,-1,12,21,13,-1,11,22,12,-1,12,22,23,-1,12,23,16,-1,
        ]
    }
}
Shape{
    appearance Appearance {
        material  Material 	{
            diffuseColor 1.0 1.0 1.0
            specularColor 0.5019607843137255 0.5019607843137255 0.5019607843137255
            ambientIntensity 1.0
            transparency 0.0
            shininess 0.5
        }
    }
    geometry IndexedFaceSet {
        ccw TRUE
        solid FALSE
        coord DEF co Coordinate {
            point [
                1.0967 1.2205 0.7895, 1.0967 1.2205 0.7895, 1.0928 1.2205 0.787, 1.0803 1.2205 0.7838, 1.0803 1.2205 0.7838, 1.0865 1.2205 0.7846, 1.0865 1.2205 0.7846, 1.0917 1.2205 0.7866, 1.0928 1.2205 0.787, 1.0968 1.2205 0.7791, 1.0968 1.2205 0.7791, 1.0813 1.2205 0.7757, 1.0813 1.2205 0.7757, 1.0897 1.2205 0.7766, 1.0917 1.2205 0.7773, 1.0897 1.2205 0.7766, 1.0727 1.2205 0.7766, 1.0727 1.2205 0.7766, 1.0673 1.2205 0.7785, 1.0673 1.2205 0.7785, 1.0646 1.2205 0.7801, 1.0646 1.2205 0.7801, 1.0617 1.2205 0.7826, 1.0617 1.2205 0.7826, 1.0598 1.2205 0.7852, 1.0598 1.2205 0.7852, 1.0586 1.2205 0.7884, 1.0586 1.2205 0.7884, 1.0581 1.2205 0.7924, 1.0581 1.2205 0.7924, 1.0585 1.2205 0.7961, 1.0585 1.2205 0.7961, 1.0595 1.2205 0.7991, 1.0595 1.2205 0.7991, 1.0614 1.2205 0.8019, 1.0614 1.2205 0.8019, 1.0637 1.2205 0.804, 1.0637 1.2205 0.804, 1.0704 1.2205 0.8078, 1.0704 1.2205 0.8078, 1.0742 1.2205 0.8094, 1.0742 1.2205 0.8094, 1.0804 1.2205 0.8121, 1.0804 1.2205 0.8121, 1.084 1.2205 0.8144, 1.084 1.2205 0.8144, 1.0849 1.2205 0.8155, 1.0849 1.2205 0.8155, 1.0856 1.2205 0.8168, 1.0856 1.2205 0.8168, 1.086 1.2205 0.8184, 1.086 1.2205 0.8184, 1.0861 1.2205 0.8197, 1.0861 1.2205 0.8197, 1.0859 1.2205 0.8213, 1.0859 1.2205 0.8213, 1.0854 1.2205 0.8227, 1.0854 1.2205 0.8227, 1.0845 1.2205 0.8239, 1.0845 1.2205 0.8239, 1.083 1.2205 0.8253, 1.083 1.2205 0.8253, 1.0808 1.2205 0.8264, 1.0808 1.2205 0.8264, 1.0781 1.2205 0.8271, 1.0781 1.2205 0.8271, 1.0751 1.2205 0.8273, 1.0751 1.2205 0.8273, 1.0685 1.2205 0.8265, 1.0685 1.2205 0.8265, 1.0629 1.2205 0.8244, 1.0629 1.2205 0.8244, 1.0606 1.2205 0.8231, 1.0606 1.2205 0.8231, 1.0605 1.2205 0.8328, 1.0605 1.2205 0.8328, 1.068 1.2205 0.835, 1.068 1.2205 0.835, 1.0741 1.2205 0.8355, 1.0741 1.2205 0.8355, 1.0821 1.2205 0.8346, 1.0821 1.2205 0.8346, 1.0874 1.2205 0.8325, 1.0874 1.2205 0.8325, 1.0899 1.2205 0.831, 1.0899 1.2205 0.831, 1.0929 1.2205 0.8284, 1.0917 1.2205 0.8295, 1.0929 1.2205 0.8284, 1.0948 1.2205 0.8257, 1.0948 1.2205 0.8257, 1.096 1.2205 0.8225, 1.096 1.2205 0.8225, 1.0964 1.2205 0.8189, 1.0964 1.2205 0.8189, 1.096 1.2205 0.815, 1.096 1.2205 0.815, 1.095 1.2205 0.8119, 1.095 1.2205 0.8119, 1.0937 1.2205 0.8098, 1.0937 1.2205 0.8098, 1.0814 1.2205 0.8022, 1.0814 1.2205 0.8022, 1.0873 1.2205 0.8049, 1.092 1.2205 0.8081, 1.092 1.2205 0.8081, 1.0917 1.2205 0.8079, 1.0873 1.2205 0.8049, 1.0748 1.2205 0.7993, 1.0748 1.2205 0.7993, 1.0709 1.2205 0.797, 1.0709 1.2205 0.797, 1.0697 1.2205 0.7957, 1.0697 1.2205 0.7957, 1.0689 1.2205 0.7943, 1.0689 1.2205 0.7943, 1.0685 1.2205 0.7927, 1.0685 1.2205 0.7927, 1.0684 1.2205 0.7915, 1.0684 1.2205 0.7915, 1.0686 1.2205 0.7896, 1.0686 1.2205 0.7896, 1.0691 1.2205 0.7882, 1.0691 1.2205 0.7882, 1.07 1.2205 0.7869, 1.07 1.2205 0.7869, 1.0712 1.2205 0.7859, 1.0712 1.2205 0.7859, 1.0721 1.2205 0.7853, 1.0721 1.2205 0.7853, 1.0747 1.2205 0.7844, 1.0747 1.2205 0.7844, 1.0798 1.2205 0.7838, 1.0798 1.2205 0.7838, 1.0081 1.2205 0.8337, 0.9977 1.2205 0.8336, 1.0081 1.2205 0.8337, 0.9977 1.2205 0.8336, 1.024 1.2205 0.7907, 1.024 1.2205 0.7907, 1.0248 1.2205 0.7881, 1.0248 1.2205 0.7881, 1.0252 1.2205 0.7861, 1.0252 1.2205 0.7861, 1.0255 1.2205 0.7861, 1.0255 1.2205 0.7861, 1.0267 1.2205 0.7908, 1.0267 1.2205 0.7908, 1.0413 1.2205 0.8339, 1.0413 1.2205 0.8339, 1.036 1.2205 0.8181, 1.0526 1.2205 0.834, 1.0526 1.2205 0.834, 1.0305 1.2205 0.7768, 1.0305 1.2205 0.7768, 1.036 1.2205 0.7909, 1.035 1.2205 0.7664, 1.035 1.2205 0.7664, 1.036 1.2205 0.7647, 1.037 1.2205 0.7628, 1.037 1.2205 0.7628, 1.0389 1.2205 0.7607, 1.0389 1.2205 0.7607, 1.0407 1.2205 0.7595, 1.0407 1.2205 0.7595, 1.0429 1.2205 0.7587, 1.0429 1.2205 0.7587, 1.0453 1.2205 0.7584, 1.0453 1.2205 0.7584, 1.049 1.2205 0.7589, 1.049 1.2205 0.7589, 1.051 1.2205 0.7596, 1.051 1.2205 0.7596, 1.0511 1.2205 0.7507, 1.0511 1.2205 0.7507, 1.0468 1.2205 0.7499, 1.0468 1.2205 0.7499, 1.0446 1.2205 0.7498, 1.0446 1.2205 0.7498, 1.0406 1.2205 0.7503, 1.0406 1.2205 0.7503, 1.0366 1.2205 0.7517, 1.0366 1.2205 0.7517, 1.036 1.2205 0.7522, 1.0331 1.2205 0.7542, 1.0331 1.2205 0.7542, 1.0324 1.2205 0.7548, 1.0324 1.2205 0.7548, 1.0287 1.2205 0.7592, 1.0287 1.2205 0.7592, 1.0241 1.2205 0.768, 1.0241 1.2205 0.768, 0.9441 1.2205 0.7852, 0.9442 1.2205 0.776, 0.9441 1.2205 0.7852, 0.9442 1.2205 0.776, 0.9769 1.2205 0.7854, 0.9769 1.2205 0.7854, 0.9609 1.2205 0.7853, 0.9767 1.2205 0.8123, 0.9767 1.2205 0.8123, 0.948 1.2205 0.8121, 0.948 1.2205 0.8121, 0.9609 1.2205 0.8122, 0.948 1.2205 0.8213, 0.948 1.2205 0.8213, 0.9766 1.2205 0.8215, 0.9766 1.2205 0.8215, 0.9609 1.2205 0.8214, 0.9764 1.2205 0.8471, 0.9764 1.2205 0.8471, 0.9455 1.2205 0.8469, 0.9455 1.2205 0.8469, 0.9609 1.2205 0.847, 0.9455 1.2205 0.8561, 0.9455 1.2205 0.8561, 0.9455 1.2205 0.8557, 0.9867 1.2205 0.8564, 0.9867 1.2205 0.8564, 0.9609 1.2205 0.8562, 0.9873 1.2205 0.7764, 0.9873 1.2205 0.7764, 0.9867 1.2205 0.8557, 0.9609 1.2205 0.7762, 0.879 1.2205 0.7983, 0.8832 1.2205 0.7931, 0.8759 1.2205 0.7868, 0.885 1.2205 0.7915, 0.8844 1.2205 0.7808, 0.8904 1.2205 0.7881, 0.8936 1.2205 0.7773, 0.8974 1.2205 0.7858, 0.9071 1.2205 0.7758, 0.9071 1.2205 0.7849, 0.9291 1.2205 0.7759, 0.9187 1.2205 0.785, 0.9285 1.2205 0.856, 0.9182 1.2205 0.8467, 0.9057 1.2205 0.8558, 0.9061 1.2205 0.8466, 0.8922 1.2205 0.8541, 0.8961 1.2205 0.8455, 0.8827 1.2205 0.8502, 0.8891 1.2205 0.843, 0.8755 1.2205 0.845, 0.8831 1.2205 0.8389, 0.8718 1.2205 0.8413, 0.8804 1.2205 0.8362, 0.8671 1.2205 0.834, 0.8775 1.2205 0.8316, 0.8645 1.2205 0.826, 0.8754 1.2205 0.8255, 0.8636 1.2205 0.8165, 0.8745 1.2205 0.8163, 0.864 1.2205 0.8106, 0.8747 1.2205 0.8118, 0.8661 1.2205 0.8014, 0.8762 1.2205 0.8043, 0.8703 1.2205 0.7932, 0.9071 1.2205 0.7758, 0.9291 1.2205 0.7759, 0.8936 1.2205 0.7773, 0.8844 1.2205 0.7808, 0.8759 1.2205 0.7868, 0.8703 1.2205 0.7932, 0.8661 1.2205 0.8014, 0.864 1.2205 0.8106, 0.8636 1.2205 0.8165, 0.8645 1.2205 0.826, 0.8671 1.2205 0.834, 0.8718 1.2205 0.8413, 0.8755 1.2205 0.845, 0.9057 1.2205 0.8558, 0.9042 1.2205 0.8557, 0.8922 1.2205 0.8541, 0.8827 1.2205 0.8502, 0.9285 1.2205 0.856, 0.9285 1.2205 0.8557, 0.9061 1.2205 0.8466, 0.9182 1.2205 0.8467, 0.9187 1.2205 0.785, 0.9071 1.2205 0.7849, 0.8832 1.2205 0.7931, 0.885 1.2205 0.7915, 0.8904 1.2205 0.7881, 0.8974 1.2205 0.7858, 0.8745 1.2205 0.8163, 0.8747 1.2205 0.8118, 0.8762 1.2205 0.8043, 0.879 1.2205 0.7983, 0.8831 1.2205 0.8389, 0.8804 1.2205 0.8362, 0.8775 1.2205 0.8316, 0.8754 1.2205 0.8255, 0.8961 1.2205 0.8455, 0.8891 1.2205 0.843
            ]
        }
        coordIndex [
            0,1,2,-1,3,4,5,-1,3,5,6,-1,6,5,7,-1,6,7,2,-1,2,7,8,-1,2,8,0,-1,9,1,10,-1,10,1,0,-1,11,12,13,-1,9,10,14,-1,9,14,13,-1,13,14,15,-1,13,15,11,-1,12,11,16,-1,12,16,17,-1,17,16,18,-1,17,18,19,-1,19,18,20,-1,19,20,21,-1,21,20,22,-1,21,22,23,-1,23,22,24,-1,23,24,25,-1,25,24,26,-1,25,26,27,-1,27,26,28,-1,27,28,29,-1,29,28,30,-1,29,30,31,-1,31,30,32,-1,31,32,33,-1,33,32,34,-1,33,34,35,-1,35,34,36,-1,35,36,37,-1,37,36,38,-1,37,38,39,-1,39,38,40,-1,39,40,41,-1,41,40,42,-1,41,42,43,-1,43,42,44,-1,43,44,45,-1,45,44,46,-1,45,46,47,-1,47,46,48,-1,47,48,49,-1,49,48,50,-1,49,50,51,-1,51,50,52,-1,51,52,53,-1,53,52,54,-1,53,54,55,-1,55,54,56,-1,55,56,57,-1,57,56,58,-1,57,58,59,-1,59,58,60,-1,59,60,61,-1,61,60,62,-1,61,62,63,-1,63,62,64,-1,63,64,65,-1,65,64,66,-1,65,66,67,-1,67,66,68,-1,67,68,69,-1,69,68,70,-1,69,70,71,-1,71,70,72,-1,71,72,73,-1,74,73,75,-1,75,73,72,-1,74,75,76,-1,74,76,77,-1,77,76,78,-1,77,78,79,-1,79,78,80,-1,79,80,81,-1,81,80,82,-1,81,82,83,-1,83,82,84,-1,83,84,85,-1,86,85,87,-1,87,85,84,-1,87,88,86,-1,86,88,89,-1,86,89,90,-1,90,89,91,-1,90,91,92,-1,92,91,93,-1,92,93,94,-1,94,93,95,-1,94,95,96,-1,96,95,97,-1,96,97,98,-1,98,97,99,-1,98,99,100,-1,101,102,103,-1,100,99,104,-1,100,104,105,-1,105,104,106,-1,105,106,103,-1,103,106,107,-1,103,107,101,-1,102,101,108,-1,102,108,109,-1,109,108,110,-1,109,110,111,-1,111,110,112,-1,111,112,113,-1,113,112,114,-1,113,114,115,-1,115,114,116,-1,115,116,117,-1,117,116,118,-1,117,118,119,-1,119,118,120,-1,119,120,121,-1,121,120,122,-1,121,122,123,-1,123,122,124,-1,123,124,125,-1,125,124,126,-1,125,126,127,-1,127,126,128,-1,127,128,129,-1,129,128,130,-1,129,130,131,-1,131,130,132,-1,131,132,133,-1,133,132,4,-1,133,4,3,-1,59,61,83,-1,83,61,81,-1,109,41,102,-1,102,41,43,-1,19,21,125,-1,125,21,23,-1,125,23,123,-1,123,23,25,-1,123,25,121,-1,121,25,27,-1,121,27,119,-1,119,27,29,-1,119,29,117,-1,117,29,31,-1,117,31,115,-1,115,31,33,-1,115,33,113,-1,113,33,35,-1,113,35,111,-1,111,35,37,-1,111,37,109,-1,109,37,39,-1,109,39,41,-1,12,3,13,-1,13,3,6,-1,13,6,9,-1,9,6,2,-1,9,2,1,-1,61,63,81,-1,81,63,65,-1,81,65,79,-1,79,65,67,-1,79,67,77,-1,77,67,69,-1,77,69,74,-1,74,69,71,-1,74,71,73,-1,125,127,19,-1,19,127,129,-1,19,129,17,-1,17,129,131,-1,17,131,12,-1,12,131,133,-1,12,133,3,-1,83,85,59,-1,59,85,86,-1,59,86,57,-1,57,86,90,-1,57,90,55,-1,55,90,92,-1,55,92,53,-1,53,92,94,-1,53,94,51,-1,51,94,96,-1,51,96,49,-1,49,96,98,-1,49,98,47,-1,47,98,100,-1,47,100,45,-1,45,100,105,-1,45,105,43,-1,43,105,103,-1,43,103,102,-1,134,135,136,-1,136,135,137,-1,138,134,139,-1,139,134,136,-1,138,139,140,-1,138,140,141,-1,141,140,142,-1,141,142,143,-1,144,143,145,-1,145,143,142,-1,146,144,147,-1,147,144,145,-1,148,149,150,-1,150,149,146,-1,150,146,147,-1,151,149,152,-1,152,149,148,-1,153,154,155,-1,155,154,151,-1,155,151,152,-1,156,154,157,-1,157,154,153,-1,156,157,158,-1,156,158,159,-1,158,160,159,-1,159,160,161,-1,159,161,162,-1,162,161,163,-1,162,163,164,-1,164,163,165,-1,164,165,166,-1,166,165,167,-1,166,167,168,-1,168,167,169,-1,168,169,170,-1,170,169,171,-1,170,171,172,-1,173,172,174,-1,174,172,171,-1,173,174,175,-1,173,175,176,-1,176,175,177,-1,176,177,178,-1,178,177,179,-1,178,179,180,-1,180,179,181,-1,180,181,182,-1,182,181,183,-1,182,183,184,-1,183,185,184,-1,184,185,186,-1,184,186,187,-1,187,186,188,-1,187,188,189,-1,189,188,190,-1,189,190,191,-1,135,191,137,-1,137,191,190,-1,141,143,191,-1,135,134,191,-1,191,134,138,-1,191,138,141,-1,149,151,146,-1,146,151,154,-1,146,154,144,-1,189,159,187,-1,187,159,162,-1,172,173,170,-1,170,173,176,-1,170,176,168,-1,168,176,178,-1,168,178,166,-1,166,178,180,-1,166,180,164,-1,164,180,182,-1,164,182,162,-1,162,182,184,-1,162,184,187,-1,143,144,191,-1,191,144,154,-1,191,154,189,-1,189,154,156,-1,189,156,159,-1,192,193,194,-1,194,193,195,-1,196,197,198,-1,198,197,192,-1,198,192,194,-1,199,197,200,-1,200,197,196,-1,201,202,203,-1,203,202,199,-1,203,199,200,-1,204,202,205,-1,205,202,201,-1,206,207,208,-1,208,207,204,-1,208,204,205,-1,209,207,210,-1,210,207,206,-1,211,212,213,-1,213,212,209,-1,213,209,210,-1,214,215,216,-1,216,215,212,-1,216,212,211,-1,217,218,219,-1,219,218,215,-1,219,215,214,-1,220,221,222,-1,222,221,218,-1,222,218,217,-1,195,193,223,-1,223,193,221,-1,223,221,220,-1,193,192,221,-1,221,192,197,-1,202,204,199,-1,199,204,207,-1,212,215,209,-1,209,215,218,-1,209,218,207,-1,207,218,221,-1,207,221,199,-1,199,221,197,-1,224,225,226,-1,226,225,227,-1,226,227,228,-1,228,227,229,-1,228,229,230,-1,230,229,231,-1,230,231,232,-1,232,231,233,-1,232,233,234,-1,234,233,235,-1,234,235,236,-1,236,235,237,-1,236,237,238,-1,238,237,239,-1,238,239,240,-1,240,239,241,-1,240,241,242,-1,242,241,243,-1,242,243,244,-1,244,243,245,-1,244,245,246,-1,246,245,247,-1,246,247,248,-1,248,247,249,-1,248,249,250,-1,250,249,251,-1,250,251,252,-1,252,251,253,-1,252,253,254,-1,254,253,255,-1,254,255,256,-1,256,255,257,-1,256,257,258,-1,258,257,224,-1,258,224,226,-1,232,234,259,-1,259,234,260,-1,232,259,261,-1,232,261,230,-1,230,261,262,-1,230,262,228,-1,228,262,263,-1,228,263,226,-1,226,263,264,-1,226,264,258,-1,258,264,265,-1,258,265,256,-1,256,265,266,-1,256,266,254,-1,254,266,267,-1,254,267,252,-1,252,267,268,-1,252,268,250,-1,250,268,269,-1,250,269,248,-1,248,269,270,-1,248,270,246,-1,246,270,271,-1,246,271,244,-1,272,238,273,-1,273,238,240,-1,273,240,274,-1,274,240,242,-1,274,242,275,-1,275,242,244,-1,275,244,271,-1,236,238,276,-1,276,238,272,-1,260,234,277,-1,277,234,236,-1,277,236,276,-1,239,237,278,-1,278,237,279,-1,237,235,279,-1,279,235,280,-1,235,233,280,-1,280,233,281,-1,225,282,283,-1,225,283,227,-1,227,283,284,-1,227,284,229,-1,229,284,285,-1,229,285,231,-1,231,285,281,-1,231,281,233,-1,253,286,287,-1,253,287,255,-1,255,287,288,-1,255,288,257,-1,257,288,289,-1,257,289,224,-1,224,289,282,-1,224,282,225,-1,245,290,291,-1,245,291,247,-1,247,291,292,-1,247,292,249,-1,249,292,293,-1,249,293,251,-1,251,293,286,-1,251,286,253,-1,239,278,294,-1,239,294,241,-1,241,294,295,-1,241,295,243,-1,243,295,290,-1,243,290,245,-1,
        ]
    }
}
Shape{
    appearance Appearance {
        material  Material 	{
            diffuseColor 0.2235294117647059 0.2235294117647059 0.2235294117647059
            specularColor 0.11372549019607843 0.11372549019607843 0.11372549019607843
            ambientIntensity 0.2235
            transparency 0.0
            shininess 0.5
        }
    }
    geometry IndexedFaceSet {
        ccw TRUE
        solid FALSE
        coord DEF co Coordinate {
            point [
                0.9182 1.2205 0.8467, 0.9187 1.2205 0.785, 0.9061 1.2205 0.8466, 0.9071 1.2205 0.7849, 0.8974 1.2205 0.7858, 0.8904 1.2205 0.7881, 0.885 1.2205 0.7915, 0.8832 1.2205 0.7931, 0.879 1.2205 0.7983, 0.8762 1.2205 0.8043, 0.8747 1.2205 0.8118, 0.8745 1.2205 0.8163, 0.8754 1.2205 0.8255, 0.8775 1.2205 0.8316, 0.8804 1.2205 0.8362, 0.8831 1.2205 0.8389, 0.8961 1.2205 0.8455, 0.8891 1.2205 0.843
            ]
        }
        coordIndex [
            0,1,2,-1,2,1,3,-1,2,3,4,-1,4,5,2,-1,2,5,6,-1,2,6,7,-1,7,8,2,-1,2,8,9,-1,2,9,10,-1,10,11,2,-1,2,11,12,-1,2,12,13,-1,13,14,2,-1,2,14,15,-1,2,15,16,-1,16,15,17,-1,
        ]
    }
}
Shape{
    appearance Appearance {
        material  Material 	{
            diffuseColor 1.0 1.0 1.0
            specularColor 0.5019607843137255 0.5019607843137255 0.5019607843137255
            ambientIntensity 1.0
            transparency 0.0
            shininess 0.5
        }
    }
    geometry IndexedFaceSet {
        ccw TRUE
        solid FALSE
        coord DEF co Coordinate {
            point [
                0.8368 1.2205 0.8062, 0.8246 1.2205 0.8394, 0.8284 1.2205 0.8553, 0.8594 1.2205 0.7754, 0.848 1.2205 0.7754, 0.8402 1.2205 0.7972, 0.8239 1.2205 0.8418, 0.8233 1.2205 0.845, 0.8173 1.2205 0.8552, 0.823 1.2205 0.845, 0.8224 1.2205 0.8416, 0.8218 1.2205 0.8394, 0.81 1.2205 0.806, 0.7874 1.2205 0.7749, 0.7988 1.2205 0.775, 0.8068 1.2205 0.797, 0.8173 1.2205 0.8552, 0.7874 1.2205 0.7749, 0.8284 1.2205 0.8553, 0.8594 1.2205 0.7754, 0.848 1.2205 0.7754, 0.8402 1.2205 0.7972, 0.8068 1.2205 0.797, 0.7988 1.2205 0.775, 0.8368 1.2205 0.8062, 0.81 1.2205 0.806, 0.8218 1.2205 0.8394, 0.823 1.2205 0.845, 0.8224 1.2205 0.8416, 0.8233 1.2205 0.845, 0.8246 1.2205 0.8394, 0.8239 1.2205 0.8418
            ]
        }
        coordIndex [
            0,1,2,-1,3,4,5,-1,1,6,2,-1,2,6,7,-1,2,7,8,-1,8,7,9,-1,8,9,10,-1,10,11,8,-1,8,11,12,-1,8,12,13,-1,14,13,15,-1,15,13,12,-1,15,12,5,-1,5,12,0,-1,5,0,3,-1,3,0,2,-1,8,13,16,-1,16,13,17,-1,2,8,18,-1,18,8,16,-1,3,2,19,-1,19,2,18,-1,4,3,20,-1,20,3,19,-1,5,4,21,-1,21,4,20,-1,15,5,22,-1,22,5,21,-1,14,15,23,-1,23,15,22,-1,13,14,17,-1,17,14,23,-1,0,12,24,-1,24,12,25,-1,12,11,25,-1,25,11,26,-1,9,27,28,-1,9,28,10,-1,10,28,26,-1,10,26,11,-1,9,7,27,-1,27,7,29,-1,1,30,31,-1,1,31,6,-1,6,31,29,-1,6,29,7,-1,1,0,30,-1,30,0,24,-1,
        ]
    }
}
Shape{
    appearance Appearance {
        material  Material 	{
            diffuseColor 0.2235294117647059 0.2235294117647059 0.2235294117647059
            specularColor 0.11372549019607843 0.11372549019607843 0.11372549019607843
            ambientIntensity 0.2235
            transparency 0.0
            shininess 0.5
        }
    }
    geometry IndexedFaceSet {
        ccw TRUE
        solid FALSE
        coord DEF co Coordinate {
            point [
                0.823 1.2205 0.845, 0.8233 1.2205 0.845, 0.8224 1.2205 0.8416, 0.8239 1.2205 0.8418, 0.8218 1.2205 0.8394, 0.8246 1.2205 0.8394, 0.81 1.2205 0.806, 0.8368 1.2205 0.8062
            ]
        }
        coordIndex [
            0,1,2,-1,2,1,3,-1,2,3,4,-1,4,3,5,-1,4,5,6,-1,6,5,7,-1,
        ]
    }
}
Shape{
    appearance Appearance {
        material  Material 	{
            diffuseColor 1.0 1.0 1.0
            specularColor 0.5019607843137255 0.5019607843137255 0.5019607843137255
            ambientIntensity 1.0
            transparency 0.0
            shininess 0.5
        }
    }
    geometry IndexedFaceSet {
        ccw TRUE
        solid FALSE
        coord DEF co Coordinate {
            point [
                1.5627 1.2205 0.769, 1.5543 1.2205 0.7585, 1.5675 1.2205 0.8195, 1.3771 1.2205 0.846, 1.3946 1.2205 0.8763, 1.4711 1.2205 0.837, 1.5098 1.2205 0.8203, 1.5045 1.2205 0.8183, 1.5768 1.2205 0.9184, 1.564 1.2205 0.9251, 1.5667 1.2205 0.9602, 1.5312 1.2205 0.9615, 1.5138 1.2205 0.9199, 1.505 1.2205 0.9378, 1.5799 1.2205 0.8272, 1.5755 1.2205 0.7835, 1.5683 1.2205 0.7813, 1.5443 1.2205 0.9628, 1.5 1.2205 0.8152, 1.4963 1.2205 0.8111, 1.4571 1.2205 0.8045, 1.5201 1.2205 0.8201, 1.5273 1.2205 0.8551, 1.5251 1.2205 0.8182, 1.5399 1.2205 0.8503, 1.5296 1.2205 0.8151, 1.5516 1.2205 0.8423, 1.5318 1.2205 0.8127, 1.5611 1.2205 0.8316, 1.5348 1.2205 0.808, 1.5365 1.2205 0.8027, 1.5368 1.2205 0.7971, 1.4931 1.2205 0.8527, 1.5068 1.2205 0.8562, 1.5137 1.2205 0.8567, 1.358 1.2205 0.9022, 1.3534 1.2205 0.9022, 1.3298 1.2205 0.9328, 1.3426 1.2205 0.9008, 1.3271 1.2205 0.9318, 1.3327 1.2205 0.8969, 1.3102 1.2205 0.9233, 1.2949 1.2205 0.9102, 1.5194 1.2205 0.975, 1.4921 1.2205 0.953, 1.5059 1.2205 0.9864, 1.4768 1.2205 0.964, 1.492 1.2205 0.9949, 1.55 1.2205 0.9283, 1.5439 1.2205 0.9286, 1.5377 1.2205 0.9624, 1.5305 1.2205 0.9268, 1.5178 1.2205 0.922, 1.4939 1.2205 0.8064, 1.4926 1.2205 0.8011, 1.4572 1.2205 0.7988, 1.4926 1.2205 0.7959, 1.4575 1.2205 0.7927, 1.2955 1.2205 0.8039, 1.3218 1.2205 0.8267, 1.311 1.2205 0.7909, 1.3302 1.2205 0.8199, 1.3285 1.2205 0.7825, 1.3403 1.2205 0.8153, 1.3474 1.2205 0.7786, 1.3506 1.2205 0.8134, 1.381 1.2205 0.7789, 1.3762 1.2205 0.8136, 1.3842 1.2205 0.7794, 1.5145 1.2205 0.8208, 1.4811 1.2205 0.8462, 1.3239 1.2205 0.8907, 1.3174 1.2205 0.8834, 1.2833 1.2205 0.8939, 1.3122 1.2205 0.8735, 1.2765 1.2205 0.8765, 1.3096 1.2205 0.8626, 1.274 1.2205 0.8578, 1.3093 1.2205 0.8575, 1.2768 1.2205 0.8375, 1.3108 1.2205 0.8464, 1.284 1.2205 0.8196, 1.3148 1.2205 0.8363, 1.3211 1.2205 0.8274, 1.3603 1.2205 0.978, 1.3828 1.2205 0.952, 1.3415 1.2205 0.956, 1.37 1.2205 0.9366, 1.3614 1.2205 0.9182, 1.5995 1.2205 0.8859, 1.6369 1.2205 0.8766, 1.6013 1.2205 0.8721, 1.6371 1.2205 0.8712, 1.6006 1.2205 0.8632, 1.6345 1.2205 0.8489, 1.5966 1.2205 0.8493, 1.6265 1.2205 0.8276, 1.59 1.2205 0.8378, 1.6137 1.2205 0.809, 1.596 1.2205 0.7937, 1.5358 1.2205 0.7918, 1.5336 1.2205 0.787, 1.4657 1.2205 1.0049, 1.4582 1.2205 0.9714, 1.4375 1.2205 1.0081, 1.4372 1.2205 0.974, 1.414 1.2205 1.0055, 1.4178 1.2205 0.9714, 1.3855 1.2205 0.9952, 1.4 1.2205 0.9645, 1.3841 1.2205 0.9533, 1.5879 1.2205 0.9521, 1.6061 1.2205 0.9395, 1.5865 1.2205 0.9098, 1.6099 1.2205 0.9359, 1.5945 1.2205 0.8985, 1.6237 1.2205 0.9184, 1.633 1.2205 0.898, 1.461 1.2205 0.7787, 1.494 1.2205 0.7904, 1.4678 1.2205 0.7661, 1.4967 1.2205 0.7856, 1.4766 1.2205 0.7565, 1.4998 1.2205 0.7821, 1.488 1.2205 0.7486, 1.5042 1.2205 0.779, 1.5007 1.2205 0.7438, 1.5091 1.2205 0.7771, 1.5145 1.2205 0.7422, 1.5148 1.2205 0.7764, 1.5167 1.2205 0.7423, 1.5158 1.2205 0.7764, 1.5301 1.2205 0.7445, 1.5209 1.2205 0.7773, 1.5432 1.2205 0.7501, 1.526 1.2205 0.7795, 1.5304 1.2205 0.7829, 1.3791 1.2205 0.8141, 1.393 1.2205 0.7849, 1.3917 1.2205 0.7836, 1.3774 1.2205 0.8137, 1.388 1.2205 0.7809, 1.3974 1.2205 0.7966, 1.3969 1.2205 0.7924, 1.3954 1.2205 0.7885, 1.3841 1.2205 0.8136, 1.388 1.2205 0.8121, 1.3973 1.2205 0.7989, 1.3915 1.2205 0.8096, 1.3939 1.2205 0.8071, 1.3961 1.2205 0.8032, 1.3796 1.2205 0.8142, 1.274 1.2205 0.8578, 1.2765 1.2205 0.8765, 1.278 1.2205 0.8803, 1.2833 1.2205 0.8939, 1.29 1.2205 0.9032, 1.2949 1.2205 0.9102, 1.3102 1.2205 0.9233, 1.3271 1.2205 0.9318, 1.3298 1.2205 0.9328, 1.3415 1.2205 0.956, 1.3603 1.2205 0.978, 1.4375 1.2205 1.0081, 1.3699 1.2205 0.9846, 1.3855 1.2205 0.9952, 1.3904 1.2205 0.997, 1.414 1.2205 1.0055, 1.5059 1.2205 0.9864, 1.4657 1.2205 1.0049, 1.4865 1.2205 0.997, 1.492 1.2205 0.9949, 1.5312 1.2205 0.9615, 1.5081 1.2205 0.9846, 1.5194 1.2205 0.975, 1.5377 1.2205 0.9624, 1.5443 1.2205 0.9628, 1.5667 1.2205 0.9602, 1.5879 1.2205 0.9521, 1.6061 1.2205 0.9395, 1.6099 1.2205 0.9359, 1.6371 1.2205 0.8712, 1.6237 1.2205 0.9184, 1.6306 1.2205 0.9032, 1.633 1.2205 0.898, 1.6363 1.2205 0.8803, 1.6369 1.2205 0.8766, 1.6353 1.2205 0.8557, 1.6355 1.2205 0.8572, 1.6345 1.2205 0.8489, 1.6265 1.2205 0.8276, 1.6137 1.2205 0.809, 1.596 1.2205 0.7937, 1.5755 1.2205 0.7835, 1.5683 1.2205 0.7813, 1.5627 1.2205 0.769, 1.5543 1.2205 0.7585, 1.5432 1.2205 0.7501, 1.5301 1.2205 0.7445, 1.5167 1.2205 0.7423, 1.5145 1.2205 0.7422, 1.5007 1.2205 0.7438, 1.488 1.2205 0.7486, 1.4766 1.2205 0.7565, 1.4678 1.2205 0.7661, 1.461 1.2205 0.7787, 1.4575 1.2205 0.7927, 1.4572 1.2205 0.7988, 1.4571 1.2205 0.8045, 1.3771 1.2205 0.846, 1.3946 1.2205 0.8763, 1.3836 1.2205 0.8572, 1.3827 1.2205 0.8557, 1.4348 1.2205 0.8557, 1.4711 1.2205 0.837, 1.4318 1.2205 0.8572, 1.5137 1.2205 0.8567, 1.4811 1.2205 0.8462, 1.4931 1.2205 0.8527, 1.5046 1.2205 0.8557, 1.5068 1.2205 0.8562, 1.5224 1.2205 0.8557, 1.5273 1.2205 0.8551, 1.5399 1.2205 0.8503, 1.5516 1.2205 0.8423, 1.5611 1.2205 0.8316, 1.5675 1.2205 0.8195, 1.5989 1.2205 0.8572, 1.5985 1.2205 0.8557, 1.5966 1.2205 0.8493, 1.59 1.2205 0.8378, 1.5799 1.2205 0.8272, 1.6006 1.2205 0.8632, 1.6013 1.2205 0.8721, 1.6002 1.2205 0.8803, 1.5995 1.2205 0.8859, 1.5945 1.2205 0.8985, 1.5912 1.2205 0.9032, 1.5865 1.2205 0.9098, 1.5768 1.2205 0.9184, 1.564 1.2205 0.9251, 1.55 1.2205 0.9283, 1.5439 1.2205 0.9286, 1.5305 1.2205 0.9268, 1.5178 1.2205 0.922, 1.5138 1.2205 0.9199, 1.505 1.2205 0.9378, 1.4921 1.2205 0.953, 1.4768 1.2205 0.964, 1.4582 1.2205 0.9714, 1.4372 1.2205 0.974, 1.358 1.2205 0.9022, 1.3582 1.2205 0.9032, 1.3614 1.2205 0.9182, 1.37 1.2205 0.9366, 1.3828 1.2205 0.952, 1.3841 1.2205 0.9533, 1.4 1.2205 0.9645, 1.4178 1.2205 0.9714, 1.3534 1.2205 0.9022, 1.3426 1.2205 0.9008, 1.3327 1.2205 0.8969, 1.3239 1.2205 0.8907, 1.3174 1.2205 0.8834, 1.3158 1.2205 0.8803, 1.3122 1.2205 0.8735, 1.3096 1.2205 0.8626, 1.3093 1.2205 0.8575, 1.3094 1.2205 0.8572, 1.3096 1.2205 0.8557, 1.3108 1.2205 0.8464, 1.3148 1.2205 0.8363, 1.3211 1.2205 0.8274, 1.3218 1.2205 0.8267, 1.3302 1.2205 0.8199, 1.3403 1.2205 0.8153, 1.3506 1.2205 0.8134, 1.3762 1.2205 0.8136, 1.3774 1.2205 0.8137, 1.3791 1.2205 0.8141, 1.3796 1.2205 0.8142, 1.3841 1.2205 0.8136, 1.388 1.2205 0.8121, 1.3915 1.2205 0.8096, 1.3939 1.2205 0.8071, 1.3961 1.2205 0.8032, 1.3973 1.2205 0.7989, 1.3974 1.2205 0.7966, 1.3969 1.2205 0.7924, 1.3954 1.2205 0.7885, 1.393 1.2205 0.7849, 1.3917 1.2205 0.7836, 1.388 1.2205 0.7809, 1.3842 1.2205 0.7794, 1.381 1.2205 0.7789, 1.3474 1.2205 0.7786, 1.3285 1.2205 0.7825, 1.311 1.2205 0.7909, 1.2955 1.2205 0.8039, 1.284 1.2205 0.8196, 1.2768 1.2205 0.8375, 1.2743 1.2205 0.8557, 1.2741 1.2205 0.8572, 1.5145 1.2205 0.8208, 1.5098 1.2205 0.8203, 1.5045 1.2205 0.8183, 1.5 1.2205 0.8152, 1.4963 1.2205 0.8111, 1.4939 1.2205 0.8064, 1.4926 1.2205 0.8011, 1.4926 1.2205 0.7959, 1.494 1.2205 0.7904, 1.4967 1.2205 0.7856, 1.4998 1.2205 0.7821, 1.5042 1.2205 0.779, 1.5091 1.2205 0.7771, 1.5148 1.2205 0.7764, 1.5158 1.2205 0.7764, 1.5209 1.2205 0.7773, 1.526 1.2205 0.7795, 1.5304 1.2205 0.7829, 1.5336 1.2205 0.787, 1.5358 1.2205 0.7918, 1.5368 1.2205 0.7971, 1.5365 1.2205 0.8027, 1.5348 1.2205 0.808, 1.5318 1.2205 0.8127, 1.5296 1.2205 0.8151, 1.5251 1.2205 0.8182, 1.5201 1.2205 0.8201
            ]
        }
        coordIndex [
            0,1,2,-1,3,4,5,-1,6,7,3,-1,8,9,10,-1,11,12,13,-1,14,15,2,-1,2,15,16,-1,2,16,0,-1,10,9,17,-1,7,18,3,-1,3,18,19,-1,3,19,20,-1,21,22,23,-1,23,22,24,-1,23,24,25,-1,25,24,26,-1,25,26,27,-1,27,26,28,-1,27,28,29,-1,29,28,2,-1,29,2,30,-1,30,2,31,-1,32,33,21,-1,21,33,34,-1,21,34,22,-1,35,36,37,-1,37,36,38,-1,37,38,39,-1,39,38,40,-1,39,40,41,-1,41,40,42,-1,11,13,43,-1,43,13,44,-1,43,44,45,-1,45,44,46,-1,45,46,47,-1,9,48,17,-1,17,48,49,-1,17,49,50,-1,50,49,51,-1,50,51,11,-1,11,51,52,-1,11,52,12,-1,19,53,20,-1,20,53,54,-1,20,54,55,-1,55,54,56,-1,55,56,57,-1,58,59,60,-1,60,59,61,-1,60,61,62,-1,62,61,63,-1,62,63,64,-1,64,63,65,-1,64,65,66,-1,66,65,67,-1,66,67,68,-1,6,3,69,-1,69,3,5,-1,69,5,21,-1,21,5,70,-1,21,70,32,-1,40,71,42,-1,42,71,72,-1,42,72,73,-1,73,72,74,-1,73,74,75,-1,75,74,76,-1,75,76,77,-1,77,76,78,-1,77,78,79,-1,79,78,80,-1,79,80,81,-1,81,80,82,-1,81,82,58,-1,58,82,83,-1,58,83,59,-1,84,85,86,-1,86,85,87,-1,86,87,37,-1,37,87,88,-1,37,88,35,-1,89,90,91,-1,91,90,92,-1,91,92,93,-1,93,92,94,-1,93,94,95,-1,95,94,96,-1,95,96,97,-1,97,96,98,-1,97,98,14,-1,14,98,99,-1,14,99,15,-1,31,2,100,-1,100,2,1,-1,100,1,101,-1,47,46,102,-1,102,46,103,-1,102,103,104,-1,104,103,105,-1,104,105,106,-1,106,105,107,-1,106,107,108,-1,108,107,109,-1,108,109,84,-1,84,109,110,-1,84,110,85,-1,10,111,8,-1,8,111,112,-1,8,112,113,-1,113,112,114,-1,113,114,115,-1,115,114,116,-1,115,116,89,-1,89,116,117,-1,89,117,90,-1,57,56,118,-1,118,56,119,-1,118,119,120,-1,120,119,121,-1,120,121,122,-1,122,121,123,-1,122,123,124,-1,124,123,125,-1,124,125,126,-1,126,125,127,-1,126,127,128,-1,128,127,129,-1,128,129,130,-1,130,129,131,-1,130,131,132,-1,132,131,133,-1,132,133,134,-1,134,133,135,-1,134,135,1,-1,1,135,136,-1,1,136,101,-1,137,138,139,-1,67,140,68,-1,68,140,137,-1,68,137,141,-1,141,137,139,-1,142,143,137,-1,137,143,144,-1,137,144,138,-1,145,146,147,-1,146,148,147,-1,147,148,149,-1,147,149,150,-1,142,137,147,-1,147,137,151,-1,147,151,145,-1,77,152,153,-1,77,153,75,-1,75,153,154,-1,75,154,73,-1,154,155,73,-1,73,155,156,-1,73,156,42,-1,156,157,42,-1,42,157,158,-1,42,158,41,-1,41,158,159,-1,41,159,39,-1,39,159,160,-1,39,160,37,-1,37,160,161,-1,37,161,86,-1,86,161,162,-1,86,162,84,-1,163,104,106,-1,84,162,164,-1,84,164,108,-1,164,165,108,-1,108,165,166,-1,108,166,106,-1,106,166,167,-1,106,167,163,-1,168,45,47,-1,104,163,169,-1,104,169,102,-1,102,169,170,-1,102,170,47,-1,47,170,171,-1,47,171,168,-1,172,11,43,-1,45,168,173,-1,45,173,43,-1,43,173,174,-1,43,174,172,-1,11,172,175,-1,11,175,50,-1,50,175,176,-1,50,176,17,-1,17,176,177,-1,17,177,10,-1,10,177,178,-1,10,178,111,-1,111,178,179,-1,111,179,112,-1,112,179,180,-1,112,180,114,-1,181,92,90,-1,114,180,182,-1,114,182,116,-1,116,182,183,-1,116,183,117,-1,183,184,117,-1,117,184,185,-1,117,185,90,-1,90,185,186,-1,90,186,181,-1,187,94,188,-1,188,94,92,-1,188,92,181,-1,187,189,94,-1,94,189,190,-1,94,190,96,-1,96,190,191,-1,96,191,98,-1,98,191,192,-1,98,192,99,-1,99,192,193,-1,99,193,15,-1,15,193,194,-1,15,194,16,-1,16,194,195,-1,16,195,0,-1,0,195,196,-1,0,196,1,-1,1,196,197,-1,1,197,134,-1,134,197,198,-1,134,198,132,-1,132,198,199,-1,132,199,130,-1,130,199,200,-1,130,200,128,-1,128,200,201,-1,128,201,126,-1,126,201,202,-1,126,202,124,-1,124,202,203,-1,124,203,122,-1,122,203,204,-1,122,204,120,-1,120,204,205,-1,120,205,118,-1,118,205,206,-1,118,206,57,-1,57,206,207,-1,57,207,55,-1,20,55,208,-1,208,55,207,-1,3,20,209,-1,209,20,208,-1,210,4,211,-1,211,4,3,-1,211,3,212,-1,212,3,209,-1,213,214,5,-1,213,5,215,-1,215,5,4,-1,215,4,210,-1,216,34,33,-1,5,214,217,-1,5,217,70,-1,70,217,218,-1,70,218,32,-1,32,218,219,-1,32,219,33,-1,33,219,220,-1,33,220,216,-1,22,34,221,-1,221,34,216,-1,221,222,22,-1,22,222,223,-1,22,223,24,-1,24,223,224,-1,24,224,26,-1,26,224,225,-1,26,225,28,-1,28,225,226,-1,28,226,2,-1,227,93,228,-1,228,93,95,-1,228,95,229,-1,229,95,97,-1,229,97,230,-1,230,97,14,-1,230,14,231,-1,231,14,2,-1,231,2,226,-1,227,232,93,-1,93,232,233,-1,93,233,91,-1,89,91,234,-1,234,91,233,-1,234,235,89,-1,89,235,236,-1,89,236,115,-1,115,236,237,-1,115,237,113,-1,237,238,113,-1,113,238,239,-1,113,239,8,-1,8,239,240,-1,8,240,9,-1,9,240,241,-1,9,241,48,-1,48,241,242,-1,48,242,49,-1,49,242,243,-1,49,243,51,-1,51,243,244,-1,51,244,52,-1,52,244,245,-1,52,245,12,-1,12,245,246,-1,12,246,13,-1,13,246,247,-1,13,247,44,-1,44,247,248,-1,44,248,46,-1,46,248,249,-1,46,249,103,-1,103,249,250,-1,103,250,105,-1,251,35,252,-1,252,35,88,-1,252,88,253,-1,253,88,87,-1,253,87,254,-1,254,87,85,-1,254,85,255,-1,255,85,110,-1,255,110,256,-1,256,110,109,-1,256,109,257,-1,257,109,107,-1,257,107,258,-1,258,107,105,-1,258,105,250,-1,36,35,259,-1,259,35,251,-1,36,259,260,-1,36,260,38,-1,38,260,261,-1,38,261,40,-1,40,261,262,-1,40,262,71,-1,71,262,263,-1,71,263,72,-1,72,263,264,-1,72,264,74,-1,264,265,74,-1,74,265,266,-1,74,266,76,-1,76,266,267,-1,76,267,78,-1,267,268,78,-1,78,268,269,-1,78,269,80,-1,269,270,80,-1,80,270,271,-1,80,271,82,-1,82,271,272,-1,82,272,83,-1,83,272,273,-1,83,273,59,-1,59,273,274,-1,59,274,61,-1,61,274,275,-1,61,275,63,-1,63,275,276,-1,63,276,65,-1,67,65,277,-1,277,65,276,-1,67,277,278,-1,67,278,140,-1,140,278,279,-1,140,279,137,-1,137,279,280,-1,137,280,151,-1,151,280,281,-1,151,281,145,-1,145,281,282,-1,145,282,146,-1,146,282,283,-1,146,283,148,-1,148,283,284,-1,148,284,149,-1,149,284,285,-1,149,285,150,-1,150,285,286,-1,150,286,147,-1,147,286,287,-1,147,287,142,-1,142,287,288,-1,142,288,143,-1,143,288,289,-1,143,289,144,-1,144,289,290,-1,144,290,138,-1,138,290,291,-1,138,291,139,-1,139,291,292,-1,139,292,141,-1,141,292,293,-1,141,293,68,-1,68,293,294,-1,68,294,66,-1,64,66,295,-1,295,66,294,-1,64,295,296,-1,64,296,62,-1,62,296,297,-1,62,297,60,-1,60,297,298,-1,60,298,58,-1,58,298,299,-1,58,299,81,-1,81,299,300,-1,81,300,79,-1,79,300,301,-1,79,301,77,-1,77,301,302,-1,77,302,152,-1,69,303,304,-1,69,304,6,-1,6,304,305,-1,6,305,7,-1,7,305,306,-1,7,306,18,-1,18,306,307,-1,18,307,19,-1,19,307,308,-1,19,308,53,-1,53,308,309,-1,53,309,54,-1,54,309,310,-1,54,310,56,-1,56,310,311,-1,56,311,119,-1,119,311,312,-1,119,312,121,-1,121,312,313,-1,121,313,123,-1,123,313,314,-1,123,314,125,-1,125,314,315,-1,125,315,127,-1,127,315,316,-1,127,316,129,-1,129,316,317,-1,129,317,131,-1,131,317,318,-1,131,318,133,-1,133,318,319,-1,133,319,135,-1,135,319,320,-1,135,320,136,-1,136,320,321,-1,136,321,101,-1,101,321,322,-1,101,322,100,-1,100,322,323,-1,100,323,31,-1,31,323,324,-1,31,324,30,-1,30,324,325,-1,30,325,29,-1,29,325,326,-1,29,326,27,-1,27,326,327,-1,27,327,25,-1,25,327,328,-1,25,328,23,-1,23,328,329,-1,23,329,21,-1,21,329,303,-1,21,303,69,-1,
        ]
    }
}
Shape{
    appearance Appearance {
        material  Material 	{
            diffuseColor 0.2235294117647059 0.2235294117647059 0.2235294117647059
            specularColor 0.11372549019607843 0.11372549019607843 0.11372549019607843
            ambientIntensity 0.2235
            transparency 0.0
            shininess 0.5
        }
    }
    geometry IndexedFaceSet {
        ccw TRUE
        solid FALSE
        coord DEF co Coordinate {
            point [
                1.5158 1.2205 0.7764, 1.5296 1.2205 0.8151, 1.5318 1.2205 0.8127, 1.5091 1.2205 0.7771, 1.5042 1.2205 0.779, 1.5098 1.2205 0.8203, 1.5145 1.2205 0.8208, 1.5201 1.2205 0.8201, 1.5251 1.2205 0.8182, 1.5358 1.2205 0.7918, 1.5336 1.2205 0.787, 1.5304 1.2205 0.7829, 1.5148 1.2205 0.7764, 1.5348 1.2205 0.808, 1.5365 1.2205 0.8027, 1.5368 1.2205 0.7971, 1.526 1.2205 0.7795, 1.5209 1.2205 0.7773, 1.4998 1.2205 0.7821, 1.4967 1.2205 0.7856, 1.494 1.2205 0.7904, 1.4926 1.2205 0.7959, 1.4926 1.2205 0.8011, 1.4939 1.2205 0.8064, 1.4963 1.2205 0.8111, 1.5 1.2205 0.8152, 1.5045 1.2205 0.8183
            ]
        }
        coordIndex [
            0,1,2,-1,3,4,5,-1,6,7,0,-1,0,7,8,-1,0,8,1,-1,9,10,2,-1,2,10,11,-1,6,0,5,-1,5,0,12,-1,5,12,3,-1,13,14,2,-1,2,14,15,-1,2,15,9,-1,11,16,2,-1,2,16,17,-1,2,17,0,-1,4,18,5,-1,5,18,19,-1,5,19,20,-1,20,21,5,-1,5,21,22,-1,5,22,23,-1,23,24,5,-1,5,24,25,-1,5,25,26,-1,
        ]
    }
}