#VRML V2.0 utf8
# 3D model generated by easyeda2kicad.py (https://github.com/uPesy/easyeda2kicad.py)

Shape{
    appearance Appearance {
        material  Material 	{
            diffuseColor 0.25098039215686274 0.25098039215686274 0.25098039215686274
            specularColor 0.12549019607843137 0.12549019607843137 0.12549019607843137
            ambientIntensity 0.251
            transparency 0.0
            shininess 0.5
        }
    }
    geometry IndexedFaceSet {
        ccw TRUE
        solid FALSE
        coord DEF co Coordinate {
            point [
                -0.4723 -0.6501 0.3031, -0.4738 -0.6502 0.3031, -0.4645 -0.6502 0.3031, -0.516 -0.5911 0.3031, -0.5235 -0.5911 0.3031, -0.5235 -0.5914 0.3031, -0.5308 -0.5541 0.3031, -0.5308 -0.5869 0.3031, -0.5235 -0.5869 0.3031, -0.5009 -0.5541 0.3031, -0.4981 -0.5537 0.3031, -0.5128 -0.5537 0.3031, -0.6049 -0.5929 0.3031, -0.6052 -0.5914 0.3031, -0.7051 -0.5914 0.3031, -0.5829 -0.583 0.3031, -0.5757 -0.589 0.3031, -0.5507 -0.5537 0.3031, -0.5507 -0.5914 0.3031, -0.6166 -0.5507 0.3031, -0.6121 -0.5537 0.3031, -0.6062 -0.5578 0.3031, -0.5972 -0.5685 0.3031, -0.592 -0.5786 0.3031, -0.5907 -0.5791 0.3031, -0.5507 -0.0029 0.3031, -0.6296 -0.5456 0.3031, -0.6421 -0.5441 0.3031, -0.7051 -0.0029 0.3031, -0.654 -0.5454 0.3031, -0.7051 -0.5537 0.3031, -0.7018 -0.5667 0.3031, -0.6914 -0.5655 0.3031, -0.6799 -0.5597 0.3031, -0.6737 -0.5544 0.3031, -0.6727 -0.5537 0.3031, -0.6663 -0.5499 0.3031, -0.6883 -0.5656 0.3031, -0.6853 -0.566 0.3031, -0.7199 -0.5764 0.3031, -0.7115 -0.5705 0.3031, -0.7051 -0.568 0.3031, -0.7874 -0.5914 0.3031, -0.7303 -0.5914 0.3031, -0.7874 -0.5537 0.3031, -0.728 -0.5862 0.3031, -0.7217 -0.5781 0.3031, -0.7148 -0.6439 0.3031, -0.723 -0.6369 0.3031, -0.7874 -0.6502 0.3031, -0.7052 -0.6485 0.3031, -0.729 -0.6283 0.3031, -0.7328 -0.6185 0.3031, -0.7874 -0.6023 0.3031, -0.7341 -0.6081 0.3031, -0.734 -0.6056 0.3031, -0.7334 -0.6023 0.3031, -0.7322 -0.5957 0.3031, -0.7019 -0.6495 0.3031, -0.7051 -0.6486 0.3031, -0.7016 -0.6502 0.3031, -0.7051 -0.6502 0.3031, -0.6993 -0.6552 0.3031, -0.7051 -0.6649 0.3031, -0.6954 -0.66 0.3031, -0.6902 -0.6639 0.3031, -0.7051 -0.7874 0.3031, -0.6705 -0.6667 0.3031, -0.6769 -0.6674 0.3031, -0.6779 -0.6674 0.3031, -0.6841 -0.6665 0.3031, -0.6878 -0.6649 0.3031, -0.6522 -0.6502 0.3031, -0.6522 -0.6503 0.3031, -0.5507 -0.6649 0.3031, -0.6553 -0.6562 0.3031, -0.6594 -0.6608 0.3031, -0.6646 -0.6644 0.3031, -0.666 -0.6649 0.3031, -0.6617 -0.6192 0.3031, -0.6571 -0.6234 0.3031, -0.6218 -0.605 0.3031, -0.6185 -0.6347 0.3031, -0.6167 -0.634 0.3031, -0.6136 -0.619 0.3031, -0.5659 -0.6132 0.3031, -0.5671 -0.6226 0.3031, -0.5507 -0.6502 0.3031, -0.6202 -0.6358 0.3031, -0.5824 -0.6111 0.3031, -0.5836 -0.606 0.3031, -0.5856 -0.6023 0.3031, -0.7051 -0.6023 0.3031, -0.5704 -0.6309 0.3031, -0.5757 -0.6382 0.3031, -0.5828 -0.6443 0.3031, -0.7017 -0.6319 0.3031, -0.6987 -0.6262 0.3031, -0.6944 -0.6212 0.3031, -0.689 -0.6175 0.3031, -0.6832 -0.6152 0.3031, -0.6147 -0.6337 0.3031, -0.6144 -0.6337 0.3031, -0.6136 -0.6339 0.3031, -0.6769 -0.6145 0.3031, -0.6737 -0.6147 0.3031, -0.6673 -0.6162 0.3031, -0.6229 -0.6419 0.3031, -0.6228 -0.6408 0.3031, -0.6505 -0.6385 0.3031, -0.6223 -0.6388 0.3031, -0.6212 -0.637 0.3031, -0.5876 -0.6274 0.3031, -0.5847 -0.6232 0.3031, -0.5829 -0.6186 0.3031, -0.5823 -0.6134 0.3031, -0.6167 -0.6498 0.3031, -0.6184 -0.6491 0.3031, -0.6201 -0.6479 0.3031, -0.6208 -0.6473 0.3031, -0.6219 -0.6456 0.3031, -0.6226 -0.6438 0.3031, -0.6507 -0.6438 0.3031, -0.6505 -0.6411 0.3031, -0.5909 -0.6482 0.3031, -0.5997 -0.6501 0.3031, -0.6152 -0.6501 0.3031, -0.6131 -0.634 0.3031, -0.6012 -0.634 0.3031, -0.5965 -0.6331 0.3031, -0.5919 -0.6309 0.3031, -0.588 -0.6277 0.3031, -0.7175 -0.6076 0.3031, -0.7172 -0.6117 0.3031, -0.7153 -0.6181 0.3031, -0.7121 -0.6235 0.3031, -0.7074 -0.6283 0.3031, -0.7051 -0.6297 0.3031, -0.7117 -0.5914 0.3031, -0.7144 -0.5954 0.3031, -0.7167 -0.6012 0.3031, -0.7168 -0.6023 0.3031, -0.7062 -0.5861 0.3031, -0.7108 -0.5901 0.3031, -0.6106 -0.577 0.3031, -0.6166 -0.5699 0.3031, -0.6771 -0.5852 0.3031, -0.6172 -0.5693 0.3031, -0.6246 -0.5642 0.3031, -0.6731 -0.5769 0.3031, -0.679 -0.5842 0.3031, -0.6065 -0.5855 0.3031, -0.6849 -0.582 0.3031, -0.6911 -0.5813 0.3031, -0.6939 -0.5814 0.3031, -0.7004 -0.5829 0.3031, -0.7051 -0.5855 0.3031, -0.6672 -0.5698 0.3031, -0.6329 -0.561 0.3031, -0.6601 -0.5647 0.3031, -0.6418 -0.5599 0.3031, -0.6515 -0.5612 0.3031, -0.6028 -0.5929 0.3031, -0.5861 -0.6015 0.3031, -0.5891 -0.5981 0.3031, -0.5932 -0.5953 0.3031, -0.5978 -0.5935 0.3031, -0.574 -0.5914 0.3031, -0.5703 -0.5965 0.3031, -0.5507 -0.6023 0.3031, -0.568 -0.6023 0.3031, -0.5671 -0.6046 0.3031, -0.5235 -0.6332 0.3031, -0.5308 -0.6332 0.3031, -0.5235 -0.6457 0.3031, -0.5308 -0.6457 0.3031, -0.5235 -0.6129 0.3031, -0.5165 -0.6129 0.3031, -0.5151 -0.6023 0.3031, -0.5165 -0.6171 0.3031, -0.5156 -0.6457 0.3031, -0.5151 -0.6502 0.3031, -0.5156 -0.6499 0.3031, -0.5235 -0.6502 0.3031, -0.5175 -0.6332 0.3031, -0.5175 -0.629 0.3031, -0.5235 -0.629 0.3031, -0.5235 -0.6171 0.3031, -0.5308 -0.6171 0.3031, -0.5308 -0.629 0.3031, -0.5235 -0.6499 0.3031, -0.5356 -0.6499 0.3031, -0.3959 -0.581 0.3031, -0.4095 -0.581 0.3031, -0.3921 -0.5911 0.3031, -0.4095 -0.5914 0.3031, -0.3868 -0.5911 0.3031, 0.7874 -0.5914 0.3031, 0.7874 -0.5537 0.3031, -0.4009 -0.5541 0.3031, -0.4095 -0.5537 0.3031, -0.4113 -0.581 0.3031, -0.4149 -0.5911 0.3031, -0.4212 -0.5914 0.3031, -0.4201 -0.5911 0.3031, -0.4212 -0.5537 0.3031, -0.4095 -0.5631 0.3031, -0.406 -0.5541 0.3031, -0.4645 -0.5744 0.3031, -0.4745 -0.5744 0.3031, -0.4645 -0.5869 0.3031, -0.4745 -0.5869 0.3031, -0.4559 -0.5537 0.3031, -0.4645 -0.5537 0.3031, -0.4602 -0.5541 0.3031, -0.4645 -0.5541 0.3031, -0.4613 -0.5744 0.3031, -0.4594 -0.5869 0.3031, -0.4613 -0.5702 0.3031, -0.4602 -0.5583 0.3031, -0.4645 -0.5702 0.3031, -0.4645 -0.5583 0.3031, -0.4745 -0.5583 0.3031, -0.4745 -0.5702 0.3031, -0.4793 -0.5911 0.3031, -0.4815 -0.5914 0.3031, -0.4645 -0.5914 0.3031, -0.4559 -0.5914 0.3031, -0.4594 -0.5911 0.3031, -0.4645 -0.5911 0.3031, -0.4793 -0.5541 0.3031, -0.4815 -0.5537 0.3031, -0.4915 -0.5537 0.3031, -0.4907 -0.5538 0.3031, -0.4867 -0.5549 0.3031, -0.4867 -0.5599 0.3031, -0.4867 -0.585 0.3031, -0.4867 -0.5896 0.3031, -0.4955 -0.5577 0.3031, -0.4972 -0.5578 0.3031, -0.4874 -0.5899 0.3031, -0.4914 -0.5912 0.3031, -0.4937 -0.5914 0.3031, -0.4909 -0.5583 0.3031, -0.4872 -0.5597 0.3031, -0.5004 -0.5585 0.3031, -0.5033 -0.5599 0.3031, -0.5056 -0.5619 0.3031, -0.5058 -0.5621 0.3031, -0.5076 -0.5647 0.3031, -0.5089 -0.5679 0.3031, -0.5095 -0.573 0.3031, -0.5094 -0.5747 0.3031, -0.4904 -0.5866 0.3031, -0.4946 -0.5874 0.3031, -0.4963 -0.5875 0.3031, -0.5088 -0.5783 0.3031, -0.5075 -0.5813 0.3031, -0.5058 -0.5836 0.3031, -0.5048 -0.5846 0.3031, -0.4996 -0.5871 0.3031, -0.5023 -0.5862 0.3031, -0.4955 -0.5534 0.3031, -0.5128 -0.0029 0.3031, -0.4815 -0.0029 0.3031, -0.5118 -0.5624 0.3031, -0.5091 -0.5589 0.3031, -0.5082 -0.558 0.3031, -0.5048 -0.5556 0.3031, -0.5151 -0.5537 0.3031, -0.5136 -0.5665 0.3031, -0.5128 -0.5648 0.3031, -0.5128 -0.5817 0.3031, -0.5138 -0.5793 0.3031, -0.5151 -0.5914 0.3031, -0.5145 -0.5733 0.3031, -0.5144 -0.5714 0.3031, -0.5033 -0.5908 0.3031, -0.5068 -0.5892 0.3031, -0.5128 -0.5914 0.3031, -0.5097 -0.5867 0.3031, -0.5101 -0.5863 0.3031, -0.5123 -0.5832 0.3031, -0.5003 -0.5914 0.3031, -0.5128 -0.6023 0.3031, -0.4992 -0.5916 0.3031, -0.497 -0.5917 0.3031, -0.4815 -0.6023 0.3031, -0.5356 -0.5911 0.3031, -0.5356 -0.5541 0.3031, -0.5235 -0.5537 0.3031, -0.516 -0.5869 0.3031, -0.5235 0.7874 0.3031, -0.5507 0.7874 0.3031, -0.5507 0.6605 0.3031, -0.5406 0.6473 0.3031, -0.5334 0.6298 0.3031, -0.5309 0.611 0.3031, -0.6665 0.6473 0.3031, -0.6549 0.6624 0.3031, -0.7051 0.7874 0.3031, -0.5334 0.5922 0.3031, -0.5235 -0.0029 0.3031, -0.5406 0.5747 0.3031, -0.5507 0.5615 0.3031, -0.5522 0.5596 0.3031, -0.5672 0.5481 0.3031, -0.5848 0.5408 0.3031, -0.6036 0.5383 0.3031, -0.6224 0.5408 0.3031, -0.6399 0.5481 0.3031, -0.6549 0.5596 0.3031, -0.6665 0.5747 0.3031, -0.6737 0.5922 0.3031, -0.6762 0.611 0.3031, -0.6737 0.6298 0.3031, -0.5848 0.6812 0.3031, -0.5672 0.6739 0.3031, -0.5522 0.6624 0.3031, -0.6399 0.6739 0.3031, -0.6224 0.6812 0.3031, -0.6036 0.6837 0.3031, -0.4232 -0.5788 0.3031, -0.425 -0.5826 0.3031, -0.4354 -0.5537 0.3031, -0.4354 -0.5549 0.3031, -0.4317 -0.5563 0.3031, -0.4354 -0.5902 0.3031, -0.4354 -0.5914 0.3031, -0.4317 -0.5887 0.3031, -0.4278 -0.5859 0.3031, -0.4278 -0.559 0.3031, -0.4265 -0.5602 0.3031, -0.4242 -0.5635 0.3031, -0.4228 -0.567 0.3031, -0.4222 -0.5721 0.3031, -0.4223 -0.5745 0.3031, -0.4418 -0.5541 0.3031, -0.4362 -0.5547 0.3031, -0.4359 -0.5904 0.3031, -0.4422 -0.5911 0.3031, -0.4524 -0.5911 0.3031, -0.4524 -0.5541 0.3031, -0.5092 -0.6372 0.3031, -0.5086 -0.6298 0.3031, -0.5102 -0.6386 0.3031, -0.5108 -0.6402 0.3031, -0.4946 -0.6499 0.3031, -0.5003 -0.6502 0.3031, -0.4899 -0.6499 0.3031, -0.4815 -0.6502 0.3031, -0.5056 -0.6502 0.3031, -0.5073 -0.6496 0.3031, -0.5128 -0.6502 0.3031, -0.5104 -0.6465 0.3031, -0.511 -0.645 0.3031, -0.5086 -0.6253 0.3031, -0.5076 -0.6247 0.3031, -0.4947 -0.6237 0.3031, -0.4829 -0.6274 0.3031, -0.482 -0.6262 0.3031, -0.5078 -0.636 0.3031, -0.5058 -0.635 0.3031, -0.5059 -0.628 0.3031, -0.5024 -0.6342 0.3031, -0.4983 -0.6268 0.3031, -0.4999 -0.6266 0.3031, -0.503 -0.627 0.3031, -0.4946 -0.6458 0.3031, -0.4947 -0.6458 0.3031, -0.4959 -0.6476 0.3031, -0.4974 -0.649 0.3031, -0.5089 -0.6485 0.3031, -0.5094 -0.6479 0.3031, -0.4983 -0.6495 0.3031, -0.5001 -0.6502 0.3031, -0.5042 -0.6234 0.3031, -0.4995 -0.6228 0.3031, -0.4966 -0.6231 0.3031, -0.5112 -0.6428 0.3031, -0.5112 -0.6422 0.3031, -0.4931 -0.6246 0.3031, -0.4919 -0.6258 0.3031, -0.4834 -0.6289 0.3031, -0.491 -0.6273 0.3031, -0.4902 -0.6295 0.3031, -0.4946 -0.6331 0.3031, -0.4947 -0.631 0.3031, -0.4952 -0.6294 0.3031, -0.4957 -0.6284 0.3031, -0.4815 -0.6356 0.3031, -0.4836 -0.6442 0.3031, -0.4815 -0.6356 0.3031, -0.4818 -0.6453 0.3031, -0.4815 -0.6455 0.3031, -0.4823 -0.6348 0.3031, -0.4829 -0.6338 0.3031, -0.4899 -0.6329 0.3031, -0.4834 -0.6324 0.3031, -0.4836 -0.6306 0.3031, -0.4964 -0.6277 0.3031, -0.4973 -0.6272 0.3031, -0.5128 -0.6649 0.3031, -0.5028 -0.6506 0.3031, -0.5055 -0.6502 0.3031, -0.4836 -0.649 0.3031, -0.4815 -0.6498 0.3031, -0.4808 -0.65 0.3031, -0.4791 -0.6502 0.3031, -0.4764 -0.6506 0.3031, -0.4815 -0.6649 0.3031, -0.467 -0.624 0.3031, -0.467 -0.6285 0.3031, -0.4806 -0.6249 0.3031, -0.4791 -0.6241 0.3031, -0.4815 -0.6257 0.3031, -0.466 -0.6446 0.3031, -0.4665 -0.6461 0.3031, -0.4674 -0.6473 0.3031, -0.4765 -0.6232 0.3031, -0.4733 -0.6228 0.3031, -0.4645 -0.6023 0.3031, -0.47 -0.6231 0.3031, -0.4673 -0.6383 0.3031, -0.4664 -0.6396 0.3031, -0.4659 -0.641 0.3031, -0.4657 -0.6427 0.3031, -0.4687 -0.6484 0.3031, -0.4698 -0.6491 0.3031, -0.4737 -0.6266 0.3031, -0.4751 -0.6267 0.3031, -0.4788 -0.6302 0.3031, -0.4764 -0.627 0.3031, -0.4774 -0.6276 0.3031, -0.4788 -0.6308 0.3031, -0.4786 -0.6315 0.3031, -0.4782 -0.6321 0.3031, -0.4778 -0.6326 0.3031, -0.4762 -0.6337 0.3031, -0.4708 -0.6269 0.3031, -0.4733 -0.6349 0.3031, -0.4681 -0.6279 0.3031, -0.4715 -0.6356 0.3031, -0.4684 -0.6374 0.3031, -0.4781 -0.6282 0.3031, -0.4785 -0.6288 0.3031, -0.4787 -0.6294 0.3031, -0.4788 -0.6464 0.3031, -0.4766 -0.6383 0.3031, -0.4793 -0.637 0.3031, -0.476 -0.6468 0.3031, -0.4758 -0.6468 0.3031, -0.4735 -0.6396 0.3031, -0.4734 -0.6465 0.3031, -0.4705 -0.6432 0.3031, -0.4705 -0.6426 0.3031, -0.4722 -0.6461 0.3031, -0.4718 -0.6458 0.3031, -0.4712 -0.6453 0.3031, -0.4708 -0.6447 0.3031, -0.4706 -0.6441 0.3031, -0.4708 -0.6419 0.3031, -0.4711 -0.6413 0.3031, -0.4717 -0.6407 0.3031, -0.4427 -0.6235 0.3031, -0.4379 -0.6235 0.3031, -0.4354 -0.6023 0.3031, -0.4512 -0.6433 0.3031, -0.4506 -0.6455 0.3031, -0.4505 -0.6455 0.3031, -0.4559 -0.6023 0.3031, -0.4559 -0.6299 0.3031, -0.45 -0.6434 0.3031, -0.4503 -0.6446 0.3031, -0.4559 -0.6502 0.3031, -0.4559 -0.6424 0.3031, -0.4633 -0.6235 0.3031, -0.4581 -0.6235 0.3031, -0.4529 -0.6499 0.3031, -0.4531 -0.6502 0.3031, -0.455 -0.6547 0.3031, -0.4645 -0.6649 0.3031, -0.4624 -0.662 0.3031, -0.4624 -0.6579 0.3031, -0.4568 -0.6573 0.3031, -0.4559 -0.6564 0.3031, -0.4559 -0.6564 0.3031, -0.4614 -0.6582 0.3031, -0.4597 -0.6584 0.3031, -0.4559 -0.6616 0.3031, -0.4575 -0.6622 0.3031, -0.4559 -0.6649 0.3031, -0.4594 -0.6624 0.3031, -0.4604 -0.6624 0.3031, -0.4586 -0.6583 0.3031, -0.4576 -0.6579 0.3031, -0.4499 -0.6539 0.3031, -0.452 -0.658 0.3031, -0.4354 -0.6649 0.3031, -0.4485 -0.6502 0.3031, -0.4537 -0.6601 0.3031, -0.454 -0.6603 0.3031, -0.4557 -0.6615 0.3031, -0.4212 -0.6332 0.3031, -0.4281 -0.6332 0.3031, -0.4212 -0.6457 0.3031, -0.4281 -0.6457 0.3031, -0.4138 -0.6129 0.3031, -0.4138 -0.6171 0.3031, -0.4095 -0.6023 0.3031, -0.413 -0.6457 0.3031, -0.4095 -0.6502 0.3031, -0.413 -0.6499 0.3031, -0.4212 -0.6502 0.3031, -0.4149 -0.6332 0.3031, -0.4149 -0.629 0.3031, -0.4212 -0.629 0.3031, -0.4212 -0.6171 0.3031, -0.4281 -0.6171 0.3031, -0.4281 -0.629 0.3031, -0.4212 -0.6499 0.3031, -0.4329 -0.6499 0.3031, -0.4354 -0.6502 0.3031, -0.4329 -0.6129 0.3031, -0.4212 -0.6129 0.3031, -0.4212 -0.6023 0.3031, -0.5151 -0.0029 0.3031, -0.5151 0.7874 0.3031, -0.5128 0.7874 0.3031, -0.4815 0.7874 0.3031, -0.4645 -0.0029 0.3031, -0.4645 0.7874 0.3031, -0.4559 -0.0029 0.3031, -0.4559 0.7874 0.3031, -0.4354 -0.0029 0.3031, -0.4354 0.7874 0.3031, -0.4212 -0.0029 0.3031, -0.4212 0.7874 0.3031, -0.4095 -0.0029 0.3031, -0.4095 0.7874 0.3031, 0.7874 -0.0029 0.3031, 0.7874 0.7874 0.3031, -0.7874 0.7874 0.3031, -0.7874 -0.0029 0.3031, -0.5235 -0.6023 0.3031, -0.5356 -0.6129 0.3031, -0.3684 -0.6499 0.3031, -0.3737 -0.6499 0.3031, 0.7874 -0.6023 0.3031, -0.3545 -0.6129 0.3031, 0.7874 -0.6502 0.3031, -0.3404 -0.6499 0.3031, -0.3457 -0.6499 0.3031, -0.3494 -0.6398 0.3031, -0.3649 -0.6398 0.3031, -0.3768 -0.6376 0.3031, -0.3759 -0.6333 0.3031, -0.3596 -0.6129 0.3031, -0.3758 -0.6309 0.3031, -0.3764 -0.6258 0.3031, -0.3786 -0.6415 0.3031, -0.3814 -0.6447 0.3031, -0.3853 -0.6475 0.3031, -0.406 -0.6129 0.3031, -0.406 -0.6499 0.3031, -0.3958 -0.6499 0.3031, -0.3895 -0.6492 0.3031, -0.3814 -0.6178 0.3031, -0.3801 -0.619 0.3031, -0.3778 -0.6223 0.3031, -0.3954 -0.6129 0.3031, -0.3897 -0.6135 0.3031, -0.3853 -0.6151 0.3031, -0.4212 -0.6649 0.3031, -0.4095 -0.6649 0.3031, 0.7874 -0.6649 0.3031, -0.5235 -0.6649 0.3031, -0.5151 -0.6649 0.3031, -0.5507 -0.7874 0.3031, -0.5235 -0.7874 0.3031, -0.5151 -0.7874 0.3031, -0.5128 -0.7874 0.3031, -0.4815 -0.7874 0.3031, -0.4645 -0.7874 0.3031, -0.4559 -0.7874 0.3031, -0.4354 -0.7874 0.3031, -0.4212 -0.7874 0.3031, -0.4095 -0.7874 0.3031, 0.7874 -0.7874 0.3031, -0.7874 -0.6649 0.3031, -0.7874 -0.7874 0.3031, 0.7874 0.3799 0.0079, 0.7717 0.3799 0.0079, 0.7874 0.5059 0.0079, 0.7579 0.3937 0.0079, -0.7874 -0.2028 0.0079, -0.7717 -0.2028 0.0079, -0.7874 -0.3287 0.0079, -0.7579 -0.2165 0.0079, -0.5571 0.7874 0.0079, -0.5571 0.7717 0.0079, -0.7874 0.7874 0.0079, -0.5709 0.7579 0.0079, 0.7874 -0.1516 0.0079, 0.7717 -0.1516 0.0079, 0.7874 -0.0256 0.0079, 0.7579 -0.1378 0.0079, -0.6496 0.5656 0.0079, -0.6591 0.5695 0.0079, -0.5656 0.6496 0.0079, -0.7874 -0.0256 0.0079, -0.7717 -0.0256 0.0079, -0.7874 -0.1516 0.0079, -0.7579 -0.0394 0.0079, -0.6299 0.5315 0.0079, -0.6313 0.5417 0.0079, -0.3937 0.5315 0.0079, 0.7874 0.2028 0.0079, 0.7717 0.2028 0.0079, 0.7874 0.3287 0.0079, 0.7579 0.2165 0.0079, -0.7579 0.4921 0.0079, -0.6693 0.4921 0.0079, -0.5315 0.3937 0.0079, -0.6591 0.4935 0.0079, -0.6496 0.4974 0.0079, -0.6415 0.5037 0.0079, -0.6352 0.5118 0.0079, -0.6313 0.5213 0.0079, -0.5695 0.6591 0.0079, -0.7874 -0.3799 0.0079, -0.7717 -0.3799 0.0079, -0.7874 -0.5059 0.0079, -0.7579 -0.3937 0.0079, -0.7874 0.3287 0.0079, -0.7717 0.3287 0.0079, -0.7874 0.2028 0.0079, -0.7579 0.315 0.0079, -0.5118 0.6352 0.0079, -0.5037 0.6415 0.0079, -0.4974 0.6496 0.0079, -0.4935 0.6591 0.0079, -0.4921 0.6693 0.0079, -0.4921 0.7579 0.0079, -0.7717 0.5571 0.0079, -0.7874 0.5571 0.0079, -0.7579 0.5709 0.0079, -0.6693 0.5709 0.0079, -0.5709 0.6693 0.0079, -0.6415 0.5593 0.0079, -0.5593 0.6415 0.0079, -0.6352 0.5512 0.0079, -0.5512 0.6352 0.0079, 0.5571 -0.7874 0.0079, 0.5571 -0.7717 0.0079, 0.7874 -0.7874 0.0079, 0.5709 -0.7579 0.0079, -0.5417 0.6313 0.0079, -0.5315 0.6299 0.0079, -0.5213 0.6313 0.0079, 0.5059 -0.7717 0.0079, 0.5059 -0.7874 0.0079, 0.4921 -0.7579 0.0079, 0.3799 -0.7874 0.0079, -0.3799 -0.7717 0.0079, -0.3799 -0.7874 0.0079, -0.3937 -0.7579 0.0079, -0.5059 -0.7874 0.0079, 0.3799 -0.7717 0.0079, 0.3937 -0.7579 0.0079, 0.4921 -0.6693 0.0079, 0.4935 -0.6591 0.0079, -0.3924 -0.6591 0.0079, -0.4921 -0.7579 0.0079, -0.3884 -0.6496 0.0079, -0.3822 -0.6415 0.0079, -0.5571 -0.7717 0.0079, -0.5571 -0.7874 0.0079, -0.5709 -0.7579 0.0079, -0.7874 -0.7874 0.0079, -0.5059 0.7874 0.0079, -0.3799 0.7874 0.0079, -0.3799 0.7717 0.0079, -0.5059 -0.7717 0.0079, -0.3937 -0.6693 0.0079, 0.3799 0.7717 0.0079, 0.3799 0.7874 0.0079, 0.3937 0.7579 0.0079, 0.5059 0.7874 0.0079, 0.3924 0.6591 0.0079, 0.4921 0.7579 0.0079, 0.3884 0.6496 0.0079, 0.3822 0.6415 0.0079, 0.5571 0.7717 0.0079, 0.5571 0.7874 0.0079, 0.5709 0.7579 0.0079, 0.7874 0.7874 0.0079, 0.3287 -0.7717 0.0079, 0.3287 -0.7874 0.0079, 0.315 -0.7579 0.0079, 0.2028 -0.7874 0.0079, 0.5059 0.7717 0.0079, 0.3937 0.6693 0.0079, -0.3287 0.7717 0.0079, -0.3287 0.7874 0.0079, -0.315 0.7579 0.0079, -0.2028 0.7874 0.0079, -0.1516 0.7717 0.0079, -0.1516 0.7874 0.0079, -0.1378 0.7579 0.0079, -0.0256 0.7874 0.0079, -0.1391 0.6591 0.0079, -0.0394 0.7579 0.0079, -0.1431 0.6496 0.0079, -0.1493 0.6415 0.0079, 0.0256 0.7717 0.0079, 0.0256 0.7874 0.0079, 0.0394 0.7579 0.0079, 0.1516 0.7874 0.0079, -0.0256 0.7717 0.0079, -0.1378 0.6693 0.0079, 0.0278 0.6415 0.0079, 0.0341 0.6496 0.0079, 0.1378 0.7579 0.0079, 0.038 0.6591 0.0079, 0.1516 -0.7717 0.0079, 0.1516 -0.7874 0.0079, 0.1378 -0.7579 0.0079, 0.0256 -0.7874 0.0079, 0.1391 -0.6591 0.0079, 0.0394 -0.7579 0.0079, 0.1431 -0.6496 0.0079, 0.1493 -0.6415 0.0079, -0.0256 -0.7717 0.0079, -0.0256 -0.7874 0.0079, -0.0394 -0.7579 0.0079, -0.1516 -0.7874 0.0079, 0.1516 0.7717 0.0079, 0.0394 0.6693 0.0079, 0.2165 0.7579 0.0079, 0.2028 0.7717 0.0079, 0.2028 0.7874 0.0079, 0.0256 -0.7717 0.0079, 0.1378 -0.6693 0.0079, -0.0278 -0.6415 0.0079, -0.0341 -0.6496 0.0079, -0.1378 -0.7579 0.0079, -0.038 -0.6591 0.0079, 0.7874 -0.3287 0.0079, 0.7717 -0.3287 0.0079, 0.7874 -0.2028 0.0079, 0.7579 -0.315 0.0079, 0.7874 -0.5059 0.0079, 0.7717 -0.5059 0.0079, 0.7874 -0.3799 0.0079, 0.7579 -0.4921 0.0079, -0.1516 -0.7717 0.0079, -0.0394 -0.6693 0.0079, 0.3265 -0.6415 0.0079, 0.3202 -0.6496 0.0079, 0.2165 -0.7579 0.0079, 0.3163 -0.6591 0.0079, -0.2165 -0.7579 0.0079, -0.2028 -0.7717 0.0079, -0.2028 -0.7874 0.0079, -0.3265 0.6415 0.0079, -0.3202 0.6496 0.0079, -0.2165 0.7579 0.0079, -0.3163 0.6591 0.0079, 0.2028 -0.7717 0.0079, 0.315 -0.6693 0.0079, -0.2028 0.7717 0.0079, -0.315 0.6693 0.0079, -0.7874 0.1516 0.0079, -0.7717 0.1516 0.0079, -0.7874 0.0256 0.0079, -0.7579 0.1378 0.0079, -0.7717 0.3799 0.0079, -0.7874 0.3799 0.0079, -0.7579 0.3937 0.0079, -0.7874 0.5059 0.0079, 0.7579 0.1378 0.0079, 0.7717 0.1516 0.0079, 0.7874 0.1516 0.0079, -0.6496 0.3884 0.0079, -0.6591 0.3924 0.0079, -0.5709 -0.6693 0.0079, -0.6591 -0.5695 0.0079, -0.3937 0.7579 0.0079, -0.5059 0.7717 0.0079, -0.7717 0.5059 0.0079, -0.6693 0.3937 0.0079, -0.7874 -0.5571 0.0079, -0.7717 -0.5571 0.0079, -0.7579 -0.5709 0.0079, -0.6693 -0.5709 0.0079, -0.6591 -0.4935 0.0079, -0.6496 -0.3884 0.0079, -0.6415 -0.3822 0.0079, -0.6415 -0.5593 0.0079, -0.5262 -0.5118 0.0079, -0.6496 -0.5656 0.0079, -0.52 -0.52 0.0079, -0.5118 -0.5262 0.0079, 0.6496 -0.5656 0.0079, 0.6591 -0.5695 0.0079, 0.5656 -0.6496 0.0079, 0.6352 0.374 0.0079, 0.6591 0.4935 0.0079, 0.6415 0.3822 0.0079, 0.6496 0.3884 0.0079, 0.5695 -0.6591 0.0079, 0.3645 -0.6313 0.0079, 0.6299 -0.5315 0.0079, 0.374 -0.6352 0.0079, 0.3822 -0.6415 0.0079, 0.6591 0.5695 0.0079, 0.5709 0.6693 0.0079, 0.6496 0.5656 0.0079, 0.5695 0.6591 0.0079, -0.2152 0.6591 0.0079, -0.2113 0.6496 0.0079, -0.3265 -0.6415 0.0079, -0.3346 -0.6352 0.0079, -0.5512 -0.6352 0.0079, -0.5593 -0.6415 0.0079, -0.5656 -0.6496 0.0079, -0.5695 -0.6591 0.0079, 0.7874 0.5571 0.0079, 0.7717 0.5571 0.0079, 0.7579 0.5709 0.0079, 0.6693 0.5709 0.0079, 0.6352 0.3346 0.0079, 0.6415 0.3265 0.0079, 0.6299 0.1772 0.0079, 0.6313 -0.0102 0.0079, 0.6352 -0.0197 0.0079, 0.6313 -0.167 0.0079, 0.6313 0.1874 0.0079, 0.6496 0.3202 0.0079, 0.6591 0.3163 0.0079, 0.5315 -0.4921 0.0079, 0.6299 -0.3543 0.0079, 0.6313 -0.3645 0.0079, 0.6591 -0.3924 0.0079, 0.6496 -0.4974 0.0079, 0.6415 -0.5037 0.0079, -0.6352 -0.5512 0.0079, -0.6313 -0.5417 0.0079, -0.5302 -0.5023 0.0079, -0.6299 -0.5315 0.0079, -0.5315 -0.4921 0.0079, -0.6313 -0.5213 0.0079, -0.6352 -0.5118 0.0079, -0.6299 -0.3543 0.0079, -0.6313 -0.3441 0.0079, -0.7717 -0.5059 0.0079, -0.7579 -0.4921 0.0079, -0.6693 -0.4921 0.0079, -0.6693 -0.3937 0.0079, -0.6591 -0.3924 0.0079, 0.7717 -0.5571 0.0079, 0.7874 -0.5571 0.0079, 0.7579 -0.5709 0.0079, 0.6693 -0.5709 0.0079, 0.5709 -0.6693 0.0079, 0.5417 -0.6313 0.0079, 0.5315 -0.6299 0.0079, 0.6352 -0.5512 0.0079, 0.2113 -0.6496 0.0079, 0.205 -0.6415 0.0079, 0.1969 -0.6352 0.0079, 0.1874 -0.6313 0.0079, 0.5118 -0.5262 0.0079, 0.52 -0.52 0.0079, 0.7717 0.5059 0.0079, 0.7579 0.4921 0.0079, 0.6693 0.4921 0.0079, 0.6693 0.3937 0.0079, 0.6591 0.3924 0.0079, 0.6299 0.0 0.0079, 0.6313 -0.3441 0.0079, 0.5315 0.4921 0.0079, 0.6352 -0.3346 0.0079, 0.6352 -0.374 0.0079, 0.6415 -0.3822 0.0079, 0.5302 -0.5023 0.0079, 0.6496 -0.3884 0.0079, 0.5262 -0.5118 0.0079, 0.6313 -0.5213 0.0079, 0.6352 -0.5118 0.0079, -0.6313 -0.3645 0.0079, -0.6313 -0.167 0.0079, -0.6299 -0.1772 0.0079, -0.6313 -0.1874 0.0079, -0.6352 -0.3346 0.0079, -0.6313 0.167 0.0079, -0.6299 0.1772 0.0079, 0.6415 -0.5593 0.0079, 0.5593 -0.6415 0.0079, 0.5512 -0.6352 0.0079, 0.0341 -0.6496 0.0079, 0.0278 -0.6415 0.0079, 0.0197 -0.6352 0.0079, 0.0102 -0.6313 0.0079, -0.3441 -0.6313 0.0079, -0.3543 -0.6299 0.0079, -0.5037 -0.6415 0.0079, -0.3645 -0.6313 0.0079, -0.4974 -0.6496 0.0079, -0.4935 -0.6591 0.0079, 0.5213 0.6313 0.0079, 0.5315 0.6299 0.0079, 0.6352 0.5512 0.0079, -0.3822 0.6415 0.0079, -0.374 0.6352 0.0079, -0.3645 0.6313 0.0079, -0.3543 0.6299 0.0079, 0.5118 0.5262 0.0079, 0.5023 0.5302 0.0079, 0.6313 0.3645 0.0079, 0.6299 0.3543 0.0079, 0.6313 0.3441 0.0079, 0.6313 0.0102 0.0079, 0.6352 -0.1969 0.0079, 0.6415 -0.205 0.0079, 0.6496 0.2113 0.0079, 0.6415 0.205 0.0079, 0.6352 0.1969 0.0079, 0.7717 -0.3799 0.0079, 0.7579 -0.3937 0.0079, 0.6693 -0.3937 0.0079, 0.6693 -0.4921 0.0079, 0.6591 -0.4935 0.0079, -0.6352 -0.1575 0.0079, -0.6415 -0.1493 0.0079, -0.6313 -0.0102 0.0079, -0.6299 -0.0 0.0079, -0.6313 0.0102 0.0079, -0.6352 0.0197 0.0079, -0.6415 0.0278 0.0079, -0.6313 0.1874 0.0079, -0.6352 0.1969 0.0079, -0.6415 0.205 0.0079, -0.6415 0.3822 0.0079, -0.6352 0.374 0.0079, 0.3884 -0.6496 0.0079, 0.6313 -0.5417 0.0079, 0.3924 -0.6591 0.0079, 0.3937 -0.6693 0.0079, 0.1772 -0.6299 0.0079, 0.167 -0.6313 0.0079, 0.038 -0.6591 0.0079, -0.1431 -0.6496 0.0079, -0.1493 -0.6415 0.0079, -0.1575 -0.6352 0.0079, -0.4921 -0.5315 0.0079, -0.5118 -0.6352 0.0079, -0.5213 -0.6313 0.0079, -0.3937 0.6693 0.0079, -0.3924 0.6591 0.0079, -0.3884 0.6496 0.0079, 0.3202 0.6496 0.0079, 0.3265 0.6415 0.0079, 0.6415 0.0278 0.0079, 0.6352 0.1575 0.0079, 0.6496 0.0341 0.0079, 0.6415 0.1493 0.0079, 0.6415 -0.0278 0.0079, 0.6496 -0.0341 0.0079, 0.6591 -0.038 0.0079, 0.6496 -0.3202 0.0079, 0.6415 -0.3265 0.0079, 0.6591 -0.2152 0.0079, 0.6496 -0.2113 0.0079, -0.6352 -0.374 0.0079, -0.6496 -0.4974 0.0079, -0.6415 -0.5037 0.0079, -0.6591 -0.2152 0.0079, -0.6591 -0.3163 0.0079, -0.6693 -0.315 0.0079, -0.6496 -0.3202 0.0079, -0.6496 -0.2113 0.0079, -0.6415 -0.205 0.0079, -0.6496 -0.0341 0.0079, -0.6415 -0.0278 0.0079, -0.6591 -0.1391 0.0079, -0.6313 0.3441 0.0079, -0.6299 0.3543 0.0079, -0.6313 0.3645 0.0079, 0.5213 -0.6313 0.0079, 0.5118 -0.6352 0.0079, 0.5037 -0.6415 0.0079, 0.4974 -0.6496 0.0079, 0.3543 -0.6299 0.0079, 0.3441 -0.6313 0.0079, 0.3346 -0.6352 0.0079, 0.2152 -0.6591 0.0079, 0.2165 -0.6693 0.0079, 0.0 -0.6299 0.0079, -0.0102 -0.6313 0.0079, -0.1391 -0.6591 0.0079, -0.374 -0.6352 0.0079, -0.4921 -0.6693 0.0079, -0.205 0.6415 0.0079, -0.1969 0.6352 0.0079, -0.1874 0.6313 0.0079, 0.7874 0.0256 0.0079, 0.7717 0.0256 0.0079, 0.7579 0.0394 0.0079, 0.6693 0.1378 0.0079, 0.6496 -0.1431 0.0079, 0.6415 -0.1493 0.0079, 0.6352 -0.1575 0.0079, 0.6299 -0.1772 0.0079, 0.6313 -0.1874 0.0079, 0.7717 0.3287 0.0079, 0.7579 0.315 0.0079, 0.6693 0.315 0.0079, 0.6693 0.2165 0.0079, 0.6591 0.2152 0.0079, -0.6415 -0.3265 0.0079, -0.6352 -0.1969 0.0079, -0.6496 -0.1431 0.0079, -0.6352 -0.0197 0.0079, -0.6496 0.1431 0.0079, -0.6415 0.1493 0.0079, -0.6591 0.038 0.0079, -0.6496 0.2113 0.0079, -0.6591 0.2152 0.0079, -0.6496 0.3202 0.0079, 0.1575 -0.6352 0.0079, 0.0394 -0.6693 0.0079, -0.167 -0.6313 0.0079, -0.1772 -0.6299 0.0079, -0.1874 -0.6313 0.0079, -0.1969 -0.6352 0.0079, -0.5023 -0.5302 0.0079, -0.5315 -0.6299 0.0079, -0.5417 -0.6313 0.0079, 0.5118 0.6352 0.0079, 0.3543 0.6299 0.0079, 0.5037 0.6415 0.0079, 0.3645 0.6313 0.0079, 0.4974 0.6496 0.0079, 0.374 0.6352 0.0079, 0.4935 0.6591 0.0079, 0.4921 0.6693 0.0079, 0.5417 0.6313 0.0079, 0.5512 0.6352 0.0079, 0.6415 0.5593 0.0079, 0.5593 0.6415 0.0079, 0.5656 0.6496 0.0079, -0.0341 0.6496 0.0079, -0.0278 0.6415 0.0079, -0.0197 0.6352 0.0079, -0.0102 0.6313 0.0079, 0.6313 0.5213 0.0079, 0.6352 0.5118 0.0079, 0.6415 0.5037 0.0079, 0.6496 0.4974 0.0079, 0.6352 0.0197 0.0079, 0.6313 0.167 0.0079, 0.6496 0.1431 0.0079, 0.6591 0.1391 0.0079, 0.6591 0.038 0.0079, 0.6693 0.0394 0.0079, 0.7717 -0.2028 0.0079, 0.7579 -0.2165 0.0079, 0.6693 -0.2165 0.0079, 0.6693 -0.315 0.0079, 0.6591 -0.3163 0.0079, -0.7717 -0.3287 0.0079, -0.7579 -0.315 0.0079, -0.6693 -0.2165 0.0079, -0.7717 -0.1516 0.0079, -0.7579 -0.1378 0.0079, -0.6693 -0.1378 0.0079, -0.6693 -0.0394 0.0079, -0.6591 -0.038 0.0079, -0.6496 0.0341 0.0079, -0.6352 0.1575 0.0079, -0.0197 -0.6352 0.0079, -0.1378 -0.6693 0.0079, -0.3287 -0.7874 0.0079, -0.3287 -0.7717 0.0079, -0.315 -0.7579 0.0079, -0.315 -0.6693 0.0079, -0.2165 -0.6693 0.0079, -0.3163 -0.6591 0.0079, -0.2152 -0.6591 0.0079, -0.3202 -0.6496 0.0079, -0.2113 -0.6496 0.0079, -0.205 -0.6415 0.0079, 0.4921 -0.5315 0.0079, 0.5023 -0.5302 0.0079, -0.3441 0.6313 0.0079, -0.3346 0.6352 0.0079, -0.2165 0.6693 0.0079, -0.038 0.6591 0.0079, -0.167 0.6313 0.0079, -0.1772 0.6299 0.0079, 0.1431 0.6496 0.0079, 0.1493 0.6415 0.0079, 0.1575 0.6352 0.0079, 0.167 0.6313 0.0079, 0.6299 0.5315 0.0079, 0.5302 0.5023 0.0079, 0.6313 0.5417 0.0079, 0.5262 0.5118 0.0079, 0.52 0.52 0.0079, 0.3441 0.6313 0.0079, 0.3346 0.6352 0.0079, 0.4921 0.5315 0.0079, 0.7717 -0.0256 0.0079, 0.7579 -0.0394 0.0079, 0.6693 -0.0394 0.0079, 0.6693 -0.1378 0.0079, 0.6591 -0.1391 0.0079, -0.7717 0.0256 0.0079, -0.7579 0.0394 0.0079, -0.6693 0.0394 0.0079, -0.6693 0.1378 0.0079, -0.6591 0.1391 0.0079, -0.6415 0.3265 0.0079, -0.6352 0.3346 0.0079, 0.0 0.6299 0.0079, 0.0102 0.6313 0.0079, 0.1391 0.6591 0.0079, -0.1575 0.6352 0.0079, -0.0394 0.6693 0.0079, 0.1772 0.6299 0.0079, 0.1874 0.6313 0.0079, 0.1969 0.6352 0.0079, 0.205 0.6415 0.0079, 0.3287 0.7874 0.0079, 0.3287 0.7717 0.0079, 0.315 0.7579 0.0079, 0.315 0.6693 0.0079, 0.2165 0.6693 0.0079, 0.3163 0.6591 0.0079, 0.2152 0.6591 0.0079, 0.2113 0.6496 0.0079, -0.7717 0.2028 0.0079, -0.7579 0.2165 0.0079, -0.6693 0.2165 0.0079, -0.6693 0.315 0.0079, -0.6591 0.3163 0.0079, 0.0197 0.6352 0.0079, 0.1378 0.6693 0.0079, 0.7874 -0.5059 0.0984, 0.7874 -0.3799 0.0984, 0.7874 -0.5571 0.0984, 0.7874 -0.3287 0.0984, 0.7874 -0.1516 0.0984, 0.7874 -0.0256 0.0984, 0.7874 0.0256 0.0984, 0.7874 -0.2028 0.0984, 0.7874 0.2028 0.0984, 0.7874 0.3287 0.0984, 0.7874 0.3799 0.0984, 0.7874 0.1516 0.0984, 0.7874 0.5571 0.0984, 0.7874 0.5059 0.0984, 0.5059 0.7874 0.0984, 0.3799 0.7874 0.0984, 0.5571 0.7874 0.0984, 0.3287 0.7874 0.0984, 0.1516 0.7874 0.0984, 0.0256 0.7874 0.0984, -0.0256 0.7874 0.0984, 0.2028 0.7874 0.0984, -0.2028 0.7874 0.0984, -0.3287 0.7874 0.0984, -0.3799 0.7874 0.0984, -0.1516 0.7874 0.0984, -0.5571 0.7874 0.0984, -0.5059 0.7874 0.0984, -0.7874 0.5059 0.0984, -0.7874 0.3799 0.0984, -0.7874 0.5571 0.0984, -0.7874 0.3287 0.0984, -0.7874 0.1516 0.0984, -0.7874 0.0256 0.0984, -0.7874 -0.0256 0.0984, -0.7874 0.2028 0.0984, -0.7874 -0.2028 0.0984, -0.7874 -0.3287 0.0984, -0.7874 -0.3799 0.0984, -0.7874 -0.1516 0.0984, -0.7874 -0.5571 0.0984, -0.7874 -0.5059 0.0984, -0.5059 -0.7874 0.0984, -0.3799 -0.7874 0.0984, -0.5571 -0.7874 0.0984, -0.3287 -0.7874 0.0984, -0.1516 -0.7874 0.0984, -0.0256 -0.7874 0.0984, 0.0256 -0.7874 0.0984, -0.2028 -0.7874 0.0984, 0.2028 -0.7874 0.0984, 0.3287 -0.7874 0.0984, 0.3799 -0.7874 0.0984, 0.1516 -0.7874 0.0984, 0.5571 -0.7874 0.0984, 0.5059 -0.7874 0.0984
            ]
        }
        coordIndex [
            0,1,2,-1,3,4,5,-1,6,7,8,-1,9,10,11,-1,12,13,14,-1,15,16,17,-1,17,16,18,-1,19,20,17,-1,17,20,21,-1,17,21,22,-1,22,23,17,-1,17,23,24,-1,17,24,15,-1,25,26,19,-1,26,25,27,-1,27,25,28,-1,27,28,29,-1,30,31,32,-1,33,34,30,-1,30,34,35,-1,30,35,28,-1,28,35,36,-1,28,36,29,-1,30,32,33,-1,33,32,37,-1,33,37,38,-1,39,40,30,-1,30,40,41,-1,30,41,31,-1,42,43,44,-1,44,43,45,-1,44,45,46,-1,47,48,49,-1,47,49,50,-1,48,51,49,-1,49,51,52,-1,49,52,53,-1,53,52,54,-1,54,55,53,-1,53,55,56,-1,53,56,42,-1,42,56,57,-1,42,57,43,-1,58,59,60,-1,60,59,61,-1,60,61,62,-1,62,61,63,-1,62,63,64,-1,64,63,65,-1,66,67,68,-1,68,69,66,-1,66,69,70,-1,66,70,63,-1,63,70,71,-1,63,71,65,-1,72,73,74,-1,74,73,75,-1,75,76,74,-1,74,76,77,-1,74,77,78,-1,79,80,81,-1,82,83,84,-1,85,86,87,-1,82,84,88,-1,89,90,81,-1,81,90,91,-1,81,91,92,-1,86,93,87,-1,87,93,94,-1,87,94,95,-1,96,97,92,-1,97,98,92,-1,92,98,99,-1,92,99,100,-1,83,101,84,-1,84,101,102,-1,84,102,103,-1,100,104,92,-1,92,104,105,-1,92,105,81,-1,81,105,106,-1,81,106,79,-1,107,108,109,-1,109,108,110,-1,109,110,84,-1,84,110,111,-1,84,111,88,-1,112,113,84,-1,84,113,114,-1,84,114,81,-1,81,114,115,-1,81,115,89,-1,116,117,72,-1,72,117,118,-1,72,118,119,-1,119,120,72,-1,72,120,121,-1,72,121,122,-1,122,121,107,-1,122,107,123,-1,123,107,109,-1,95,124,87,-1,87,124,125,-1,87,125,72,-1,72,125,126,-1,72,126,116,-1,103,127,84,-1,84,127,128,-1,84,128,129,-1,129,130,84,-1,84,130,131,-1,84,131,112,-1,132,133,92,-1,92,133,134,-1,92,134,135,-1,135,136,92,-1,92,136,137,-1,92,137,96,-1,138,139,92,-1,139,140,92,-1,92,140,141,-1,92,141,132,-1,142,143,14,-1,144,145,146,-1,145,147,146,-1,146,147,148,-1,146,148,149,-1,14,146,150,-1,14,13,146,-1,146,13,151,-1,146,151,144,-1,150,152,14,-1,14,152,153,-1,14,153,154,-1,154,155,14,-1,14,155,156,-1,14,156,142,-1,149,148,157,-1,157,148,158,-1,157,158,159,-1,159,158,160,-1,159,160,161,-1,143,138,14,-1,14,138,92,-1,14,92,12,-1,12,92,91,-1,12,91,162,-1,162,91,163,-1,163,164,162,-1,162,164,165,-1,162,165,166,-1,16,167,18,-1,18,167,168,-1,18,168,169,-1,169,168,170,-1,169,170,171,-1,172,173,174,-1,174,173,175,-1,176,177,178,-1,177,179,178,-1,178,179,180,-1,178,180,181,-1,181,180,182,-1,181,182,183,-1,172,174,184,-1,184,174,180,-1,184,180,185,-1,185,180,179,-1,185,179,186,-1,179,187,186,-1,186,187,188,-1,186,188,189,-1,182,190,183,-1,183,190,191,-1,183,191,87,-1,87,191,169,-1,87,169,85,-1,85,169,171,-1,192,193,194,-1,194,193,195,-1,194,195,196,-1,197,198,199,-1,199,198,200,-1,193,201,195,-1,195,201,202,-1,195,202,203,-1,203,202,204,-1,203,204,205,-1,205,204,206,-1,205,206,200,-1,200,206,207,-1,200,207,199,-1,208,209,210,-1,210,209,211,-1,212,213,214,-1,214,213,215,-1,208,210,216,-1,216,210,217,-1,216,217,218,-1,218,217,219,-1,218,219,220,-1,219,221,220,-1,220,221,222,-1,220,222,223,-1,224,225,226,-1,214,219,212,-1,212,219,217,-1,212,217,227,-1,227,217,228,-1,227,228,226,-1,226,228,229,-1,226,229,224,-1,215,213,230,-1,230,213,231,-1,230,231,224,-1,232,233,231,-1,231,233,234,-1,231,234,235,-1,236,237,225,-1,238,239,236,-1,237,240,225,-1,225,240,241,-1,225,241,242,-1,238,236,243,-1,224,231,225,-1,225,231,235,-1,225,235,236,-1,236,235,244,-1,236,244,243,-1,239,245,236,-1,236,245,246,-1,236,246,247,-1,247,248,236,-1,236,248,249,-1,236,249,250,-1,250,251,236,-1,236,251,252,-1,236,252,253,-1,253,252,254,-1,254,252,255,-1,255,252,256,-1,255,256,257,-1,257,258,255,-1,255,258,259,-1,255,259,260,-1,260,259,261,-1,262,232,263,-1,263,232,264,-1,11,265,266,-1,266,267,11,-1,11,267,268,-1,11,268,9,-1,269,270,11,-1,11,270,271,-1,11,271,265,-1,272,273,274,-1,274,273,275,-1,274,275,269,-1,269,275,276,-1,269,276,270,-1,277,278,279,-1,278,280,279,-1,279,280,281,-1,279,281,282,-1,277,279,283,-1,283,279,284,-1,283,284,285,-1,285,284,286,-1,286,284,287,-1,286,287,242,-1,18,288,17,-1,17,288,289,-1,17,289,290,-1,289,6,290,-1,290,6,8,-1,290,8,269,-1,269,8,291,-1,269,291,274,-1,292,293,294,-1,294,295,292,-1,292,295,296,-1,292,296,297,-1,298,299,300,-1,297,301,302,-1,302,301,303,-1,302,303,25,-1,25,303,304,-1,25,304,28,-1,28,304,305,-1,28,305,306,-1,306,307,28,-1,28,307,308,-1,28,308,309,-1,309,310,28,-1,28,310,311,-1,28,311,312,-1,312,313,28,-1,28,313,314,-1,28,314,300,-1,300,314,315,-1,300,315,298,-1,316,317,293,-1,293,317,318,-1,293,318,294,-1,299,319,300,-1,300,319,320,-1,300,320,293,-1,293,320,321,-1,293,321,316,-1,322,323,203,-1,324,325,205,-1,205,325,326,-1,327,328,329,-1,329,328,203,-1,329,203,330,-1,330,203,323,-1,326,331,205,-1,205,331,332,-1,205,332,333,-1,333,334,205,-1,205,334,335,-1,205,335,203,-1,203,335,336,-1,203,336,322,-1,212,337,324,-1,324,337,338,-1,324,338,325,-1,327,339,328,-1,328,339,340,-1,328,340,227,-1,227,340,341,-1,227,341,212,-1,212,341,342,-1,212,342,337,-1,343,344,345,-1,345,344,346,-1,347,348,349,-1,349,348,350,-1,351,352,353,-1,353,354,355,-1,284,356,357,-1,358,359,360,-1,343,361,344,-1,344,361,362,-1,344,362,363,-1,363,362,364,-1,365,366,364,-1,364,366,367,-1,364,367,363,-1,368,369,347,-1,347,369,370,-1,347,370,371,-1,352,372,353,-1,353,372,373,-1,353,373,354,-1,371,374,347,-1,347,374,375,-1,347,375,348,-1,357,376,284,-1,284,376,377,-1,284,377,378,-1,355,379,353,-1,353,379,380,-1,353,380,284,-1,284,380,346,-1,284,346,356,-1,356,346,344,-1,358,381,359,-1,359,381,382,-1,359,382,383,-1,383,382,384,-1,383,384,385,-1,386,387,364,-1,364,387,388,-1,364,388,389,-1,390,391,392,-1,392,391,393,-1,392,393,394,-1,395,396,397,-1,397,396,398,-1,397,398,385,-1,385,398,399,-1,385,399,383,-1,389,400,364,-1,364,400,401,-1,364,401,365,-1,402,403,404,-1,390,395,391,-1,391,395,397,-1,391,397,405,-1,405,397,349,-1,405,349,406,-1,406,349,350,-1,406,350,407,-1,407,350,408,-1,409,408,410,-1,410,408,350,-1,410,350,402,-1,402,350,348,-1,402,348,403,-1,411,412,2,-1,413,414,287,-1,378,358,284,-1,284,358,360,-1,284,360,287,-1,287,360,415,-1,287,415,413,-1,416,417,2,-1,2,417,418,-1,414,419,287,-1,287,419,420,-1,287,420,421,-1,421,420,422,-1,421,422,411,-1,423,424,412,-1,412,424,425,-1,412,425,2,-1,2,425,426,-1,2,426,416,-1,418,427,2,-1,2,427,428,-1,2,428,0,-1,429,430,431,-1,431,430,432,-1,431,432,433,-1,431,434,429,-1,429,434,435,-1,429,435,436,-1,436,437,429,-1,429,437,438,-1,429,438,439,-1,439,438,440,-1,439,440,441,-1,441,440,442,-1,441,442,412,-1,412,442,443,-1,412,443,423,-1,444,445,433,-1,433,445,446,-1,433,446,431,-1,447,448,394,-1,394,448,449,-1,394,449,392,-1,447,450,448,-1,448,450,451,-1,448,451,452,-1,452,451,453,-1,452,454,455,-1,453,456,452,-1,452,456,457,-1,452,457,458,-1,458,459,452,-1,452,459,460,-1,452,460,454,-1,455,461,452,-1,452,461,462,-1,452,462,463,-1,464,465,466,-1,467,468,469,-1,466,470,464,-1,464,470,471,-1,464,471,472,-1,472,471,467,-1,472,467,473,-1,473,467,469,-1,474,475,2,-1,2,475,476,-1,411,2,421,-1,421,2,476,-1,421,476,470,-1,470,476,477,-1,470,477,471,-1,478,475,479,-1,479,475,474,-1,479,474,480,-1,481,482,483,-1,484,485,474,-1,474,485,486,-1,474,486,480,-1,409,410,1,-1,1,410,481,-1,1,481,2,-1,2,481,483,-1,2,483,474,-1,474,483,487,-1,474,487,488,-1,489,490,491,-1,491,490,492,-1,491,492,481,-1,481,492,493,-1,481,493,482,-1,488,494,474,-1,474,494,495,-1,474,495,484,-1,496,497,498,-1,496,498,499,-1,497,500,498,-1,498,500,501,-1,498,501,491,-1,491,501,502,-1,491,502,489,-1,503,504,505,-1,505,504,506,-1,507,508,509,-1,509,508,510,-1,509,510,511,-1,511,510,512,-1,511,512,513,-1,503,505,514,-1,514,505,510,-1,514,510,515,-1,515,510,508,-1,515,508,516,-1,508,517,516,-1,516,517,518,-1,516,518,519,-1,512,520,513,-1,513,520,521,-1,513,521,522,-1,522,521,523,-1,507,509,524,-1,524,509,525,-1,524,525,523,-1,523,525,466,-1,523,466,522,-1,522,466,465,-1,522,465,499,-1,297,302,292,-1,292,302,526,-1,292,526,527,-1,527,526,263,-1,527,263,528,-1,528,263,264,-1,528,264,529,-1,529,264,530,-1,529,530,531,-1,531,530,532,-1,531,532,533,-1,533,532,534,-1,533,534,535,-1,535,534,536,-1,535,536,537,-1,537,536,538,-1,537,538,539,-1,539,538,540,-1,539,540,541,-1,232,231,264,-1,264,231,213,-1,264,213,530,-1,530,213,212,-1,530,212,532,-1,532,212,324,-1,532,324,534,-1,534,324,205,-1,534,205,536,-1,536,205,200,-1,536,200,538,-1,538,200,198,-1,538,198,540,-1,19,17,25,-1,25,17,290,-1,25,290,302,-1,302,290,269,-1,302,269,526,-1,526,269,11,-1,526,11,263,-1,263,11,10,-1,263,10,262,-1,300,542,28,-1,28,542,543,-1,28,543,30,-1,30,543,44,-1,30,44,39,-1,39,44,46,-1,242,287,225,-1,225,287,421,-1,225,421,226,-1,226,421,470,-1,226,470,227,-1,227,470,466,-1,227,466,328,-1,328,466,525,-1,328,525,203,-1,203,525,509,-1,203,509,195,-1,291,3,274,-1,274,3,5,-1,274,5,178,-1,178,5,544,-1,178,544,176,-1,176,544,545,-1,4,288,5,-1,5,288,18,-1,5,18,544,-1,544,18,169,-1,544,169,545,-1,545,169,191,-1,546,547,511,-1,548,549,550,-1,550,549,551,-1,550,551,511,-1,511,551,552,-1,511,552,546,-1,546,552,553,-1,546,553,554,-1,555,547,556,-1,556,547,557,-1,556,557,558,-1,558,557,559,-1,555,560,547,-1,547,560,561,-1,547,561,562,-1,563,509,564,-1,564,509,511,-1,564,511,565,-1,565,511,547,-1,565,547,566,-1,566,547,562,-1,199,196,197,-1,197,196,195,-1,197,195,548,-1,548,195,509,-1,548,509,549,-1,549,509,557,-1,567,568,557,-1,557,568,569,-1,557,569,559,-1,563,570,509,-1,509,570,571,-1,509,571,557,-1,557,571,572,-1,557,572,567,-1,282,272,279,-1,279,272,274,-1,279,274,284,-1,284,274,178,-1,284,178,353,-1,353,178,181,-1,499,498,522,-1,522,498,573,-1,522,573,513,-1,513,573,574,-1,513,574,511,-1,511,574,575,-1,511,575,550,-1,72,74,87,-1,87,74,576,-1,87,576,183,-1,183,576,577,-1,183,577,181,-1,181,577,402,-1,181,402,353,-1,353,402,404,-1,353,404,351,-1,67,66,78,-1,78,66,578,-1,78,578,74,-1,74,578,579,-1,74,579,576,-1,576,579,580,-1,576,580,577,-1,577,580,581,-1,577,581,402,-1,402,581,582,-1,402,582,410,-1,410,582,583,-1,410,583,481,-1,481,583,584,-1,481,584,491,-1,491,584,585,-1,491,585,498,-1,498,585,586,-1,498,586,573,-1,573,586,587,-1,573,587,574,-1,574,587,588,-1,574,588,575,-1,59,50,61,-1,61,50,49,-1,61,49,63,-1,63,49,589,-1,63,589,66,-1,66,589,590,-1,591,592,593,-1,593,592,594,-1,595,596,597,-1,597,596,598,-1,599,600,601,-1,601,600,602,-1,603,604,605,-1,605,604,606,-1,607,608,609,-1,610,611,612,-1,612,611,613,-1,614,615,616,-1,617,618,619,-1,619,618,620,-1,621,622,623,-1,623,622,624,-1,623,624,625,-1,625,626,623,-1,623,626,627,-1,623,627,616,-1,616,627,628,-1,616,628,614,-1,609,608,629,-1,630,631,632,-1,632,631,633,-1,634,635,636,-1,636,635,637,-1,638,639,616,-1,616,639,640,-1,640,641,616,-1,616,641,642,-1,616,642,643,-1,644,645,646,-1,646,645,601,-1,646,601,647,-1,647,601,602,-1,647,602,608,-1,608,602,648,-1,608,648,629,-1,607,609,649,-1,649,609,650,-1,649,650,651,-1,651,650,652,-1,651,652,615,-1,653,654,655,-1,655,654,656,-1,652,657,615,-1,615,657,658,-1,615,658,616,-1,616,658,659,-1,616,659,638,-1,660,661,662,-1,662,661,663,-1,664,665,666,-1,666,665,667,-1,663,668,662,-1,662,668,669,-1,662,669,670,-1,670,669,671,-1,672,673,674,-1,674,673,675,-1,676,677,678,-1,678,677,679,-1,680,681,682,-1,667,683,666,-1,666,683,673,-1,666,673,684,-1,684,673,672,-1,685,686,687,-1,687,686,688,-1,689,690,691,-1,691,690,692,-1,693,694,695,-1,695,694,696,-1,697,698,699,-1,699,698,700,-1,688,701,687,-1,687,701,690,-1,687,690,702,-1,702,690,689,-1,703,704,705,-1,705,704,706,-1,707,708,709,-1,709,708,710,-1,711,712,713,-1,713,712,714,-1,715,716,717,-1,717,716,718,-1,710,719,709,-1,709,719,712,-1,709,712,720,-1,720,712,711,-1,721,722,723,-1,723,722,724,-1,725,726,727,-1,727,726,728,-1,729,730,731,-1,731,730,732,-1,733,734,735,-1,735,734,736,-1,718,737,717,-1,717,737,723,-1,717,723,738,-1,738,723,724,-1,739,740,741,-1,728,742,727,-1,727,742,730,-1,727,730,743,-1,743,730,729,-1,744,745,746,-1,746,745,747,-1,748,749,750,-1,750,749,751,-1,752,753,754,-1,754,753,755,-1,736,756,735,-1,735,756,746,-1,735,746,757,-1,757,746,747,-1,758,759,760,-1,760,759,761,-1,762,763,764,-1,765,766,767,-1,767,766,768,-1,700,769,699,-1,699,769,760,-1,699,760,770,-1,770,760,761,-1,706,771,705,-1,705,771,767,-1,705,767,772,-1,772,767,768,-1,773,774,775,-1,775,774,776,-1,777,778,779,-1,779,778,780,-1,781,782,783,-1,621,784,785,-1,786,678,787,-1,682,788,680,-1,680,788,643,-1,680,643,789,-1,780,790,779,-1,779,790,621,-1,779,621,791,-1,791,621,785,-1,792,793,679,-1,679,793,794,-1,679,794,678,-1,678,794,795,-1,678,795,787,-1,796,797,798,-1,799,800,801,-1,801,800,802,-1,801,802,787,-1,787,802,803,-1,804,805,806,-1,807,808,809,-1,809,808,810,-1,806,805,811,-1,812,813,814,-1,814,813,815,-1,695,816,817,-1,817,816,818,-1,817,818,819,-1,820,821,616,-1,813,822,823,-1,824,825,803,-1,803,825,826,-1,803,826,787,-1,787,826,827,-1,787,827,786,-1,828,829,696,-1,696,829,830,-1,696,830,695,-1,695,830,831,-1,695,831,816,-1,832,833,834,-1,835,836,837,-1,834,833,838,-1,838,833,839,-1,838,839,840,-1,841,842,843,-1,844,845,846,-1,799,847,800,-1,800,847,848,-1,800,848,849,-1,849,848,850,-1,849,850,851,-1,851,850,852,-1,851,852,853,-1,854,855,851,-1,856,632,857,-1,857,632,633,-1,857,633,858,-1,858,633,859,-1,858,859,796,-1,796,859,860,-1,796,860,797,-1,861,862,863,-1,863,862,655,-1,863,655,864,-1,864,655,656,-1,864,656,805,-1,805,656,865,-1,805,865,811,-1,866,867,868,-1,869,870,813,-1,813,870,871,-1,813,871,872,-1,873,874,813,-1,875,593,876,-1,876,593,594,-1,876,594,877,-1,877,594,878,-1,877,878,808,-1,808,878,879,-1,808,879,810,-1,835,837,880,-1,842,841,881,-1,881,841,882,-1,881,882,883,-1,843,884,841,-1,841,884,885,-1,841,885,886,-1,886,885,887,-1,886,887,844,-1,874,888,813,-1,813,888,886,-1,813,886,889,-1,889,886,844,-1,889,844,890,-1,890,844,846,-1,854,851,891,-1,892,623,893,-1,893,623,851,-1,893,851,894,-1,894,851,855,-1,894,855,895,-1,896,897,623,-1,804,806,898,-1,898,806,899,-1,898,899,868,-1,868,899,900,-1,868,900,866,-1,901,902,813,-1,813,902,903,-1,813,903,904,-1,823,905,813,-1,813,905,906,-1,813,906,907,-1,907,906,908,-1,907,908,909,-1,909,908,910,-1,911,912,913,-1,914,915,616,-1,616,915,916,-1,616,916,917,-1,913,918,919,-1,807,920,882,-1,882,920,921,-1,882,921,922,-1,882,923,880,-1,883,924,925,-1,926,927,840,-1,840,927,928,-1,840,928,838,-1,929,754,930,-1,930,754,755,-1,930,755,931,-1,931,755,932,-1,931,932,844,-1,844,932,933,-1,844,933,845,-1,892,934,623,-1,623,934,935,-1,623,935,936,-1,936,937,623,-1,623,937,938,-1,623,938,896,-1,896,938,939,-1,896,939,940,-1,897,941,623,-1,623,941,942,-1,623,942,943,-1,784,621,944,-1,944,621,623,-1,944,623,945,-1,815,813,946,-1,946,813,947,-1,946,947,948,-1,948,947,868,-1,948,868,949,-1,872,950,813,-1,813,950,951,-1,813,951,901,-1,901,951,952,-1,953,954,813,-1,813,954,955,-1,956,957,958,-1,788,959,643,-1,643,959,960,-1,643,960,616,-1,616,960,961,-1,616,961,914,-1,616,962,963,-1,964,965,966,-1,966,965,967,-1,836,968,837,-1,837,968,969,-1,837,969,970,-1,971,972,973,-1,973,972,883,-1,973,883,974,-1,974,883,925,-1,798,975,796,-1,796,975,891,-1,796,891,976,-1,976,891,851,-1,976,851,977,-1,977,851,853,-1,978,979,980,-1,979,978,981,-1,981,978,982,-1,981,982,983,-1,984,985,986,-1,987,988,623,-1,623,988,989,-1,623,989,945,-1,867,990,868,-1,868,990,991,-1,868,991,949,-1,949,991,992,-1,949,992,669,-1,669,992,993,-1,669,993,671,-1,812,994,813,-1,813,994,995,-1,813,995,869,-1,869,995,996,-1,869,996,997,-1,997,996,758,-1,997,758,998,-1,998,758,760,-1,904,999,813,-1,813,999,1000,-1,813,1000,953,-1,953,1000,1001,-1,908,1002,910,-1,910,1002,675,-1,910,675,1003,-1,1003,675,673,-1,821,1004,616,-1,616,1004,1005,-1,616,1005,1006,-1,1007,1008,783,-1,783,1008,1009,-1,783,1009,781,-1,781,1009,1010,-1,1011,1012,970,-1,970,1012,1013,-1,970,1013,837,-1,880,837,882,-1,882,837,1014,-1,882,1014,883,-1,883,1014,1015,-1,883,1015,924,-1,1016,619,1017,-1,1017,619,620,-1,1017,620,1018,-1,1018,620,1019,-1,1018,1019,840,-1,840,1019,1020,-1,840,1020,926,-1,895,1021,894,-1,894,1021,981,-1,894,981,1022,-1,1022,981,983,-1,935,1023,936,-1,936,1023,986,-1,936,986,1024,-1,1024,986,985,-1,1025,1026,1027,-1,1028,1029,1030,-1,951,1031,952,-1,952,1031,732,-1,952,732,1032,-1,1032,732,730,-1,955,1033,813,-1,813,1033,1034,-1,813,1034,822,-1,822,1034,1035,-1,822,1035,1036,-1,956,958,1037,-1,1037,958,1038,-1,1037,1038,803,-1,803,1038,1039,-1,803,1039,824,-1,1040,1041,1042,-1,1042,1041,1043,-1,1042,1043,1044,-1,1044,1043,1045,-1,1044,1045,1046,-1,1046,1045,692,-1,1046,692,1047,-1,1047,692,690,-1,912,1048,913,-1,913,1048,1049,-1,913,1049,1050,-1,1050,1049,1051,-1,1050,1051,818,-1,818,1051,1052,-1,818,1052,819,-1,1053,1054,616,-1,616,1054,1055,-1,616,1055,1056,-1,1057,1058,882,-1,882,1058,1059,-1,882,1059,807,-1,807,1059,1060,-1,807,1060,808,-1,964,1061,965,-1,965,1061,923,-1,965,923,1062,-1,1062,923,882,-1,1062,882,834,-1,834,882,922,-1,834,922,832,-1,967,1063,966,-1,966,1063,1064,-1,966,1064,1065,-1,1065,1064,1010,-1,1065,1010,1066,-1,1066,1010,1009,-1,1067,750,1068,-1,1068,750,751,-1,1068,751,1069,-1,1069,751,1070,-1,1069,1070,973,-1,973,1070,1071,-1,973,1071,971,-1,1072,597,1073,-1,1073,597,598,-1,1073,598,980,-1,980,598,1074,-1,980,1074,978,-1,1075,612,1076,-1,1076,612,613,-1,1076,613,1077,-1,1077,613,1078,-1,1077,1078,986,-1,986,1078,1079,-1,986,1079,984,-1,940,1080,896,-1,896,1080,1027,-1,896,1027,1081,-1,1081,1027,1026,-1,1000,1082,1001,-1,1001,1082,744,-1,1001,744,1083,-1,1083,744,746,-1,1084,1085,764,-1,764,1085,1086,-1,764,1086,762,-1,762,1086,1087,-1,762,1087,1088,-1,1088,1087,1089,-1,1088,1089,1090,-1,1090,1089,1091,-1,1090,1091,1092,-1,1092,1091,822,-1,1092,822,1093,-1,1093,822,1036,-1,957,956,907,-1,907,956,1094,-1,907,1094,813,-1,813,1094,1095,-1,813,1095,873,-1,917,1096,616,-1,616,1096,1097,-1,616,1097,820,-1,820,1097,765,-1,820,765,1098,-1,1098,765,767,-1,1099,1053,1100,-1,1100,1053,616,-1,1100,616,1101,-1,1101,616,1006,-1,1102,1103,616,-1,616,1103,1104,-1,616,1104,1105,-1,1057,882,1106,-1,1106,882,1107,-1,1106,1107,1108,-1,1108,1107,1109,-1,1108,1109,913,-1,913,1109,1110,-1,913,1110,918,-1,1040,911,1041,-1,1041,911,913,-1,1041,913,1111,-1,1111,913,919,-1,963,1112,616,-1,616,1112,1111,-1,616,1111,1113,-1,1113,1111,919,-1,1114,605,1115,-1,1115,605,606,-1,1115,606,1116,-1,1116,606,1117,-1,1116,1117,970,-1,970,1117,1118,-1,970,1118,1011,-1,1119,775,1120,-1,1120,775,776,-1,1120,776,1121,-1,1121,776,1122,-1,1121,1122,1027,-1,1027,1122,1123,-1,1027,1123,1025,-1,1028,1030,943,-1,943,1030,1124,-1,943,1124,623,-1,623,1124,1125,-1,623,1125,987,-1,1056,1126,616,-1,616,1126,1127,-1,616,1127,1102,-1,1102,1127,1128,-1,1100,1129,1099,-1,1099,1129,714,-1,1099,714,1130,-1,1130,714,712,-1,1105,1131,616,-1,616,1131,1132,-1,616,1132,962,-1,962,1132,1133,-1,962,1133,1134,-1,1135,1136,741,-1,741,1136,1137,-1,741,1137,739,-1,739,1137,1138,-1,739,1138,1139,-1,1139,1138,1140,-1,1139,1140,1141,-1,1141,1140,962,-1,1141,962,1142,-1,1142,962,1134,-1,1143,636,1144,-1,1144,636,637,-1,1144,637,1145,-1,1145,637,1146,-1,1145,1146,1029,-1,1029,1146,1147,-1,1029,1147,1030,-1,1127,1148,1128,-1,1128,1148,721,-1,1128,721,1149,-1,1149,721,723,-1,588,655,862,-1,752,754,1150,-1,1150,754,1151,-1,862,1152,588,-1,588,1152,1150,-1,588,1150,541,-1,541,1150,1151,-1,541,1151,1153,-1,1154,603,605,-1,1155,1156,541,-1,605,1155,1154,-1,1154,1155,541,-1,1154,541,1157,-1,1157,541,1153,-1,1157,1153,750,-1,750,1153,748,-1,1158,617,619,-1,1159,1160,541,-1,619,1159,1158,-1,1158,1159,541,-1,1158,541,1161,-1,1161,541,1156,-1,1161,1156,783,-1,783,1156,1007,-1,828,696,1162,-1,1162,696,541,-1,1162,541,1163,-1,1163,541,1160,-1,1163,1160,593,-1,593,1160,591,-1,541,696,694,-1,688,686,1164,-1,1164,686,1165,-1,694,1166,541,-1,541,1166,1164,-1,541,1164,542,-1,542,1164,1165,-1,542,1165,1167,-1,1168,718,716,-1,1169,1170,542,-1,716,1169,1168,-1,1168,1169,542,-1,1168,542,1171,-1,1171,542,1167,-1,1171,1167,741,-1,741,1167,1135,-1,1172,706,704,-1,1173,1174,542,-1,704,1173,1172,-1,1172,1173,542,-1,1172,542,1175,-1,1175,542,1170,-1,1175,1170,708,-1,708,1170,710,-1,599,601,1176,-1,1176,601,542,-1,1176,542,1177,-1,1177,542,1174,-1,1177,1174,680,-1,680,1174,681,-1,542,601,645,-1,780,778,1178,-1,1178,778,1179,-1,645,1180,542,-1,542,1180,1178,-1,542,1178,590,-1,590,1178,1179,-1,590,1179,1181,-1,1182,773,775,-1,1183,1184,590,-1,775,1183,1182,-1,1182,1183,590,-1,1182,590,1185,-1,1185,590,1181,-1,1185,1181,636,-1,636,1181,634,-1,1186,595,597,-1,1187,1188,590,-1,597,1187,1186,-1,1186,1187,590,-1,1186,590,1189,-1,1189,590,1184,-1,1189,1184,612,-1,612,1184,610,-1,792,679,1190,-1,1190,679,590,-1,1190,590,1191,-1,1191,590,1188,-1,1191,1188,632,-1,632,1188,630,-1,590,679,677,-1,667,665,1192,-1,1192,665,1193,-1,677,1194,590,-1,590,1194,1192,-1,590,1192,588,-1,588,1192,1193,-1,588,1193,1195,-1,1196,736,734,-1,1197,1198,588,-1,734,1197,1196,-1,1196,1197,588,-1,1196,588,1199,-1,1199,588,1195,-1,1199,1195,764,-1,764,1195,1084,-1,1200,700,698,-1,1201,1202,588,-1,698,1201,1200,-1,1200,1201,588,-1,1200,588,1203,-1,1203,588,1198,-1,1203,1198,726,-1,726,1198,728,-1,653,655,1204,-1,1204,655,588,-1,1204,588,1205,-1,1205,588,1202,-1,1205,1202,661,-1,661,1202,663,-1,
        ]
    }
}
Shape{
    appearance Appearance {
        material  Material 	{
            diffuseColor 0.5019607843137255 0.5019607843137255 0.5019607843137255
            specularColor 0.25098039215686274 0.25098039215686274 0.25098039215686274
            ambientIntensity 0.502
            transparency 0.0
            shininess 0.5
        }
    }
    geometry IndexedFaceSet {
        ccw TRUE
        solid FALSE
        coord DEF co Coordinate {
            point [
                -0.5309 0.611 0.2953, -0.5309 0.611 0.3031, -0.5334 0.6298 0.2953, -0.5334 0.6298 0.3031, -0.5406 0.6473 0.2953, -0.5406 0.6473 0.3031, -0.5522 0.6624 0.2953, -0.5522 0.6624 0.3031, -0.5672 0.6739 0.2953, -0.5672 0.6739 0.3031, -0.5848 0.6812 0.2953, -0.5848 0.6812 0.3031, -0.6036 0.6837 0.2953, -0.6036 0.6837 0.3031, -0.6224 0.6812 0.2953, -0.6224 0.6812 0.3031, -0.6399 0.6739 0.2953, -0.6399 0.6739 0.3031, -0.6549 0.6624 0.2953, -0.6549 0.6624 0.3031, -0.6665 0.6473 0.2953, -0.6665 0.6473 0.3031, -0.6737 0.6298 0.2953, -0.6737 0.6298 0.3031, -0.6762 0.611 0.2953, -0.6762 0.611 0.3031, -0.6737 0.5922 0.2953, -0.6737 0.5922 0.3031, -0.6665 0.5747 0.2953, -0.6665 0.5747 0.3031, -0.6549 0.5596 0.2953, -0.6549 0.5596 0.3031, -0.6399 0.5481 0.2953, -0.6399 0.5481 0.3031, -0.6224 0.5408 0.2953, -0.6224 0.5408 0.3031, -0.6036 0.5383 0.2953, -0.6036 0.5383 0.3031, -0.5848 0.5408 0.2953, -0.5848 0.5408 0.3031, -0.5672 0.5481 0.2953, -0.5672 0.5481 0.3031, -0.5522 0.5596 0.2953, -0.5522 0.5596 0.3031, -0.5406 0.5747 0.2953, -0.5406 0.5747 0.3031, -0.5334 0.5922 0.2953, -0.5334 0.5922 0.3031, -0.6036 0.611 0.2953
            ]
        }
        coordIndex [
            0,1,2,-1,2,1,3,-1,2,3,4,-1,4,3,5,-1,4,5,6,-1,6,5,7,-1,6,7,8,-1,8,7,9,-1,8,9,10,-1,10,9,11,-1,10,11,12,-1,12,11,13,-1,12,13,14,-1,14,13,15,-1,14,15,16,-1,16,15,17,-1,16,17,18,-1,18,17,19,-1,18,19,20,-1,20,19,21,-1,20,21,22,-1,22,21,23,-1,22,23,24,-1,24,23,25,-1,24,25,26,-1,26,25,27,-1,26,27,28,-1,28,27,29,-1,28,29,30,-1,30,29,31,-1,30,31,32,-1,32,31,33,-1,32,33,34,-1,34,33,35,-1,34,35,36,-1,36,35,37,-1,36,37,38,-1,38,37,39,-1,38,39,40,-1,40,39,41,-1,40,41,42,-1,42,41,43,-1,42,43,44,-1,44,43,45,-1,44,45,46,-1,46,45,47,-1,46,47,0,-1,0,47,1,-1,44,46,48,-1,48,46,0,-1,48,0,2,-1,38,40,48,-1,48,40,42,-1,48,42,44,-1,32,34,48,-1,48,34,36,-1,48,36,38,-1,26,28,48,-1,48,28,30,-1,48,30,32,-1,20,22,48,-1,48,22,24,-1,48,24,26,-1,14,16,48,-1,48,16,18,-1,48,18,20,-1,8,10,48,-1,48,10,12,-1,48,12,14,-1,2,4,48,-1,48,4,6,-1,48,6,8,-1,
        ]
    }
}
Shape{
    appearance Appearance {
        material  Material 	{
            diffuseColor 0.7529411764705882 0.7529411764705882 0.7529411764705882
            specularColor 0.3764705882352941 0.3764705882352941 0.3764705882352941
            ambientIntensity 0.7529
            transparency 0.0
            shininess 0.5
        }
    }
    geometry IndexedFaceSet {
        ccw TRUE
        solid FALSE
        coord DEF co Coordinate {
            point [
                0.0256 0.7913 0.0984, -0.0256 0.7913 0.0984, 0.0256 0.7874 0.0984, -0.0256 0.7874 0.0984, -0.0394 0.6693 0.0079, -0.0394 0.6693 0.0, -0.038 0.6591 0.0, -0.038 0.6591 0.0079, -0.0341 0.6496 0.0, -0.0341 0.6496 0.0079, -0.0278 0.6415 0.0, -0.0278 0.6415 0.0079, -0.0197 0.6352 0.0, -0.0197 0.6352 0.0079, -0.0102 0.6313 0.0, -0.0102 0.6313 0.0079, 0.0 0.6299 0.0, 0.0 0.6299 0.0079, 0.0102 0.6313 0.0, 0.0102 0.6313 0.0079, 0.0197 0.6352 0.0, 0.0197 0.6352 0.0079, 0.0278 0.6415 0.0, 0.0278 0.6415 0.0079, 0.0341 0.6496 0.0, 0.0341 0.6496 0.0079, 0.038 0.6591 0.0, 0.038 0.6591 0.0079, 0.0394 0.6693 0.0, 0.0394 0.6693 0.0079, 0.0394 0.7579 0.0, 0.0394 0.7579 0.0079, 0.0256 0.7717 0.0, 0.0256 0.7717 0.0079, 0.0256 0.7874 0.0079, 0.0256 0.7913 0.0, -0.0256 0.7874 0.0079, -0.0256 0.7913 0.0, -0.0256 0.7717 0.0079, -0.0256 0.7717 0.0, -0.0394 0.7579 0.0, -0.0394 0.7579 0.0079, -0.1516 0.7913 0.0984, -0.2028 0.7913 0.0984, -0.1516 0.7874 0.0984, -0.2028 0.7874 0.0984, -0.2165 0.6693 0.0079, -0.2165 0.6693 0.0, -0.2152 0.6591 0.0, -0.2152 0.6591 0.0079, -0.2113 0.6496 0.0, -0.2113 0.6496 0.0079, -0.205 0.6415 0.0, -0.205 0.6415 0.0079, -0.1969 0.6352 0.0, -0.1969 0.6352 0.0079, -0.1874 0.6313 0.0, -0.1874 0.6313 0.0079, -0.1772 0.6299 0.0, -0.1772 0.6299 0.0079, -0.167 0.6313 0.0, -0.167 0.6313 0.0079, -0.1575 0.6352 0.0, -0.1575 0.6352 0.0079, -0.1493 0.6415 0.0, -0.1493 0.6415 0.0079, -0.1431 0.6496 0.0, -0.1431 0.6496 0.0079, -0.1391 0.6591 0.0, -0.1391 0.6591 0.0079, -0.1378 0.6693 0.0, -0.1378 0.6693 0.0079, -0.1378 0.7579 0.0, -0.1378 0.7579 0.0079, -0.1516 0.7717 0.0, -0.1516 0.7717 0.0079, -0.1516 0.7874 0.0079, -0.1516 0.7913 0.0, -0.2028 0.7874 0.0079, -0.2028 0.7913 0.0, -0.2028 0.7717 0.0079, -0.2028 0.7717 0.0, -0.2165 0.7579 0.0, -0.2165 0.7579 0.0079, -0.3287 0.7913 0.0984, -0.3799 0.7913 0.0984, -0.3287 0.7874 0.0984, -0.3799 0.7874 0.0984, -0.3937 0.6693 0.0079, -0.3937 0.6693 0.0, -0.3924 0.6591 0.0, -0.3924 0.6591 0.0079, -0.3884 0.6496 0.0, -0.3884 0.6496 0.0079, -0.3822 0.6415 0.0, -0.3822 0.6415 0.0079, -0.374 0.6352 0.0, -0.374 0.6352 0.0079, -0.3645 0.6313 0.0, -0.3645 0.6313 0.0079, -0.3543 0.6299 0.0, -0.3543 0.6299 0.0079, -0.3441 0.6313 0.0, -0.3441 0.6313 0.0079, -0.3346 0.6352 0.0, -0.3346 0.6352 0.0079, -0.3265 0.6415 0.0, -0.3265 0.6415 0.0079, -0.3202 0.6496 0.0, -0.3202 0.6496 0.0079, -0.3163 0.6591 0.0, -0.3163 0.6591 0.0079, -0.315 0.6693 0.0, -0.315 0.6693 0.0079, -0.315 0.7579 0.0, -0.315 0.7579 0.0079, -0.3287 0.7717 0.0, -0.3287 0.7717 0.0079, -0.3287 0.7874 0.0079, -0.3287 0.7913 0.0, -0.3799 0.7874 0.0079, -0.3799 0.7913 0.0, -0.3799 0.7717 0.0079, -0.3799 0.7717 0.0, -0.3937 0.7579 0.0, -0.3937 0.7579 0.0079, -0.5059 0.7913 0.0984, -0.5571 0.7913 0.0984, -0.5059 0.7874 0.0984, -0.5571 0.7874 0.0984, -0.5709 0.6693 0.0079, -0.5709 0.6693 0.0, -0.5695 0.6591 0.0, -0.5695 0.6591 0.0079, -0.5656 0.6496 0.0, -0.5656 0.6496 0.0079, -0.5593 0.6415 0.0, -0.5593 0.6415 0.0079, -0.5512 0.6352 0.0, -0.5512 0.6352 0.0079, -0.5417 0.6313 0.0, -0.5417 0.6313 0.0079, -0.5315 0.6299 0.0, -0.5315 0.6299 0.0079, -0.5213 0.6313 0.0, -0.5213 0.6313 0.0079, -0.5118 0.6352 0.0, -0.5118 0.6352 0.0079, -0.5037 0.6415 0.0, -0.5037 0.6415 0.0079, -0.4974 0.6496 0.0, -0.4974 0.6496 0.0079, -0.4935 0.6591 0.0, -0.4935 0.6591 0.0079, -0.4921 0.6693 0.0, -0.4921 0.6693 0.0079, -0.4921 0.7579 0.0, -0.4921 0.7579 0.0079, -0.5059 0.7717 0.0, -0.5059 0.7717 0.0079, -0.5059 0.7874 0.0079, -0.5059 0.7913 0.0, -0.5571 0.7874 0.0079, -0.5571 0.7913 0.0, -0.5571 0.7717 0.0079, -0.5571 0.7717 0.0, -0.5709 0.7579 0.0, -0.5709 0.7579 0.0079, 0.2028 0.7913 0.0984, 0.1516 0.7913 0.0984, 0.2028 0.7874 0.0984, 0.1516 0.7874 0.0984, 0.1378 0.6693 0.0079, 0.1378 0.6693 0.0, 0.1391 0.6591 0.0, 0.1391 0.6591 0.0079, 0.1431 0.6496 0.0, 0.1431 0.6496 0.0079, 0.1493 0.6415 0.0, 0.1493 0.6415 0.0079, 0.1575 0.6352 0.0, 0.1575 0.6352 0.0079, 0.167 0.6313 0.0, 0.167 0.6313 0.0079, 0.1772 0.6299 0.0, 0.1772 0.6299 0.0079, 0.1874 0.6313 0.0, 0.1874 0.6313 0.0079, 0.1969 0.6352 0.0, 0.1969 0.6352 0.0079, 0.205 0.6415 0.0, 0.205 0.6415 0.0079, 0.2113 0.6496 0.0, 0.2113 0.6496 0.0079, 0.2152 0.6591 0.0, 0.2152 0.6591 0.0079, 0.2165 0.6693 0.0, 0.2165 0.6693 0.0079, 0.2165 0.7579 0.0, 0.2165 0.7579 0.0079, 0.2028 0.7717 0.0, 0.2028 0.7717 0.0079, 0.2028 0.7874 0.0079, 0.2028 0.7913 0.0, 0.1516 0.7874 0.0079, 0.1516 0.7913 0.0, 0.1516 0.7717 0.0079, 0.1516 0.7717 0.0, 0.1378 0.7579 0.0, 0.1378 0.7579 0.0079, 0.3799 0.7913 0.0984, 0.3287 0.7913 0.0984, 0.3799 0.7874 0.0984, 0.3287 0.7874 0.0984, 0.315 0.6693 0.0079, 0.315 0.6693 0.0, 0.3163 0.6591 0.0, 0.3163 0.6591 0.0079, 0.3202 0.6496 0.0, 0.3202 0.6496 0.0079, 0.3265 0.6415 0.0, 0.3265 0.6415 0.0079, 0.3346 0.6352 0.0, 0.3346 0.6352 0.0079, 0.3441 0.6313 0.0, 0.3441 0.6313 0.0079, 0.3543 0.6299 0.0, 0.3543 0.6299 0.0079, 0.3645 0.6313 0.0, 0.3645 0.6313 0.0079, 0.374 0.6352 0.0, 0.374 0.6352 0.0079, 0.3822 0.6415 0.0, 0.3822 0.6415 0.0079, 0.3884 0.6496 0.0, 0.3884 0.6496 0.0079, 0.3924 0.6591 0.0, 0.3924 0.6591 0.0079, 0.3937 0.6693 0.0, 0.3937 0.6693 0.0079, 0.3937 0.7579 0.0, 0.3937 0.7579 0.0079, 0.3799 0.7717 0.0, 0.3799 0.7717 0.0079, 0.3799 0.7874 0.0079, 0.3799 0.7913 0.0, 0.3287 0.7874 0.0079, 0.3287 0.7913 0.0, 0.3287 0.7717 0.0079, 0.3287 0.7717 0.0, 0.315 0.7579 0.0, 0.315 0.7579 0.0079, 0.5571 0.7913 0.0984, 0.5059 0.7913 0.0984, 0.5571 0.7874 0.0984, 0.5059 0.7874 0.0984, 0.4921 0.6693 0.0079, 0.4921 0.6693 0.0, 0.4935 0.6591 0.0, 0.4935 0.6591 0.0079, 0.4974 0.6496 0.0, 0.4974 0.6496 0.0079, 0.5037 0.6415 0.0, 0.5037 0.6415 0.0079, 0.5118 0.6352 0.0, 0.5118 0.6352 0.0079, 0.5213 0.6313 0.0, 0.5213 0.6313 0.0079, 0.5315 0.6299 0.0, 0.5315 0.6299 0.0079, 0.5417 0.6313 0.0, 0.5417 0.6313 0.0079, 0.5512 0.6352 0.0, 0.5512 0.6352 0.0079, 0.5593 0.6415 0.0, 0.5593 0.6415 0.0079, 0.5656 0.6496 0.0, 0.5656 0.6496 0.0079, 0.5695 0.6591 0.0, 0.5695 0.6591 0.0079, 0.5709 0.6693 0.0, 0.5709 0.6693 0.0079, 0.5709 0.7579 0.0, 0.5709 0.7579 0.0079, 0.5571 0.7717 0.0, 0.5571 0.7717 0.0079, 0.5571 0.7874 0.0079, 0.5571 0.7913 0.0, 0.5059 0.7874 0.0079, 0.5059 0.7913 0.0, 0.5059 0.7717 0.0079, 0.5059 0.7717 0.0, 0.4921 0.7579 0.0, 0.4921 0.7579 0.0079, -0.7913 0.0256 0.0984, -0.7913 -0.0256 0.0984, -0.7874 0.0256 0.0984, -0.7874 -0.0256 0.0984, -0.6693 -0.0394 0.0079, -0.6693 -0.0394 0.0, -0.6591 -0.038 0.0, -0.6591 -0.038 0.0079, -0.6496 -0.0341 0.0, -0.6496 -0.0341 0.0079, -0.6415 -0.0278 0.0, -0.6415 -0.0278 0.0079, -0.6352 -0.0197 0.0, -0.6352 -0.0197 0.0079, -0.6313 -0.0102 0.0, -0.6313 -0.0102 0.0079, -0.6299 -0.0 0.0, -0.6299 -0.0 0.0079, -0.6313 0.0102 0.0, -0.6313 0.0102 0.0079, -0.6352 0.0197 0.0, -0.6352 0.0197 0.0079, -0.6415 0.0278 0.0, -0.6415 0.0278 0.0079, -0.6496 0.0341 0.0, -0.6496 0.0341 0.0079, -0.6591 0.038 0.0, -0.6591 0.038 0.0079, -0.6693 0.0394 0.0, -0.6693 0.0394 0.0079, -0.7579 0.0394 0.0, -0.7579 0.0394 0.0079, -0.7717 0.0256 0.0, -0.7717 0.0256 0.0079, -0.7874 0.0256 0.0079, -0.7913 0.0256 0.0, -0.7874 -0.0256 0.0079, -0.7913 -0.0256 0.0, -0.7717 -0.0256 0.0079, -0.7717 -0.0256 0.0, -0.7579 -0.0394 0.0, -0.7579 -0.0394 0.0079, -0.7913 -0.1516 0.0984, -0.7913 -0.2028 0.0984, -0.7874 -0.1516 0.0984, -0.7874 -0.2028 0.0984, -0.6693 -0.2165 0.0079, -0.6693 -0.2165 0.0, -0.6591 -0.2152 0.0, -0.6591 -0.2152 0.0079, -0.6496 -0.2113 0.0, -0.6496 -0.2113 0.0079, -0.6415 -0.205 0.0, -0.6415 -0.205 0.0079, -0.6352 -0.1969 0.0, -0.6352 -0.1969 0.0079, -0.6313 -0.1874 0.0, -0.6313 -0.1874 0.0079, -0.6299 -0.1772 0.0, -0.6299 -0.1772 0.0079, -0.6313 -0.167 0.0, -0.6313 -0.167 0.0079, -0.6352 -0.1575 0.0, -0.6352 -0.1575 0.0079, -0.6415 -0.1493 0.0, -0.6415 -0.1493 0.0079, -0.6496 -0.1431 0.0, -0.6496 -0.1431 0.0079, -0.6591 -0.1391 0.0, -0.6591 -0.1391 0.0079, -0.6693 -0.1378 0.0, -0.6693 -0.1378 0.0079, -0.7579 -0.1378 0.0, -0.7579 -0.1378 0.0079, -0.7717 -0.1516 0.0, -0.7717 -0.1516 0.0079, -0.7874 -0.1516 0.0079, -0.7913 -0.1516 0.0, -0.7874 -0.2028 0.0079, -0.7913 -0.2028 0.0, -0.7717 -0.2028 0.0079, -0.7717 -0.2028 0.0, -0.7579 -0.2165 0.0, -0.7579 -0.2165 0.0079, -0.7913 -0.3287 0.0984, -0.7913 -0.3799 0.0984, -0.7874 -0.3287 0.0984, -0.7874 -0.3799 0.0984, -0.6693 -0.3937 0.0079, -0.6693 -0.3937 0.0, -0.6591 -0.3924 0.0, -0.6591 -0.3924 0.0079, -0.6496 -0.3884 0.0, -0.6496 -0.3884 0.0079, -0.6415 -0.3822 0.0, -0.6415 -0.3822 0.0079, -0.6352 -0.374 0.0, -0.6352 -0.374 0.0079, -0.6313 -0.3645 0.0, -0.6313 -0.3645 0.0079, -0.6299 -0.3543 0.0, -0.6299 -0.3543 0.0079, -0.6313 -0.3441 0.0, -0.6313 -0.3441 0.0079, -0.6352 -0.3346 0.0, -0.6352 -0.3346 0.0079, -0.6415 -0.3265 0.0, -0.6415 -0.3265 0.0079, -0.6496 -0.3202 0.0, -0.6496 -0.3202 0.0079, -0.6591 -0.3163 0.0, -0.6591 -0.3163 0.0079, -0.6693 -0.315 0.0, -0.6693 -0.315 0.0079, -0.7579 -0.315 0.0, -0.7579 -0.315 0.0079, -0.7717 -0.3287 0.0, -0.7717 -0.3287 0.0079, -0.7874 -0.3287 0.0079, -0.7913 -0.3287 0.0, -0.7874 -0.3799 0.0079, -0.7913 -0.3799 0.0, -0.7717 -0.3799 0.0079, -0.7717 -0.3799 0.0, -0.7579 -0.3937 0.0, -0.7579 -0.3937 0.0079, -0.7913 -0.5059 0.0984, -0.7913 -0.5571 0.0984, -0.7874 -0.5059 0.0984, -0.7874 -0.5571 0.0984, -0.6693 -0.5709 0.0079, -0.6693 -0.5709 0.0, -0.6591 -0.5695 0.0, -0.6591 -0.5695 0.0079, -0.6496 -0.5656 0.0, -0.6496 -0.5656 0.0079, -0.6415 -0.5593 0.0, -0.6415 -0.5593 0.0079, -0.6352 -0.5512 0.0, -0.6352 -0.5512 0.0079, -0.6313 -0.5417 0.0, -0.6313 -0.5417 0.0079, -0.6299 -0.5315 0.0, -0.6299 -0.5315 0.0079, -0.6313 -0.5213 0.0, -0.6313 -0.5213 0.0079, -0.6352 -0.5118 0.0, -0.6352 -0.5118 0.0079, -0.6415 -0.5037 0.0, -0.6415 -0.5037 0.0079, -0.6496 -0.4974 0.0, -0.6496 -0.4974 0.0079, -0.6591 -0.4935 0.0, -0.6591 -0.4935 0.0079, -0.6693 -0.4921 0.0, -0.6693 -0.4921 0.0079, -0.7579 -0.4921 0.0, -0.7579 -0.4921 0.0079, -0.7717 -0.5059 0.0, -0.7717 -0.5059 0.0079, -0.7874 -0.5059 0.0079, -0.7913 -0.5059 0.0, -0.7874 -0.5571 0.0079, -0.7913 -0.5571 0.0, -0.7717 -0.5571 0.0079, -0.7717 -0.5571 0.0, -0.7579 -0.5709 0.0, -0.7579 -0.5709 0.0079, -0.7913 0.2028 0.0984, -0.7913 0.1516 0.0984, -0.7874 0.2028 0.0984, -0.7874 0.1516 0.0984, -0.6693 0.1378 0.0079, -0.6693 0.1378 0.0, -0.6591 0.1391 0.0, -0.6591 0.1391 0.0079, -0.6496 0.1431 0.0, -0.6496 0.1431 0.0079, -0.6415 0.1493 0.0, -0.6415 0.1493 0.0079, -0.6352 0.1575 0.0, -0.6352 0.1575 0.0079, -0.6313 0.167 0.0, -0.6313 0.167 0.0079, -0.6299 0.1772 0.0, -0.6299 0.1772 0.0079, -0.6313 0.1874 0.0, -0.6313 0.1874 0.0079, -0.6352 0.1969 0.0, -0.6352 0.1969 0.0079, -0.6415 0.205 0.0, -0.6415 0.205 0.0079, -0.6496 0.2113 0.0, -0.6496 0.2113 0.0079, -0.6591 0.2152 0.0, -0.6591 0.2152 0.0079, -0.6693 0.2165 0.0, -0.6693 0.2165 0.0079, -0.7579 0.2165 0.0, -0.7579 0.2165 0.0079, -0.7717 0.2028 0.0, -0.7717 0.2028 0.0079, -0.7874 0.2028 0.0079, -0.7913 0.2028 0.0, -0.7874 0.1516 0.0079, -0.7913 0.1516 0.0, -0.7717 0.1516 0.0079, -0.7717 0.1516 0.0, -0.7579 0.1378 0.0, -0.7579 0.1378 0.0079, -0.7913 0.3799 0.0984, -0.7913 0.3287 0.0984, -0.7874 0.3799 0.0984, -0.7874 0.3287 0.0984, -0.6693 0.315 0.0079, -0.6693 0.315 0.0, -0.6591 0.3163 0.0, -0.6591 0.3163 0.0079, -0.6496 0.3202 0.0, -0.6496 0.3202 0.0079, -0.6415 0.3265 0.0, -0.6415 0.3265 0.0079, -0.6352 0.3346 0.0, -0.6352 0.3346 0.0079, -0.6313 0.3441 0.0, -0.6313 0.3441 0.0079, -0.6299 0.3543 0.0, -0.6299 0.3543 0.0079, -0.6313 0.3645 0.0, -0.6313 0.3645 0.0079, -0.6352 0.374 0.0, -0.6352 0.374 0.0079, -0.6415 0.3822 0.0, -0.6415 0.3822 0.0079, -0.6496 0.3884 0.0, -0.6496 0.3884 0.0079, -0.6591 0.3924 0.0, -0.6591 0.3924 0.0079, -0.6693 0.3937 0.0, -0.6693 0.3937 0.0079, -0.7579 0.3937 0.0, -0.7579 0.3937 0.0079, -0.7717 0.3799 0.0, -0.7717 0.3799 0.0079, -0.7874 0.3799 0.0079, -0.7913 0.3799 0.0, -0.7874 0.3287 0.0079, -0.7913 0.3287 0.0, -0.7717 0.3287 0.0079, -0.7717 0.3287 0.0, -0.7579 0.315 0.0, -0.7579 0.315 0.0079, -0.7913 0.5571 0.0984, -0.7913 0.5059 0.0984, -0.7874 0.5571 0.0984, -0.7874 0.5059 0.0984, -0.6693 0.4921 0.0079, -0.6693 0.4921 0.0, -0.6591 0.4935 0.0, -0.6591 0.4935 0.0079, -0.6496 0.4974 0.0, -0.6496 0.4974 0.0079, -0.6415 0.5037 0.0, -0.6415 0.5037 0.0079, -0.6352 0.5118 0.0, -0.6352 0.5118 0.0079, -0.6313 0.5213 0.0, -0.6313 0.5213 0.0079, -0.6299 0.5315 0.0, -0.6299 0.5315 0.0079, -0.6313 0.5417 0.0, -0.6313 0.5417 0.0079, -0.6352 0.5512 0.0, -0.6352 0.5512 0.0079, -0.6415 0.5593 0.0, -0.6415 0.5593 0.0079, -0.6496 0.5656 0.0, -0.6496 0.5656 0.0079, -0.6591 0.5695 0.0, -0.6591 0.5695 0.0079, -0.6693 0.5709 0.0, -0.6693 0.5709 0.0079, -0.7579 0.5709 0.0, -0.7579 0.5709 0.0079, -0.7717 0.5571 0.0, -0.7717 0.5571 0.0079, -0.7874 0.5571 0.0079, -0.7913 0.5571 0.0, -0.7874 0.5059 0.0079, -0.7913 0.5059 0.0, -0.7717 0.5059 0.0079, -0.7717 0.5059 0.0, -0.7579 0.4921 0.0, -0.7579 0.4921 0.0079, -0.0256 -0.7913 0.0984, 0.0256 -0.7913 0.0984, -0.0256 -0.7874 0.0984, 0.0256 -0.7874 0.0984, 0.0394 -0.6693 0.0079, 0.0394 -0.6693 0.0, 0.038 -0.6591 0.0, 0.038 -0.6591 0.0079, 0.0341 -0.6496 0.0, 0.0341 -0.6496 0.0079, 0.0278 -0.6415 0.0, 0.0278 -0.6415 0.0079, 0.0197 -0.6352 0.0, 0.0197 -0.6352 0.0079, 0.0102 -0.6313 0.0, 0.0102 -0.6313 0.0079, 0.0 -0.6299 0.0, 0.0 -0.6299 0.0079, -0.0102 -0.6313 0.0, -0.0102 -0.6313 0.0079, -0.0197 -0.6352 0.0, -0.0197 -0.6352 0.0079, -0.0278 -0.6415 0.0, -0.0278 -0.6415 0.0079, -0.0341 -0.6496 0.0, -0.0341 -0.6496 0.0079, -0.038 -0.6591 0.0, -0.038 -0.6591 0.0079, -0.0394 -0.6693 0.0, -0.0394 -0.6693 0.0079, -0.0394 -0.7579 0.0, -0.0394 -0.7579 0.0079, -0.0256 -0.7717 0.0, -0.0256 -0.7717 0.0079, -0.0256 -0.7874 0.0079, -0.0256 -0.7913 0.0, 0.0256 -0.7874 0.0079, 0.0256 -0.7913 0.0, 0.0256 -0.7717 0.0079, 0.0256 -0.7717 0.0, 0.0394 -0.7579 0.0, 0.0394 -0.7579 0.0079, 0.1516 -0.7913 0.0984, 0.2028 -0.7913 0.0984, 0.1516 -0.7874 0.0984, 0.2028 -0.7874 0.0984, 0.2165 -0.6693 0.0079, 0.2165 -0.6693 0.0, 0.2152 -0.6591 0.0, 0.2152 -0.6591 0.0079, 0.2113 -0.6496 0.0, 0.2113 -0.6496 0.0079, 0.205 -0.6415 0.0, 0.205 -0.6415 0.0079, 0.1969 -0.6352 0.0, 0.1969 -0.6352 0.0079, 0.1874 -0.6313 0.0, 0.1874 -0.6313 0.0079, 0.1772 -0.6299 0.0, 0.1772 -0.6299 0.0079, 0.167 -0.6313 0.0, 0.167 -0.6313 0.0079, 0.1575 -0.6352 0.0, 0.1575 -0.6352 0.0079, 0.1493 -0.6415 0.0, 0.1493 -0.6415 0.0079, 0.1431 -0.6496 0.0, 0.1431 -0.6496 0.0079, 0.1391 -0.6591 0.0, 0.1391 -0.6591 0.0079, 0.1378 -0.6693 0.0, 0.1378 -0.6693 0.0079, 0.1378 -0.7579 0.0, 0.1378 -0.7579 0.0079, 0.1516 -0.7717 0.0, 0.1516 -0.7717 0.0079, 0.1516 -0.7874 0.0079, 0.1516 -0.7913 0.0, 0.2028 -0.7874 0.0079, 0.2028 -0.7913 0.0, 0.2028 -0.7717 0.0079, 0.2028 -0.7717 0.0, 0.2165 -0.7579 0.0, 0.2165 -0.7579 0.0079, 0.3287 -0.7913 0.0984, 0.3799 -0.7913 0.0984, 0.3287 -0.7874 0.0984, 0.3799 -0.7874 0.0984, 0.3937 -0.6693 0.0079, 0.3937 -0.6693 0.0, 0.3924 -0.6591 0.0, 0.3924 -0.6591 0.0079, 0.3884 -0.6496 0.0, 0.3884 -0.6496 0.0079, 0.3822 -0.6415 0.0, 0.3822 -0.6415 0.0079, 0.374 -0.6352 0.0, 0.374 -0.6352 0.0079, 0.3645 -0.6313 0.0, 0.3645 -0.6313 0.0079, 0.3543 -0.6299 0.0, 0.3543 -0.6299 0.0079, 0.3441 -0.6313 0.0, 0.3441 -0.6313 0.0079, 0.3346 -0.6352 0.0, 0.3346 -0.6352 0.0079, 0.3265 -0.6415 0.0, 0.3265 -0.6415 0.0079, 0.3202 -0.6496 0.0, 0.3202 -0.6496 0.0079, 0.3163 -0.6591 0.0, 0.3163 -0.6591 0.0079, 0.315 -0.6693 0.0, 0.315 -0.6693 0.0079, 0.315 -0.7579 0.0, 0.315 -0.7579 0.0079, 0.3287 -0.7717 0.0, 0.3287 -0.7717 0.0079, 0.3287 -0.7874 0.0079, 0.3287 -0.7913 0.0, 0.3799 -0.7874 0.0079, 0.3799 -0.7913 0.0, 0.3799 -0.7717 0.0079, 0.3799 -0.7717 0.0, 0.3937 -0.7579 0.0, 0.3937 -0.7579 0.0079, 0.5059 -0.7913 0.0984, 0.5571 -0.7913 0.0984, 0.5059 -0.7874 0.0984, 0.5571 -0.7874 0.0984, 0.5709 -0.6693 0.0079, 0.5709 -0.6693 0.0, 0.5695 -0.6591 0.0, 0.5695 -0.6591 0.0079, 0.5656 -0.6496 0.0, 0.5656 -0.6496 0.0079, 0.5593 -0.6415 0.0, 0.5593 -0.6415 0.0079, 0.5512 -0.6352 0.0, 0.5512 -0.6352 0.0079, 0.5417 -0.6313 0.0, 0.5417 -0.6313 0.0079, 0.5315 -0.6299 0.0, 0.5315 -0.6299 0.0079, 0.5213 -0.6313 0.0, 0.5213 -0.6313 0.0079, 0.5118 -0.6352 0.0, 0.5118 -0.6352 0.0079, 0.5037 -0.6415 0.0, 0.5037 -0.6415 0.0079, 0.4974 -0.6496 0.0, 0.4974 -0.6496 0.0079, 0.4935 -0.6591 0.0, 0.4935 -0.6591 0.0079, 0.4921 -0.6693 0.0, 0.4921 -0.6693 0.0079, 0.4921 -0.7579 0.0, 0.4921 -0.7579 0.0079, 0.5059 -0.7717 0.0, 0.5059 -0.7717 0.0079, 0.5059 -0.7874 0.0079, 0.5059 -0.7913 0.0, 0.5571 -0.7874 0.0079, 0.5571 -0.7913 0.0, 0.5571 -0.7717 0.0079, 0.5571 -0.7717 0.0, 0.5709 -0.7579 0.0, 0.5709 -0.7579 0.0079, -0.2028 -0.7913 0.0984, -0.1516 -0.7913 0.0984, -0.2028 -0.7874 0.0984, -0.1516 -0.7874 0.0984, -0.1378 -0.6693 0.0079, -0.1378 -0.6693 0.0, -0.1391 -0.6591 0.0, -0.1391 -0.6591 0.0079, -0.1431 -0.6496 0.0, -0.1431 -0.6496 0.0079, -0.1493 -0.6415 0.0, -0.1493 -0.6415 0.0079, -0.1575 -0.6352 0.0, -0.1575 -0.6352 0.0079, -0.167 -0.6313 0.0, -0.167 -0.6313 0.0079, -0.1772 -0.6299 0.0, -0.1772 -0.6299 0.0079, -0.1874 -0.6313 0.0, -0.1874 -0.6313 0.0079, -0.1969 -0.6352 0.0, -0.1969 -0.6352 0.0079, -0.205 -0.6415 0.0, -0.205 -0.6415 0.0079, -0.2113 -0.6496 0.0, -0.2113 -0.6496 0.0079, -0.2152 -0.6591 0.0, -0.2152 -0.6591 0.0079, -0.2165 -0.6693 0.0, -0.2165 -0.6693 0.0079, -0.2165 -0.7579 0.0, -0.2165 -0.7579 0.0079, -0.2028 -0.7717 0.0, -0.2028 -0.7717 0.0079, -0.2028 -0.7874 0.0079, -0.2028 -0.7913 0.0, -0.1516 -0.7874 0.0079, -0.1516 -0.7913 0.0, -0.1516 -0.7717 0.0079, -0.1516 -0.7717 0.0, -0.1378 -0.7579 0.0, -0.1378 -0.7579 0.0079, -0.3799 -0.7913 0.0984, -0.3287 -0.7913 0.0984, -0.3799 -0.7874 0.0984, -0.3287 -0.7874 0.0984, -0.315 -0.6693 0.0079, -0.315 -0.6693 0.0, -0.3163 -0.6591 0.0, -0.3163 -0.6591 0.0079, -0.3202 -0.6496 0.0, -0.3202 -0.6496 0.0079, -0.3265 -0.6415 0.0, -0.3265 -0.6415 0.0079, -0.3346 -0.6352 0.0, -0.3346 -0.6352 0.0079, -0.3441 -0.6313 0.0, -0.3441 -0.6313 0.0079, -0.3543 -0.6299 0.0, -0.3543 -0.6299 0.0079, -0.3645 -0.6313 0.0, -0.3645 -0.6313 0.0079, -0.374 -0.6352 0.0, -0.374 -0.6352 0.0079, -0.3822 -0.6415 0.0, -0.3822 -0.6415 0.0079, -0.3884 -0.6496 0.0, -0.3884 -0.6496 0.0079, -0.3924 -0.6591 0.0, -0.3924 -0.6591 0.0079, -0.3937 -0.6693 0.0, -0.3937 -0.6693 0.0079, -0.3937 -0.7579 0.0, -0.3937 -0.7579 0.0079, -0.3799 -0.7717 0.0, -0.3799 -0.7717 0.0079, -0.3799 -0.7874 0.0079, -0.3799 -0.7913 0.0, -0.3287 -0.7874 0.0079, -0.3287 -0.7913 0.0, -0.3287 -0.7717 0.0079, -0.3287 -0.7717 0.0, -0.315 -0.7579 0.0, -0.315 -0.7579 0.0079, -0.5571 -0.7913 0.0984, -0.5059 -0.7913 0.0984, -0.5571 -0.7874 0.0984, -0.5059 -0.7874 0.0984, -0.4921 -0.6693 0.0079, -0.4921 -0.6693 0.0, -0.4935 -0.6591 0.0, -0.4935 -0.6591 0.0079, -0.4974 -0.6496 0.0, -0.4974 -0.6496 0.0079, -0.5037 -0.6415 0.0, -0.5037 -0.6415 0.0079, -0.5118 -0.6352 0.0, -0.5118 -0.6352 0.0079, -0.5213 -0.6313 0.0, -0.5213 -0.6313 0.0079, -0.5315 -0.6299 0.0, -0.5315 -0.6299 0.0079, -0.5417 -0.6313 0.0, -0.5417 -0.6313 0.0079, -0.5512 -0.6352 0.0, -0.5512 -0.6352 0.0079, -0.5593 -0.6415 0.0, -0.5593 -0.6415 0.0079, -0.5656 -0.6496 0.0, -0.5656 -0.6496 0.0079, -0.5695 -0.6591 0.0, -0.5695 -0.6591 0.0079, -0.5709 -0.6693 0.0, -0.5709 -0.6693 0.0079, -0.5709 -0.7579 0.0, -0.5709 -0.7579 0.0079, -0.5571 -0.7717 0.0, -0.5571 -0.7717 0.0079, -0.5571 -0.7874 0.0079, -0.5571 -0.7913 0.0, -0.5059 -0.7874 0.0079, -0.5059 -0.7913 0.0, -0.5059 -0.7717 0.0079, -0.5059 -0.7717 0.0, -0.4921 -0.7579 0.0, -0.4921 -0.7579 0.0079, 0.7913 -0.0256 0.0984, 0.7913 0.0256 0.0984, 0.7874 -0.0256 0.0984, 0.7874 0.0256 0.0984, 0.6693 0.0394 0.0079, 0.6693 0.0394 0.0, 0.6591 0.038 0.0, 0.6591 0.038 0.0079, 0.6496 0.0341 0.0, 0.6496 0.0341 0.0079, 0.6415 0.0278 0.0, 0.6415 0.0278 0.0079, 0.6352 0.0197 0.0, 0.6352 0.0197 0.0079, 0.6313 0.0102 0.0, 0.6313 0.0102 0.0079, 0.6299 0.0 0.0, 0.6299 0.0 0.0079, 0.6313 -0.0102 0.0, 0.6313 -0.0102 0.0079, 0.6352 -0.0197 0.0, 0.6352 -0.0197 0.0079, 0.6415 -0.0278 0.0, 0.6415 -0.0278 0.0079, 0.6496 -0.0341 0.0, 0.6496 -0.0341 0.0079, 0.6591 -0.038 0.0, 0.6591 -0.038 0.0079, 0.6693 -0.0394 0.0, 0.6693 -0.0394 0.0079, 0.7579 -0.0394 0.0, 0.7579 -0.0394 0.0079, 0.7717 -0.0256 0.0, 0.7717 -0.0256 0.0079, 0.7874 -0.0256 0.0079, 0.7913 -0.0256 0.0, 0.7874 0.0256 0.0079, 0.7913 0.0256 0.0, 0.7717 0.0256 0.0079, 0.7717 0.0256 0.0, 0.7579 0.0394 0.0, 0.7579 0.0394 0.0079, 0.7913 0.1516 0.0984, 0.7913 0.2028 0.0984, 0.7874 0.1516 0.0984, 0.7874 0.2028 0.0984, 0.6693 0.2165 0.0079, 0.6693 0.2165 0.0, 0.6591 0.2152 0.0, 0.6591 0.2152 0.0079, 0.6496 0.2113 0.0, 0.6496 0.2113 0.0079, 0.6415 0.205 0.0, 0.6415 0.205 0.0079, 0.6352 0.1969 0.0, 0.6352 0.1969 0.0079, 0.6313 0.1874 0.0, 0.6313 0.1874 0.0079, 0.6299 0.1772 0.0, 0.6299 0.1772 0.0079, 0.6313 0.167 0.0, 0.6313 0.167 0.0079, 0.6352 0.1575 0.0, 0.6352 0.1575 0.0079, 0.6415 0.1493 0.0, 0.6415 0.1493 0.0079, 0.6496 0.1431 0.0, 0.6496 0.1431 0.0079, 0.6591 0.1391 0.0, 0.6591 0.1391 0.0079, 0.6693 0.1378 0.0, 0.6693 0.1378 0.0079, 0.7579 0.1378 0.0, 0.7579 0.1378 0.0079, 0.7717 0.1516 0.0, 0.7717 0.1516 0.0079, 0.7874 0.1516 0.0079, 0.7913 0.1516 0.0, 0.7874 0.2028 0.0079, 0.7913 0.2028 0.0, 0.7717 0.2028 0.0079, 0.7717 0.2028 0.0, 0.7579 0.2165 0.0, 0.7579 0.2165 0.0079, 0.7913 0.3287 0.0984, 0.7913 0.3799 0.0984, 0.7874 0.3287 0.0984, 0.7874 0.3799 0.0984, 0.6693 0.3937 0.0079, 0.6693 0.3937 0.0, 0.6591 0.3924 0.0, 0.6591 0.3924 0.0079, 0.6496 0.3884 0.0, 0.6496 0.3884 0.0079, 0.6415 0.3822 0.0, 0.6415 0.3822 0.0079, 0.6352 0.374 0.0, 0.6352 0.374 0.0079, 0.6313 0.3645 0.0, 0.6313 0.3645 0.0079, 0.6299 0.3543 0.0, 0.6299 0.3543 0.0079, 0.6313 0.3441 0.0, 0.6313 0.3441 0.0079, 0.6352 0.3346 0.0, 0.6352 0.3346 0.0079, 0.6415 0.3265 0.0, 0.6415 0.3265 0.0079, 0.6496 0.3202 0.0, 0.6496 0.3202 0.0079, 0.6591 0.3163 0.0, 0.6591 0.3163 0.0079, 0.6693 0.315 0.0, 0.6693 0.315 0.0079, 0.7579 0.315 0.0, 0.7579 0.315 0.0079, 0.7717 0.3287 0.0, 0.7717 0.3287 0.0079, 0.7874 0.3287 0.0079, 0.7913 0.3287 0.0, 0.7874 0.3799 0.0079, 0.7913 0.3799 0.0, 0.7717 0.3799 0.0079, 0.7717 0.3799 0.0, 0.7579 0.3937 0.0, 0.7579 0.3937 0.0079, 0.7913 0.5059 0.0984, 0.7913 0.5571 0.0984, 0.7874 0.5059 0.0984, 0.7874 0.5571 0.0984, 0.6693 0.5709 0.0079, 0.6693 0.5709 0.0, 0.6591 0.5695 0.0, 0.6591 0.5695 0.0079, 0.6496 0.5656 0.0, 0.6496 0.5656 0.0079, 0.6415 0.5593 0.0, 0.6415 0.5593 0.0079, 0.6352 0.5512 0.0, 0.6352 0.5512 0.0079, 0.6313 0.5417 0.0, 0.6313 0.5417 0.0079, 0.6299 0.5315 0.0, 0.6299 0.5315 0.0079, 0.6313 0.5213 0.0, 0.6313 0.5213 0.0079, 0.6352 0.5118 0.0, 0.6352 0.5118 0.0079, 0.6415 0.5037 0.0, 0.6415 0.5037 0.0079, 0.6496 0.4974 0.0, 0.6496 0.4974 0.0079, 0.6591 0.4935 0.0, 0.6591 0.4935 0.0079, 0.6693 0.4921 0.0, 0.6693 0.4921 0.0079, 0.7579 0.4921 0.0, 0.7579 0.4921 0.0079, 0.7717 0.5059 0.0, 0.7717 0.5059 0.0079, 0.7874 0.5059 0.0079, 0.7913 0.5059 0.0, 0.7874 0.5571 0.0079, 0.7913 0.5571 0.0, 0.7717 0.5571 0.0079, 0.7717 0.5571 0.0, 0.7579 0.5709 0.0, 0.7579 0.5709 0.0079, 0.7913 -0.2028 0.0984, 0.7913 -0.1516 0.0984, 0.7874 -0.2028 0.0984, 0.7874 -0.1516 0.0984, 0.6693 -0.1378 0.0079, 0.6693 -0.1378 0.0, 0.6591 -0.1391 0.0, 0.6591 -0.1391 0.0079, 0.6496 -0.1431 0.0, 0.6496 -0.1431 0.0079, 0.6415 -0.1493 0.0, 0.6415 -0.1493 0.0079, 0.6352 -0.1575 0.0, 0.6352 -0.1575 0.0079, 0.6313 -0.167 0.0, 0.6313 -0.167 0.0079, 0.6299 -0.1772 0.0, 0.6299 -0.1772 0.0079, 0.6313 -0.1874 0.0, 0.6313 -0.1874 0.0079, 0.6352 -0.1969 0.0, 0.6352 -0.1969 0.0079, 0.6415 -0.205 0.0, 0.6415 -0.205 0.0079, 0.6496 -0.2113 0.0, 0.6496 -0.2113 0.0079, 0.6591 -0.2152 0.0, 0.6591 -0.2152 0.0079, 0.6693 -0.2165 0.0, 0.6693 -0.2165 0.0079, 0.7579 -0.2165 0.0, 0.7579 -0.2165 0.0079, 0.7717 -0.2028 0.0, 0.7717 -0.2028 0.0079, 0.7874 -0.2028 0.0079, 0.7913 -0.2028 0.0, 0.7874 -0.1516 0.0079, 0.7913 -0.1516 0.0, 0.7717 -0.1516 0.0079, 0.7717 -0.1516 0.0, 0.7579 -0.1378 0.0, 0.7579 -0.1378 0.0079, 0.7913 -0.3799 0.0984, 0.7913 -0.3287 0.0984, 0.7874 -0.3799 0.0984, 0.7874 -0.3287 0.0984, 0.6693 -0.315 0.0079, 0.6693 -0.315 0.0, 0.6591 -0.3163 0.0, 0.6591 -0.3163 0.0079, 0.6496 -0.3202 0.0, 0.6496 -0.3202 0.0079, 0.6415 -0.3265 0.0, 0.6415 -0.3265 0.0079, 0.6352 -0.3346 0.0, 0.6352 -0.3346 0.0079, 0.6313 -0.3441 0.0, 0.6313 -0.3441 0.0079, 0.6299 -0.3543 0.0, 0.6299 -0.3543 0.0079, 0.6313 -0.3645 0.0, 0.6313 -0.3645 0.0079, 0.6352 -0.374 0.0, 0.6352 -0.374 0.0079, 0.6415 -0.3822 0.0, 0.6415 -0.3822 0.0079, 0.6496 -0.3884 0.0, 0.6496 -0.3884 0.0079, 0.6591 -0.3924 0.0, 0.6591 -0.3924 0.0079, 0.6693 -0.3937 0.0, 0.6693 -0.3937 0.0079, 0.7579 -0.3937 0.0, 0.7579 -0.3937 0.0079, 0.7717 -0.3799 0.0, 0.7717 -0.3799 0.0079, 0.7874 -0.3799 0.0079, 0.7913 -0.3799 0.0, 0.7874 -0.3287 0.0079, 0.7913 -0.3287 0.0, 0.7717 -0.3287 0.0079, 0.7717 -0.3287 0.0, 0.7579 -0.315 0.0, 0.7579 -0.315 0.0079, 0.7913 -0.5571 0.0984, 0.7913 -0.5059 0.0984, 0.7874 -0.5571 0.0984, 0.7874 -0.5059 0.0984, 0.6693 -0.4921 0.0079, 0.6693 -0.4921 0.0, 0.6591 -0.4935 0.0, 0.6591 -0.4935 0.0079, 0.6496 -0.4974 0.0, 0.6496 -0.4974 0.0079, 0.6415 -0.5037 0.0, 0.6415 -0.5037 0.0079, 0.6352 -0.5118 0.0, 0.6352 -0.5118 0.0079, 0.6313 -0.5213 0.0, 0.6313 -0.5213 0.0079, 0.6299 -0.5315 0.0, 0.6299 -0.5315 0.0079, 0.6313 -0.5417 0.0, 0.6313 -0.5417 0.0079, 0.6352 -0.5512 0.0, 0.6352 -0.5512 0.0079, 0.6415 -0.5593 0.0, 0.6415 -0.5593 0.0079, 0.6496 -0.5656 0.0, 0.6496 -0.5656 0.0079, 0.6591 -0.5695 0.0, 0.6591 -0.5695 0.0079, 0.6693 -0.5709 0.0, 0.6693 -0.5709 0.0079, 0.7579 -0.5709 0.0, 0.7579 -0.5709 0.0079, 0.7717 -0.5571 0.0, 0.7717 -0.5571 0.0079, 0.7874 -0.5571 0.0079, 0.7913 -0.5571 0.0, 0.7874 -0.5059 0.0079, 0.7913 -0.5059 0.0, 0.7717 -0.5059 0.0079, 0.7717 -0.5059 0.0, 0.7579 -0.4921 0.0, 0.7579 -0.4921 0.0079, -0.3937 0.5315 0.0079, 0.4921 0.5315 0.0079, -0.3937 0.5315 0.0, 0.4921 0.5315 0.0, 0.5023 0.5302 0.0079, 0.5023 0.5302 0.0, 0.5118 0.5262 0.0079, 0.5118 0.5262 0.0, 0.52 0.52 0.0079, 0.52 0.52 0.0, 0.5262 0.5118 0.0079, 0.5262 0.5118 0.0, 0.5302 0.5023 0.0079, 0.5302 0.5023 0.0, 0.5315 0.4921 0.0079, 0.5315 0.4921 0.0, 0.5315 -0.4921 0.0, 0.5315 -0.4921 0.0079, 0.5302 -0.5023 0.0079, 0.5302 -0.5023 0.0, 0.5262 -0.5118 0.0079, 0.5262 -0.5118 0.0, 0.52 -0.52 0.0079, 0.52 -0.52 0.0, 0.5118 -0.5262 0.0079, 0.5118 -0.5262 0.0, 0.5023 -0.5302 0.0079, 0.5023 -0.5302 0.0, 0.4921 -0.5315 0.0079, 0.4921 -0.5315 0.0, -0.4921 -0.5315 0.0, -0.4921 -0.5315 0.0079, -0.5023 -0.5302 0.0079, -0.5023 -0.5302 0.0, -0.5118 -0.5262 0.0079, -0.5118 -0.5262 0.0, -0.52 -0.52 0.0079, -0.52 -0.52 0.0, -0.5262 -0.5118 0.0079, -0.5262 -0.5118 0.0, -0.5302 -0.5023 0.0079, -0.5302 -0.5023 0.0, -0.5315 -0.4921 0.0079, -0.5315 -0.4921 0.0, -0.5315 0.3937 0.0, -0.5315 0.3937 0.0079
            ]
        }
        coordIndex [
            0,1,2,-1,2,1,3,-1,4,5,6,-1,4,6,7,-1,7,6,8,-1,7,8,9,-1,9,8,10,-1,9,10,11,-1,11,10,12,-1,11,12,13,-1,13,12,14,-1,13,14,15,-1,15,14,16,-1,15,16,17,-1,17,16,18,-1,17,18,19,-1,19,18,20,-1,19,20,21,-1,21,20,22,-1,21,22,23,-1,23,22,24,-1,23,24,25,-1,25,24,26,-1,25,26,27,-1,27,26,28,-1,27,28,29,-1,28,30,29,-1,29,30,31,-1,30,32,31,-1,31,32,33,-1,33,32,34,-1,34,32,35,-1,34,35,2,-1,2,35,0,-1,3,1,36,-1,36,1,37,-1,36,37,38,-1,38,37,39,-1,39,40,38,-1,38,40,41,-1,40,5,41,-1,41,5,4,-1,37,1,35,-1,35,1,0,-1,39,37,35,-1,28,40,30,-1,30,40,39,-1,30,39,32,-1,32,39,35,-1,10,8,28,-1,8,6,28,-1,28,6,5,-1,28,5,40,-1,22,20,24,-1,24,20,26,-1,26,20,28,-1,28,20,18,-1,28,18,16,-1,16,14,28,-1,28,14,12,-1,28,12,10,-1,42,43,44,-1,44,43,45,-1,46,47,48,-1,46,48,49,-1,49,48,50,-1,49,50,51,-1,51,50,52,-1,51,52,53,-1,53,52,54,-1,53,54,55,-1,55,54,56,-1,55,56,57,-1,57,56,58,-1,57,58,59,-1,59,58,60,-1,59,60,61,-1,61,60,62,-1,61,62,63,-1,63,62,64,-1,63,64,65,-1,65,64,66,-1,65,66,67,-1,67,66,68,-1,67,68,69,-1,69,68,70,-1,69,70,71,-1,70,72,71,-1,71,72,73,-1,72,74,73,-1,73,74,75,-1,75,74,76,-1,76,74,77,-1,76,77,44,-1,44,77,42,-1,45,43,78,-1,78,43,79,-1,78,79,80,-1,80,79,81,-1,81,82,80,-1,80,82,83,-1,82,47,83,-1,83,47,46,-1,79,43,77,-1,77,43,42,-1,68,66,47,-1,79,77,81,-1,81,77,74,-1,81,74,82,-1,82,74,72,-1,82,72,47,-1,47,72,70,-1,47,70,68,-1,66,64,47,-1,47,64,62,-1,47,62,60,-1,60,58,47,-1,47,58,56,-1,47,56,54,-1,54,52,47,-1,47,52,50,-1,47,50,48,-1,84,85,86,-1,86,85,87,-1,88,89,90,-1,88,90,91,-1,91,90,92,-1,91,92,93,-1,93,92,94,-1,93,94,95,-1,95,94,96,-1,95,96,97,-1,97,96,98,-1,97,98,99,-1,99,98,100,-1,99,100,101,-1,101,100,102,-1,101,102,103,-1,103,102,104,-1,103,104,105,-1,105,104,106,-1,105,106,107,-1,107,106,108,-1,107,108,109,-1,109,108,110,-1,109,110,111,-1,111,110,112,-1,111,112,113,-1,112,114,113,-1,113,114,115,-1,114,116,115,-1,115,116,117,-1,117,116,118,-1,118,116,119,-1,118,119,86,-1,86,119,84,-1,87,85,120,-1,120,85,121,-1,120,121,122,-1,122,121,123,-1,123,124,122,-1,122,124,125,-1,124,89,125,-1,125,89,88,-1,121,85,119,-1,119,85,84,-1,123,121,119,-1,119,116,123,-1,123,116,114,-1,123,114,124,-1,124,114,112,-1,124,112,89,-1,89,112,110,-1,89,110,108,-1,108,106,89,-1,89,106,104,-1,89,104,102,-1,102,100,89,-1,89,100,98,-1,89,98,96,-1,96,94,89,-1,89,94,92,-1,89,92,90,-1,126,127,128,-1,128,127,129,-1,130,131,132,-1,130,132,133,-1,133,132,134,-1,133,134,135,-1,135,134,136,-1,135,136,137,-1,137,136,138,-1,137,138,139,-1,139,138,140,-1,139,140,141,-1,141,140,142,-1,141,142,143,-1,143,142,144,-1,143,144,145,-1,145,144,146,-1,145,146,147,-1,147,146,148,-1,147,148,149,-1,149,148,150,-1,149,150,151,-1,151,150,152,-1,151,152,153,-1,153,152,154,-1,153,154,155,-1,154,156,155,-1,155,156,157,-1,156,158,157,-1,157,158,159,-1,159,158,160,-1,160,158,161,-1,160,161,128,-1,128,161,126,-1,129,127,162,-1,162,127,163,-1,162,163,164,-1,164,163,165,-1,165,166,164,-1,164,166,167,-1,166,131,167,-1,167,131,130,-1,163,127,161,-1,161,127,126,-1,165,163,161,-1,154,166,156,-1,156,166,165,-1,156,165,158,-1,158,165,161,-1,134,132,154,-1,154,132,131,-1,154,131,166,-1,142,152,144,-1,144,152,150,-1,144,150,146,-1,146,150,148,-1,142,140,152,-1,152,140,138,-1,152,138,154,-1,154,138,136,-1,154,136,134,-1,168,169,170,-1,170,169,171,-1,172,173,174,-1,172,174,175,-1,175,174,176,-1,175,176,177,-1,177,176,178,-1,177,178,179,-1,179,178,180,-1,179,180,181,-1,181,180,182,-1,181,182,183,-1,183,182,184,-1,183,184,185,-1,185,184,186,-1,185,186,187,-1,187,186,188,-1,187,188,189,-1,189,188,190,-1,189,190,191,-1,191,190,192,-1,191,192,193,-1,193,192,194,-1,193,194,195,-1,195,194,196,-1,195,196,197,-1,196,198,197,-1,197,198,199,-1,198,200,199,-1,199,200,201,-1,201,200,202,-1,202,200,203,-1,202,203,170,-1,170,203,168,-1,171,169,204,-1,204,169,205,-1,204,205,206,-1,206,205,207,-1,207,208,206,-1,206,208,209,-1,208,173,209,-1,209,173,172,-1,205,169,203,-1,203,169,168,-1,207,205,203,-1,203,200,207,-1,207,200,198,-1,207,198,208,-1,208,198,196,-1,208,196,173,-1,192,178,176,-1,196,194,173,-1,173,194,192,-1,173,192,174,-1,174,192,176,-1,192,190,178,-1,178,190,188,-1,178,188,186,-1,186,184,178,-1,178,184,182,-1,178,182,180,-1,210,211,212,-1,212,211,213,-1,214,215,216,-1,214,216,217,-1,217,216,218,-1,217,218,219,-1,219,218,220,-1,219,220,221,-1,221,220,222,-1,221,222,223,-1,223,222,224,-1,223,224,225,-1,225,224,226,-1,225,226,227,-1,227,226,228,-1,227,228,229,-1,229,228,230,-1,229,230,231,-1,231,230,232,-1,231,232,233,-1,233,232,234,-1,233,234,235,-1,235,234,236,-1,235,236,237,-1,237,236,238,-1,237,238,239,-1,238,240,239,-1,239,240,241,-1,240,242,241,-1,241,242,243,-1,243,242,244,-1,244,242,245,-1,244,245,212,-1,212,245,210,-1,213,211,246,-1,246,211,247,-1,246,247,248,-1,248,247,249,-1,249,250,248,-1,248,250,251,-1,250,215,251,-1,251,215,214,-1,247,211,245,-1,245,211,210,-1,249,247,245,-1,226,224,236,-1,234,232,230,-1,234,230,236,-1,236,230,228,-1,236,228,226,-1,224,222,236,-1,236,222,220,-1,236,220,218,-1,245,242,249,-1,249,242,240,-1,249,240,250,-1,250,240,238,-1,250,238,215,-1,215,238,236,-1,215,236,216,-1,216,236,218,-1,252,253,254,-1,254,253,255,-1,256,257,258,-1,256,258,259,-1,259,258,260,-1,259,260,261,-1,261,260,262,-1,261,262,263,-1,263,262,264,-1,263,264,265,-1,265,264,266,-1,265,266,267,-1,267,266,268,-1,267,268,269,-1,269,268,270,-1,269,270,271,-1,271,270,272,-1,271,272,273,-1,273,272,274,-1,273,274,275,-1,275,274,276,-1,275,276,277,-1,277,276,278,-1,277,278,279,-1,279,278,280,-1,279,280,281,-1,280,282,281,-1,281,282,283,-1,282,284,283,-1,283,284,285,-1,285,284,286,-1,286,284,287,-1,286,287,254,-1,254,287,252,-1,255,253,288,-1,288,253,289,-1,288,289,290,-1,290,289,291,-1,291,292,290,-1,290,292,293,-1,292,257,293,-1,293,257,256,-1,289,253,287,-1,287,253,252,-1,291,289,287,-1,280,292,282,-1,282,292,291,-1,282,291,284,-1,284,291,287,-1,260,258,280,-1,280,258,257,-1,280,257,292,-1,268,278,270,-1,270,278,276,-1,270,276,272,-1,272,276,274,-1,268,266,278,-1,278,266,264,-1,278,264,280,-1,280,264,262,-1,280,262,260,-1,294,295,296,-1,296,295,297,-1,298,299,300,-1,298,300,301,-1,301,300,302,-1,301,302,303,-1,303,302,304,-1,303,304,305,-1,305,304,306,-1,305,306,307,-1,307,306,308,-1,307,308,309,-1,309,308,310,-1,309,310,311,-1,311,310,312,-1,311,312,313,-1,313,312,314,-1,313,314,315,-1,315,314,316,-1,315,316,317,-1,317,316,318,-1,317,318,319,-1,319,318,320,-1,319,320,321,-1,321,320,322,-1,321,322,323,-1,322,324,323,-1,323,324,325,-1,324,326,325,-1,325,326,327,-1,327,326,328,-1,328,326,329,-1,328,329,296,-1,296,329,294,-1,297,295,330,-1,330,295,331,-1,330,331,332,-1,332,331,333,-1,333,334,332,-1,332,334,335,-1,334,299,335,-1,335,299,298,-1,331,295,329,-1,329,295,294,-1,333,331,329,-1,322,334,324,-1,324,334,333,-1,324,333,326,-1,326,333,329,-1,320,318,316,-1,312,310,322,-1,322,310,308,-1,320,316,322,-1,322,316,314,-1,322,314,312,-1,308,306,322,-1,322,306,304,-1,322,304,302,-1,302,300,322,-1,322,300,299,-1,322,299,334,-1,336,337,338,-1,338,337,339,-1,340,341,342,-1,340,342,343,-1,343,342,344,-1,343,344,345,-1,345,344,346,-1,345,346,347,-1,347,346,348,-1,347,348,349,-1,349,348,350,-1,349,350,351,-1,351,350,352,-1,351,352,353,-1,353,352,354,-1,353,354,355,-1,355,354,356,-1,355,356,357,-1,357,356,358,-1,357,358,359,-1,359,358,360,-1,359,360,361,-1,361,360,362,-1,361,362,363,-1,363,362,364,-1,363,364,365,-1,364,366,365,-1,365,366,367,-1,366,368,367,-1,367,368,369,-1,369,368,370,-1,370,368,371,-1,370,371,338,-1,338,371,336,-1,339,337,372,-1,372,337,373,-1,372,373,374,-1,374,373,375,-1,375,376,374,-1,374,376,377,-1,376,341,377,-1,377,341,340,-1,373,337,371,-1,371,337,336,-1,375,373,371,-1,364,376,366,-1,366,376,375,-1,366,375,368,-1,368,375,371,-1,364,352,350,-1,360,358,362,-1,362,358,356,-1,362,356,364,-1,364,356,354,-1,364,354,352,-1,350,348,364,-1,364,348,346,-1,364,346,344,-1,344,342,364,-1,364,342,341,-1,364,341,376,-1,378,379,380,-1,380,379,381,-1,382,383,384,-1,382,384,385,-1,385,384,386,-1,385,386,387,-1,387,386,388,-1,387,388,389,-1,389,388,390,-1,389,390,391,-1,391,390,392,-1,391,392,393,-1,393,392,394,-1,393,394,395,-1,395,394,396,-1,395,396,397,-1,397,396,398,-1,397,398,399,-1,399,398,400,-1,399,400,401,-1,401,400,402,-1,401,402,403,-1,403,402,404,-1,403,404,405,-1,405,404,406,-1,405,406,407,-1,406,408,407,-1,407,408,409,-1,408,410,409,-1,409,410,411,-1,411,410,412,-1,412,410,413,-1,412,413,380,-1,380,413,378,-1,381,379,414,-1,414,379,415,-1,414,415,416,-1,416,415,417,-1,417,418,416,-1,416,418,419,-1,418,383,419,-1,419,383,382,-1,415,379,413,-1,413,379,378,-1,417,415,413,-1,402,400,383,-1,413,410,417,-1,417,410,408,-1,417,408,418,-1,418,408,406,-1,418,406,383,-1,383,406,404,-1,383,404,402,-1,383,388,384,-1,384,388,386,-1,400,398,383,-1,383,398,396,-1,383,396,394,-1,394,392,383,-1,383,392,390,-1,383,390,388,-1,420,421,422,-1,422,421,423,-1,424,425,426,-1,424,426,427,-1,427,426,428,-1,427,428,429,-1,429,428,430,-1,429,430,431,-1,431,430,432,-1,431,432,433,-1,433,432,434,-1,433,434,435,-1,435,434,436,-1,435,436,437,-1,437,436,438,-1,437,438,439,-1,439,438,440,-1,439,440,441,-1,441,440,442,-1,441,442,443,-1,443,442,444,-1,443,444,445,-1,445,444,446,-1,445,446,447,-1,447,446,448,-1,447,448,449,-1,448,450,449,-1,449,450,451,-1,450,452,451,-1,451,452,453,-1,453,452,454,-1,454,452,455,-1,454,455,422,-1,422,455,420,-1,423,421,456,-1,456,421,457,-1,456,457,458,-1,458,457,459,-1,459,460,458,-1,458,460,461,-1,460,425,461,-1,461,425,424,-1,457,421,455,-1,455,421,420,-1,459,457,455,-1,448,460,450,-1,450,460,459,-1,450,459,452,-1,452,459,455,-1,446,444,448,-1,448,444,442,-1,448,442,440,-1,440,438,448,-1,448,438,436,-1,448,436,434,-1,434,432,448,-1,448,432,430,-1,448,430,428,-1,428,426,448,-1,448,426,425,-1,448,425,460,-1,462,463,464,-1,464,463,465,-1,466,467,468,-1,466,468,469,-1,469,468,470,-1,469,470,471,-1,471,470,472,-1,471,472,473,-1,473,472,474,-1,473,474,475,-1,475,474,476,-1,475,476,477,-1,477,476,478,-1,477,478,479,-1,479,478,480,-1,479,480,481,-1,481,480,482,-1,481,482,483,-1,483,482,484,-1,483,484,485,-1,485,484,486,-1,485,486,487,-1,487,486,488,-1,487,488,489,-1,489,488,490,-1,489,490,491,-1,490,492,491,-1,491,492,493,-1,492,494,493,-1,493,494,495,-1,495,494,496,-1,496,494,497,-1,496,497,464,-1,464,497,462,-1,465,463,498,-1,498,463,499,-1,498,499,500,-1,500,499,501,-1,501,502,500,-1,500,502,503,-1,502,467,503,-1,503,467,466,-1,499,463,497,-1,497,463,462,-1,501,499,497,-1,490,502,492,-1,492,502,501,-1,492,501,494,-1,494,501,497,-1,488,486,484,-1,480,478,490,-1,490,478,476,-1,488,484,490,-1,490,484,482,-1,490,482,480,-1,476,474,490,-1,490,474,472,-1,490,472,470,-1,470,468,490,-1,490,468,467,-1,490,467,502,-1,504,505,506,-1,506,505,507,-1,508,509,510,-1,508,510,511,-1,511,510,512,-1,511,512,513,-1,513,512,514,-1,513,514,515,-1,515,514,516,-1,515,516,517,-1,517,516,518,-1,517,518,519,-1,519,518,520,-1,519,520,521,-1,521,520,522,-1,521,522,523,-1,523,522,524,-1,523,524,525,-1,525,524,526,-1,525,526,527,-1,527,526,528,-1,527,528,529,-1,529,528,530,-1,529,530,531,-1,531,530,532,-1,531,532,533,-1,532,534,533,-1,533,534,535,-1,534,536,535,-1,535,536,537,-1,537,536,538,-1,538,536,539,-1,538,539,506,-1,506,539,504,-1,507,505,540,-1,540,505,541,-1,540,541,542,-1,542,541,543,-1,543,544,542,-1,542,544,545,-1,544,509,545,-1,545,509,508,-1,541,505,539,-1,539,505,504,-1,543,541,539,-1,530,509,532,-1,532,509,544,-1,532,544,534,-1,534,544,543,-1,534,543,536,-1,536,543,539,-1,530,528,509,-1,509,528,526,-1,509,526,524,-1,524,522,509,-1,509,522,520,-1,509,520,518,-1,518,516,509,-1,509,516,514,-1,509,514,510,-1,510,514,512,-1,546,547,548,-1,548,547,549,-1,550,551,552,-1,550,552,553,-1,553,552,554,-1,553,554,555,-1,555,554,556,-1,555,556,557,-1,557,556,558,-1,557,558,559,-1,559,558,560,-1,559,560,561,-1,561,560,562,-1,561,562,563,-1,563,562,564,-1,563,564,565,-1,565,564,566,-1,565,566,567,-1,567,566,568,-1,567,568,569,-1,569,568,570,-1,569,570,571,-1,571,570,572,-1,571,572,573,-1,573,572,574,-1,573,574,575,-1,574,576,575,-1,575,576,577,-1,576,578,577,-1,577,578,579,-1,579,578,580,-1,580,578,581,-1,580,581,548,-1,548,581,546,-1,549,547,582,-1,582,547,583,-1,582,583,584,-1,584,583,585,-1,585,586,584,-1,584,586,587,-1,586,551,587,-1,587,551,550,-1,583,547,581,-1,581,547,546,-1,585,583,581,-1,574,586,576,-1,576,586,585,-1,576,585,578,-1,578,585,581,-1,572,570,574,-1,574,570,568,-1,574,568,566,-1,566,564,574,-1,574,564,562,-1,574,562,560,-1,560,558,574,-1,574,558,556,-1,574,556,554,-1,554,552,574,-1,574,552,551,-1,574,551,586,-1,588,589,590,-1,590,589,591,-1,592,593,594,-1,592,594,595,-1,595,594,596,-1,595,596,597,-1,597,596,598,-1,597,598,599,-1,599,598,600,-1,599,600,601,-1,601,600,602,-1,601,602,603,-1,603,602,604,-1,603,604,605,-1,605,604,606,-1,605,606,607,-1,607,606,608,-1,607,608,609,-1,609,608,610,-1,609,610,611,-1,611,610,612,-1,611,612,613,-1,613,612,614,-1,613,614,615,-1,615,614,616,-1,615,616,617,-1,616,618,617,-1,617,618,619,-1,618,620,619,-1,619,620,621,-1,621,620,622,-1,622,620,623,-1,622,623,590,-1,590,623,588,-1,591,589,624,-1,624,589,625,-1,624,625,626,-1,626,625,627,-1,627,628,626,-1,626,628,629,-1,628,593,629,-1,629,593,592,-1,625,589,623,-1,623,589,588,-1,627,625,623,-1,612,610,593,-1,623,620,627,-1,627,620,618,-1,627,618,628,-1,628,618,616,-1,628,616,593,-1,593,616,614,-1,593,614,612,-1,610,608,593,-1,593,608,606,-1,593,606,604,-1,594,593,596,-1,596,593,598,-1,604,602,593,-1,593,602,600,-1,593,600,598,-1,630,631,632,-1,632,631,633,-1,634,635,636,-1,634,636,637,-1,637,636,638,-1,637,638,639,-1,639,638,640,-1,639,640,641,-1,641,640,642,-1,641,642,643,-1,643,642,644,-1,643,644,645,-1,645,644,646,-1,645,646,647,-1,647,646,648,-1,647,648,649,-1,649,648,650,-1,649,650,651,-1,651,650,652,-1,651,652,653,-1,653,652,654,-1,653,654,655,-1,655,654,656,-1,655,656,657,-1,657,656,658,-1,657,658,659,-1,658,660,659,-1,659,660,661,-1,660,662,661,-1,661,662,663,-1,663,662,664,-1,664,662,665,-1,664,665,632,-1,632,665,630,-1,633,631,666,-1,666,631,667,-1,666,667,668,-1,668,667,669,-1,669,670,668,-1,668,670,671,-1,670,635,671,-1,671,635,634,-1,667,631,665,-1,665,631,630,-1,656,654,635,-1,667,665,669,-1,669,665,662,-1,669,662,670,-1,670,662,660,-1,670,660,635,-1,635,660,658,-1,635,658,656,-1,654,652,635,-1,635,652,650,-1,635,650,648,-1,648,646,635,-1,635,646,644,-1,635,644,642,-1,642,640,635,-1,635,640,638,-1,635,638,636,-1,672,673,674,-1,674,673,675,-1,676,677,678,-1,676,678,679,-1,679,678,680,-1,679,680,681,-1,681,680,682,-1,681,682,683,-1,683,682,684,-1,683,684,685,-1,685,684,686,-1,685,686,687,-1,687,686,688,-1,687,688,689,-1,689,688,690,-1,689,690,691,-1,691,690,692,-1,691,692,693,-1,693,692,694,-1,693,694,695,-1,695,694,696,-1,695,696,697,-1,697,696,698,-1,697,698,699,-1,699,698,700,-1,699,700,701,-1,700,702,701,-1,701,702,703,-1,702,704,703,-1,703,704,705,-1,705,704,706,-1,706,704,707,-1,706,707,674,-1,674,707,672,-1,675,673,708,-1,708,673,709,-1,708,709,710,-1,710,709,711,-1,711,712,710,-1,710,712,713,-1,712,677,713,-1,713,677,676,-1,709,673,707,-1,707,673,672,-1,711,709,707,-1,698,677,700,-1,700,677,712,-1,700,712,702,-1,702,712,711,-1,702,711,704,-1,704,711,707,-1,698,696,677,-1,677,696,694,-1,677,694,692,-1,684,682,680,-1,680,678,684,-1,684,678,677,-1,684,677,686,-1,692,690,677,-1,677,690,688,-1,677,688,686,-1,714,715,716,-1,716,715,717,-1,718,719,720,-1,718,720,721,-1,721,720,722,-1,721,722,723,-1,723,722,724,-1,723,724,725,-1,725,724,726,-1,725,726,727,-1,727,726,728,-1,727,728,729,-1,729,728,730,-1,729,730,731,-1,731,730,732,-1,731,732,733,-1,733,732,734,-1,733,734,735,-1,735,734,736,-1,735,736,737,-1,737,736,738,-1,737,738,739,-1,739,738,740,-1,739,740,741,-1,741,740,742,-1,741,742,743,-1,742,744,743,-1,743,744,745,-1,744,746,745,-1,745,746,747,-1,747,746,748,-1,748,746,749,-1,748,749,716,-1,716,749,714,-1,717,715,750,-1,750,715,751,-1,750,751,752,-1,752,751,753,-1,753,754,752,-1,752,754,755,-1,754,719,755,-1,755,719,718,-1,751,715,749,-1,749,715,714,-1,753,751,749,-1,749,746,753,-1,753,746,744,-1,753,744,754,-1,754,744,742,-1,754,742,719,-1,719,742,740,-1,719,740,738,-1,738,736,719,-1,719,736,734,-1,719,734,732,-1,724,722,726,-1,726,722,728,-1,732,730,719,-1,719,730,728,-1,719,728,720,-1,720,728,722,-1,756,757,758,-1,758,757,759,-1,760,761,762,-1,760,762,763,-1,763,762,764,-1,763,764,765,-1,765,764,766,-1,765,766,767,-1,767,766,768,-1,767,768,769,-1,769,768,770,-1,769,770,771,-1,771,770,772,-1,771,772,773,-1,773,772,774,-1,773,774,775,-1,775,774,776,-1,775,776,777,-1,777,776,778,-1,777,778,779,-1,779,778,780,-1,779,780,781,-1,781,780,782,-1,781,782,783,-1,783,782,784,-1,783,784,785,-1,784,786,785,-1,785,786,787,-1,786,788,787,-1,787,788,789,-1,789,788,790,-1,790,788,791,-1,790,791,758,-1,758,791,756,-1,759,757,792,-1,792,757,793,-1,792,793,794,-1,794,793,795,-1,795,796,794,-1,794,796,797,-1,796,761,797,-1,797,761,760,-1,793,757,791,-1,791,757,756,-1,795,793,791,-1,791,788,795,-1,795,788,786,-1,795,786,796,-1,796,786,784,-1,796,784,761,-1,761,784,782,-1,761,782,780,-1,770,776,772,-1,772,776,774,-1,770,768,776,-1,776,768,766,-1,776,766,764,-1,780,778,761,-1,761,778,776,-1,761,776,762,-1,762,776,764,-1,798,799,800,-1,800,799,801,-1,802,803,804,-1,802,804,805,-1,805,804,806,-1,805,806,807,-1,807,806,808,-1,807,808,809,-1,809,808,810,-1,809,810,811,-1,811,810,812,-1,811,812,813,-1,813,812,814,-1,813,814,815,-1,815,814,816,-1,815,816,817,-1,817,816,818,-1,817,818,819,-1,819,818,820,-1,819,820,821,-1,821,820,822,-1,821,822,823,-1,823,822,824,-1,823,824,825,-1,825,824,826,-1,825,826,827,-1,826,828,827,-1,827,828,829,-1,828,830,829,-1,829,830,831,-1,831,830,832,-1,832,830,833,-1,832,833,800,-1,800,833,798,-1,801,799,834,-1,834,799,835,-1,834,835,836,-1,836,835,837,-1,837,838,836,-1,836,838,839,-1,838,803,839,-1,839,803,802,-1,835,799,833,-1,833,799,798,-1,837,835,833,-1,833,830,837,-1,837,830,828,-1,837,828,838,-1,838,828,826,-1,838,826,803,-1,803,826,824,-1,810,808,806,-1,824,822,803,-1,803,822,820,-1,803,820,818,-1,806,804,810,-1,810,804,803,-1,810,803,812,-1,818,816,803,-1,803,816,814,-1,803,814,812,-1,840,841,842,-1,842,841,843,-1,844,845,846,-1,844,846,847,-1,847,846,848,-1,847,848,849,-1,849,848,850,-1,849,850,851,-1,851,850,852,-1,851,852,853,-1,853,852,854,-1,853,854,855,-1,855,854,856,-1,855,856,857,-1,857,856,858,-1,857,858,859,-1,859,858,860,-1,859,860,861,-1,861,860,862,-1,861,862,863,-1,863,862,864,-1,863,864,865,-1,865,864,866,-1,865,866,867,-1,867,866,868,-1,867,868,869,-1,868,870,869,-1,869,870,871,-1,870,872,871,-1,871,872,873,-1,873,872,874,-1,874,872,875,-1,874,875,842,-1,842,875,840,-1,843,841,876,-1,876,841,877,-1,876,877,878,-1,878,877,879,-1,879,880,878,-1,878,880,881,-1,880,845,881,-1,881,845,844,-1,877,841,875,-1,875,841,840,-1,879,877,875,-1,875,872,879,-1,879,872,870,-1,879,870,880,-1,880,870,868,-1,880,868,845,-1,845,868,866,-1,845,866,864,-1,864,862,845,-1,845,862,860,-1,845,860,858,-1,850,848,852,-1,852,848,854,-1,858,856,845,-1,845,856,854,-1,845,854,846,-1,846,854,848,-1,882,883,884,-1,884,883,885,-1,886,887,888,-1,886,888,889,-1,889,888,890,-1,889,890,891,-1,891,890,892,-1,891,892,893,-1,893,892,894,-1,893,894,895,-1,895,894,896,-1,895,896,897,-1,897,896,898,-1,897,898,899,-1,899,898,900,-1,899,900,901,-1,901,900,902,-1,901,902,903,-1,903,902,904,-1,903,904,905,-1,905,904,906,-1,905,906,907,-1,907,906,908,-1,907,908,909,-1,909,908,910,-1,909,910,911,-1,910,912,911,-1,911,912,913,-1,912,914,913,-1,913,914,915,-1,915,914,916,-1,916,914,917,-1,916,917,884,-1,884,917,882,-1,885,883,918,-1,918,883,919,-1,918,919,920,-1,920,919,921,-1,921,922,920,-1,920,922,923,-1,922,887,923,-1,923,887,886,-1,919,883,917,-1,917,883,882,-1,921,919,917,-1,906,904,887,-1,894,892,890,-1,917,914,921,-1,921,914,912,-1,921,912,922,-1,922,912,910,-1,922,910,887,-1,887,910,908,-1,887,908,906,-1,904,902,887,-1,887,902,900,-1,887,900,898,-1,898,896,887,-1,887,896,894,-1,887,894,888,-1,888,894,890,-1,924,925,926,-1,926,925,927,-1,928,929,930,-1,928,930,931,-1,931,930,932,-1,931,932,933,-1,933,932,934,-1,933,934,935,-1,935,934,936,-1,935,936,937,-1,937,936,938,-1,937,938,939,-1,939,938,940,-1,939,940,941,-1,941,940,942,-1,941,942,943,-1,943,942,944,-1,943,944,945,-1,945,944,946,-1,945,946,947,-1,947,946,948,-1,947,948,949,-1,949,948,950,-1,949,950,951,-1,951,950,952,-1,951,952,953,-1,952,954,953,-1,953,954,955,-1,954,956,955,-1,955,956,957,-1,957,956,958,-1,958,956,959,-1,958,959,926,-1,926,959,924,-1,927,925,960,-1,960,925,961,-1,960,961,962,-1,962,961,963,-1,963,964,962,-1,962,964,965,-1,964,929,965,-1,965,929,928,-1,961,925,959,-1,959,925,924,-1,930,929,940,-1,963,961,959,-1,948,946,929,-1,940,938,936,-1,959,956,963,-1,963,956,954,-1,963,954,964,-1,964,954,952,-1,964,952,929,-1,929,952,950,-1,929,950,948,-1,946,944,929,-1,929,944,942,-1,929,942,940,-1,936,934,940,-1,940,934,932,-1,940,932,930,-1,966,967,968,-1,968,967,969,-1,970,971,972,-1,970,972,973,-1,973,972,974,-1,973,974,975,-1,975,974,976,-1,975,976,977,-1,977,976,978,-1,977,978,979,-1,979,978,980,-1,979,980,981,-1,981,980,982,-1,981,982,983,-1,983,982,984,-1,983,984,985,-1,985,984,986,-1,985,986,987,-1,987,986,988,-1,987,988,989,-1,989,988,990,-1,989,990,991,-1,991,990,992,-1,991,992,993,-1,993,992,994,-1,993,994,995,-1,994,996,995,-1,995,996,997,-1,996,998,997,-1,997,998,999,-1,999,998,1000,-1,1000,998,1001,-1,1000,1001,968,-1,968,1001,966,-1,969,967,1002,-1,1002,967,1003,-1,1002,1003,1004,-1,1004,1003,1005,-1,1005,1006,1004,-1,1004,1006,1007,-1,1006,971,1007,-1,1007,971,970,-1,1003,967,1001,-1,1001,967,966,-1,1005,1003,1001,-1,1001,998,1005,-1,1005,998,996,-1,1005,996,1006,-1,1006,996,994,-1,1006,994,971,-1,976,974,994,-1,994,974,972,-1,994,972,971,-1,982,994,992,-1,982,980,994,-1,994,980,978,-1,994,978,976,-1,986,984,988,-1,988,984,982,-1,988,982,990,-1,990,982,992,-1,1008,1009,1010,-1,1010,1009,1011,-1,1012,1013,1014,-1,1012,1014,1015,-1,1015,1014,1016,-1,1015,1016,1017,-1,1017,1016,1018,-1,1017,1018,1019,-1,1019,1018,1020,-1,1019,1020,1021,-1,1021,1020,1022,-1,1021,1022,1023,-1,1023,1022,1024,-1,1023,1024,1025,-1,1025,1024,1026,-1,1025,1026,1027,-1,1027,1026,1028,-1,1027,1028,1029,-1,1029,1028,1030,-1,1029,1030,1031,-1,1031,1030,1032,-1,1031,1032,1033,-1,1033,1032,1034,-1,1033,1034,1035,-1,1035,1034,1036,-1,1035,1036,1037,-1,1036,1038,1037,-1,1037,1038,1039,-1,1038,1040,1039,-1,1039,1040,1041,-1,1041,1040,1042,-1,1042,1040,1043,-1,1042,1043,1010,-1,1010,1043,1008,-1,1011,1009,1044,-1,1044,1009,1045,-1,1044,1045,1046,-1,1046,1045,1047,-1,1047,1048,1046,-1,1046,1048,1049,-1,1048,1013,1049,-1,1049,1013,1012,-1,1045,1009,1043,-1,1043,1009,1008,-1,1047,1045,1043,-1,1043,1040,1047,-1,1047,1040,1038,-1,1047,1038,1048,-1,1048,1038,1036,-1,1048,1036,1013,-1,1013,1036,1034,-1,1034,1032,1013,-1,1013,1032,1030,-1,1013,1030,1014,-1,1014,1030,1016,-1,1022,1020,1024,-1,1024,1020,1018,-1,1024,1018,1026,-1,1016,1030,1018,-1,1018,1030,1028,-1,1018,1028,1026,-1,1050,1051,1052,-1,1052,1051,1053,-1,1054,1055,1056,-1,1054,1056,1057,-1,1057,1056,1058,-1,1057,1058,1059,-1,1059,1058,1060,-1,1059,1060,1061,-1,1061,1060,1062,-1,1061,1062,1063,-1,1063,1062,1064,-1,1063,1064,1065,-1,1065,1064,1066,-1,1065,1066,1067,-1,1067,1066,1068,-1,1067,1068,1069,-1,1069,1068,1070,-1,1069,1070,1071,-1,1071,1070,1072,-1,1071,1072,1073,-1,1073,1072,1074,-1,1073,1074,1075,-1,1075,1074,1076,-1,1075,1076,1077,-1,1077,1076,1078,-1,1077,1078,1079,-1,1078,1080,1079,-1,1079,1080,1081,-1,1080,1082,1081,-1,1081,1082,1083,-1,1083,1082,1084,-1,1084,1082,1085,-1,1084,1085,1052,-1,1052,1085,1050,-1,1053,1051,1086,-1,1086,1051,1087,-1,1086,1087,1088,-1,1088,1087,1089,-1,1089,1090,1088,-1,1088,1090,1091,-1,1090,1055,1091,-1,1091,1055,1054,-1,1087,1051,1085,-1,1085,1051,1050,-1,1056,1055,1066,-1,1089,1087,1085,-1,1074,1072,1055,-1,1066,1064,1062,-1,1085,1082,1089,-1,1089,1082,1080,-1,1089,1080,1090,-1,1090,1080,1078,-1,1090,1078,1055,-1,1055,1078,1076,-1,1055,1076,1074,-1,1072,1070,1055,-1,1055,1070,1068,-1,1055,1068,1066,-1,1062,1060,1066,-1,1066,1060,1058,-1,1066,1058,1056,-1,1092,1093,1094,-1,1094,1093,1095,-1,1096,1097,1098,-1,1096,1098,1099,-1,1099,1098,1100,-1,1099,1100,1101,-1,1101,1100,1102,-1,1101,1102,1103,-1,1103,1102,1104,-1,1103,1104,1105,-1,1105,1104,1106,-1,1105,1106,1107,-1,1107,1106,1108,-1,1107,1108,1109,-1,1109,1108,1110,-1,1109,1110,1111,-1,1111,1110,1112,-1,1111,1112,1113,-1,1113,1112,1114,-1,1113,1114,1115,-1,1115,1114,1116,-1,1115,1116,1117,-1,1117,1116,1118,-1,1117,1118,1119,-1,1119,1118,1120,-1,1119,1120,1121,-1,1120,1122,1121,-1,1121,1122,1123,-1,1122,1124,1123,-1,1123,1124,1125,-1,1125,1124,1126,-1,1126,1124,1127,-1,1126,1127,1094,-1,1094,1127,1092,-1,1095,1093,1128,-1,1128,1093,1129,-1,1128,1129,1130,-1,1130,1129,1131,-1,1131,1132,1130,-1,1130,1132,1133,-1,1132,1097,1133,-1,1133,1097,1096,-1,1129,1093,1127,-1,1127,1093,1092,-1,1131,1129,1127,-1,1116,1114,1097,-1,1102,1108,1104,-1,1104,1108,1106,-1,1127,1124,1131,-1,1131,1124,1122,-1,1131,1122,1132,-1,1132,1122,1120,-1,1132,1120,1097,-1,1097,1120,1118,-1,1097,1118,1116,-1,1114,1112,1097,-1,1097,1112,1110,-1,1097,1110,1108,-1,1102,1100,1108,-1,1108,1100,1098,-1,1108,1098,1097,-1,1134,1135,1136,-1,1136,1135,1137,-1,1138,1139,1140,-1,1138,1140,1141,-1,1141,1140,1142,-1,1141,1142,1143,-1,1143,1142,1144,-1,1143,1144,1145,-1,1145,1144,1146,-1,1145,1146,1147,-1,1147,1146,1148,-1,1147,1148,1149,-1,1149,1148,1150,-1,1149,1150,1151,-1,1151,1150,1152,-1,1151,1152,1153,-1,1153,1152,1154,-1,1153,1154,1155,-1,1155,1154,1156,-1,1155,1156,1157,-1,1157,1156,1158,-1,1157,1158,1159,-1,1159,1158,1160,-1,1159,1160,1161,-1,1161,1160,1162,-1,1161,1162,1163,-1,1162,1164,1163,-1,1163,1164,1165,-1,1164,1166,1165,-1,1165,1166,1167,-1,1167,1166,1168,-1,1168,1166,1169,-1,1168,1169,1136,-1,1136,1169,1134,-1,1137,1135,1170,-1,1170,1135,1171,-1,1170,1171,1172,-1,1172,1171,1173,-1,1173,1174,1172,-1,1172,1174,1175,-1,1174,1139,1175,-1,1175,1139,1138,-1,1171,1135,1169,-1,1169,1135,1134,-1,1173,1171,1169,-1,1169,1166,1173,-1,1173,1166,1164,-1,1173,1164,1174,-1,1174,1164,1162,-1,1174,1162,1139,-1,1139,1162,1160,-1,1160,1158,1139,-1,1139,1158,1156,-1,1139,1156,1140,-1,1140,1156,1142,-1,1148,1146,1150,-1,1150,1146,1144,-1,1150,1144,1152,-1,1142,1156,1144,-1,1144,1156,1154,-1,1144,1154,1152,-1,1176,1177,1178,-1,1178,1177,1179,-1,1179,1177,1180,-1,1179,1180,1181,-1,1181,1180,1182,-1,1181,1182,1183,-1,1183,1182,1184,-1,1183,1184,1185,-1,1185,1184,1186,-1,1185,1186,1187,-1,1187,1186,1188,-1,1187,1188,1189,-1,1189,1188,1190,-1,1189,1190,1191,-1,1192,1191,1193,-1,1193,1191,1190,-1,1192,1193,1194,-1,1192,1194,1195,-1,1195,1194,1196,-1,1195,1196,1197,-1,1197,1196,1198,-1,1197,1198,1199,-1,1199,1198,1200,-1,1199,1200,1201,-1,1201,1200,1202,-1,1201,1202,1203,-1,1203,1202,1204,-1,1203,1204,1205,-1,1206,1205,1207,-1,1207,1205,1204,-1,1206,1207,1208,-1,1206,1208,1209,-1,1209,1208,1210,-1,1209,1210,1211,-1,1211,1210,1212,-1,1211,1212,1213,-1,1213,1212,1214,-1,1213,1214,1215,-1,1215,1214,1216,-1,1215,1216,1217,-1,1217,1216,1218,-1,1217,1218,1219,-1,1220,1219,1221,-1,1221,1219,1218,-1,1206,1178,1205,-1,1205,1178,1179,-1,1209,1211,1206,-1,1206,1211,1213,-1,1206,1213,1215,-1,1220,1178,1219,-1,1219,1178,1206,-1,1219,1206,1217,-1,1217,1206,1215,-1,1187,1179,1185,-1,1185,1179,1181,-1,1185,1181,1183,-1,1195,1197,1192,-1,1192,1197,1199,-1,1192,1199,1201,-1,1201,1203,1192,-1,1192,1203,1205,-1,1192,1205,1191,-1,1191,1205,1179,-1,1191,1179,1189,-1,1189,1179,1187,-1,
        ]
    }
}
Shape{
    appearance Appearance {
        material  Material 	{
            diffuseColor 1.0 1.0 1.0
            specularColor 0.5019607843137255 0.5019607843137255 0.5019607843137255
            ambientIntensity 1.0
            transparency 0.0
            shininess 0.5
        }
    }
    geometry IndexedFaceSet {
        ccw TRUE
        solid FALSE
        coord DEF co Coordinate {
            point [
                -0.516 -0.5869 0.3071, -0.516 -0.5911 0.3071, -0.516 -0.5869 0.3031, -0.516 -0.5911 0.3031, -0.5308 -0.5869 0.3071, -0.5235 -0.5869 0.3031, -0.5308 -0.5869 0.3031, -0.5308 -0.5541 0.3071, -0.5308 -0.5541 0.3031, -0.5356 -0.5541 0.3071, -0.5356 -0.5541 0.3031, -0.5356 -0.5911 0.3071, -0.5356 -0.5911 0.3031, -0.5235 -0.5911 0.3031, -0.497 -0.5917 0.3071, -0.497 -0.5917 0.3031, -0.4914 -0.5912 0.3071, -0.4937 -0.5914 0.3031, -0.4914 -0.5912 0.3031, -0.4874 -0.5899 0.3031, -0.4874 -0.5899 0.3071, -0.4867 -0.5896 0.3031, -0.4867 -0.5896 0.3071, -0.4867 -0.585 0.3071, -0.4867 -0.585 0.3031, -0.4904 -0.5866 0.3031, -0.4904 -0.5866 0.3071, -0.4946 -0.5874 0.3031, -0.4946 -0.5874 0.3071, -0.4963 -0.5875 0.3031, -0.4963 -0.5875 0.3071, -0.4996 -0.5871 0.3031, -0.4996 -0.5871 0.3071, -0.5023 -0.5862 0.3031, -0.5023 -0.5862 0.3071, -0.5048 -0.5846 0.3031, -0.5048 -0.5846 0.3071, -0.5058 -0.5836 0.3031, -0.5058 -0.5836 0.3071, -0.5075 -0.5813 0.3031, -0.5075 -0.5813 0.3071, -0.5088 -0.5783 0.3031, -0.5088 -0.5783 0.3071, -0.5094 -0.5747 0.3031, -0.5094 -0.5747 0.3071, -0.5095 -0.573 0.3031, -0.5095 -0.573 0.3071, -0.5089 -0.5679 0.3031, -0.5089 -0.5679 0.3071, -0.5076 -0.5647 0.3031, -0.5076 -0.5647 0.3071, -0.5058 -0.5621 0.3031, -0.5058 -0.5621 0.3071, -0.5056 -0.5619 0.3031, -0.5056 -0.5619 0.3071, -0.5033 -0.5599 0.3031, -0.5033 -0.5599 0.3071, -0.5004 -0.5585 0.3031, -0.5004 -0.5585 0.3071, -0.4972 -0.5578 0.3031, -0.4972 -0.5578 0.3071, -0.4955 -0.5577 0.3031, -0.4955 -0.5577 0.3071, -0.4909 -0.5583 0.3031, -0.4909 -0.5583 0.3071, -0.4872 -0.5597 0.3031, -0.4872 -0.5597 0.3071, -0.4867 -0.5599 0.3031, -0.4867 -0.5599 0.3071, -0.4867 -0.5549 0.3071, -0.4867 -0.5549 0.3031, -0.4955 -0.5534 0.3031, -0.4955 -0.5534 0.3071, -0.4915 -0.5537 0.3031, -0.4907 -0.5538 0.3071, -0.4907 -0.5538 0.3031, -0.4981 -0.5537 0.3031, -0.5009 -0.5541 0.3071, -0.5009 -0.5541 0.3031, -0.5048 -0.5556 0.3031, -0.5048 -0.5556 0.3071, -0.5082 -0.558 0.3031, -0.5082 -0.558 0.3071, -0.5091 -0.5589 0.3031, -0.5091 -0.5589 0.3071, -0.5118 -0.5624 0.3031, -0.5118 -0.5624 0.3071, -0.5128 -0.5648 0.3031, -0.5136 -0.5665 0.3071, -0.5136 -0.5665 0.3031, -0.5144 -0.5714 0.3031, -0.5144 -0.5714 0.3071, -0.5145 -0.5733 0.3031, -0.5145 -0.5733 0.3071, -0.5138 -0.5793 0.3031, -0.5138 -0.5793 0.3071, -0.5128 -0.5817 0.3031, -0.5123 -0.5832 0.3071, -0.5123 -0.5832 0.3031, -0.5101 -0.5863 0.3031, -0.5101 -0.5863 0.3071, -0.5097 -0.5867 0.3031, -0.5097 -0.5867 0.3071, -0.4992 -0.5916 0.3071, -0.5068 -0.5892 0.3031, -0.5068 -0.5892 0.3071, -0.5033 -0.5908 0.3031, -0.5033 -0.5908 0.3071, -0.5003 -0.5914 0.3031, -0.4992 -0.5916 0.3031, -0.4594 -0.5869 0.3071, -0.4594 -0.5911 0.3071, -0.4594 -0.5869 0.3031, -0.4594 -0.5911 0.3031, -0.4745 -0.5869 0.3031, -0.4745 -0.5869 0.3071, -0.4645 -0.5869 0.3031, -0.4745 -0.5744 0.3071, -0.4745 -0.5744 0.3031, -0.4613 -0.5744 0.3071, -0.4645 -0.5744 0.3031, -0.4613 -0.5744 0.3031, -0.4613 -0.5702 0.3071, -0.4613 -0.5702 0.3031, -0.4745 -0.5702 0.3031, -0.4745 -0.5702 0.3071, -0.4645 -0.5702 0.3031, -0.4745 -0.5583 0.3071, -0.4745 -0.5583 0.3031, -0.4602 -0.5583 0.3071, -0.4645 -0.5583 0.3031, -0.4602 -0.5583 0.3031, -0.4602 -0.5541 0.3071, -0.4602 -0.5541 0.3031, -0.4793 -0.5541 0.3031, -0.4793 -0.5541 0.3071, -0.4645 -0.5541 0.3031, -0.4793 -0.5911 0.3071, -0.4793 -0.5911 0.3031, -0.4645 -0.5911 0.3031, -0.4278 -0.5859 0.3071, -0.4316 -0.5834 0.3071, -0.4317 -0.5887 0.3071, -0.434 -0.5851 0.3071, -0.4359 -0.5904 0.3071, -0.4371 -0.5863 0.3071, -0.4422 -0.5911 0.3071, -0.4422 -0.5869 0.3071, -0.4524 -0.5911 0.3071, -0.4476 -0.5869 0.3071, -0.4524 -0.5541 0.3071, -0.4476 -0.5583 0.3071, -0.4418 -0.5541 0.3071, -0.442 -0.5583 0.3071, -0.4416 -0.5583 0.3071, -0.4362 -0.5547 0.3071, -0.4369 -0.5589 0.3071, -0.4317 -0.5563 0.3071, -0.4337 -0.5601 0.3071, -0.4278 -0.559 0.3071, -0.4313 -0.5618 0.3071, -0.4265 -0.5602 0.3071, -0.4303 -0.5628 0.3071, -0.4242 -0.5635 0.3071, -0.4288 -0.5649 0.3071, -0.4228 -0.567 0.3071, -0.4278 -0.5676 0.3071, -0.4222 -0.5721 0.3071, -0.4272 -0.5722 0.3071, -0.4223 -0.5745 0.3071, -0.4274 -0.5748 0.3071, -0.4232 -0.5788 0.3071, -0.4281 -0.5781 0.3071, -0.425 -0.5826 0.3071, -0.4294 -0.5809 0.3071, -0.4312 -0.583 0.3071, -0.4422 -0.5911 0.3031, -0.4524 -0.5911 0.3031, -0.4278 -0.5859 0.3031, -0.4359 -0.5904 0.3031, -0.4354 -0.5902 0.3031, -0.4317 -0.5887 0.3031, -0.425 -0.5826 0.3031, -0.4232 -0.5788 0.3031, -0.4223 -0.5745 0.3031, -0.4222 -0.5721 0.3031, -0.4228 -0.567 0.3031, -0.4242 -0.5635 0.3031, -0.4265 -0.5602 0.3031, -0.4278 -0.559 0.3031, -0.4418 -0.5541 0.3031, -0.4317 -0.5563 0.3031, -0.4354 -0.5549 0.3031, -0.4362 -0.5547 0.3031, -0.4524 -0.5541 0.3031, -0.442 -0.5583 0.3031, -0.4476 -0.5583 0.3031, -0.4476 -0.5869 0.3031, -0.4422 -0.5869 0.3031, -0.4312 -0.583 0.3031, -0.4316 -0.5834 0.3031, -0.434 -0.5851 0.3031, -0.4371 -0.5863 0.3031, -0.4272 -0.5722 0.3031, -0.4274 -0.5748 0.3031, -0.4281 -0.5781 0.3031, -0.4294 -0.5809 0.3031, -0.4313 -0.5618 0.3031, -0.4303 -0.5628 0.3031, -0.4288 -0.5649 0.3031, -0.4278 -0.5676 0.3031, -0.4416 -0.5583 0.3031, -0.4369 -0.5589 0.3031, -0.4337 -0.5601 0.3031
            ]
        }
        coordIndex [
            0,1,2,-1,2,1,3,-1,0,2,4,-1,4,2,5,-1,4,5,6,-1,7,4,8,-1,8,4,6,-1,9,7,10,-1,10,7,8,-1,11,9,12,-1,12,9,10,-1,11,12,1,-1,1,12,13,-1,1,13,3,-1,7,9,4,-1,4,9,11,-1,4,11,0,-1,0,11,1,-1,14,15,16,-1,16,15,17,-1,17,18,16,-1,16,18,19,-1,16,19,20,-1,20,19,21,-1,20,21,22,-1,23,22,24,-1,24,22,21,-1,23,24,25,-1,23,25,26,-1,26,25,27,-1,26,27,28,-1,28,27,29,-1,28,29,30,-1,30,29,31,-1,30,31,32,-1,32,31,33,-1,32,33,34,-1,34,33,35,-1,34,35,36,-1,36,35,37,-1,36,37,38,-1,38,37,39,-1,38,39,40,-1,40,39,41,-1,40,41,42,-1,42,41,43,-1,42,43,44,-1,44,43,45,-1,44,45,46,-1,46,45,47,-1,46,47,48,-1,48,47,49,-1,48,49,50,-1,50,49,51,-1,50,51,52,-1,52,51,53,-1,52,53,54,-1,54,53,55,-1,54,55,56,-1,56,55,57,-1,56,57,58,-1,58,57,59,-1,58,59,60,-1,60,59,61,-1,60,61,62,-1,62,61,63,-1,62,63,64,-1,64,63,65,-1,64,65,66,-1,66,65,67,-1,66,67,68,-1,69,68,70,-1,70,68,67,-1,71,72,73,-1,73,72,74,-1,73,74,75,-1,75,74,69,-1,75,69,70,-1,72,71,76,-1,72,76,77,-1,76,78,77,-1,77,78,79,-1,77,79,80,-1,80,79,81,-1,80,81,82,-1,82,81,83,-1,82,83,84,-1,84,83,85,-1,84,85,86,-1,86,85,87,-1,86,87,88,-1,87,89,88,-1,88,89,90,-1,88,90,91,-1,91,90,92,-1,91,92,93,-1,93,92,94,-1,93,94,95,-1,95,94,96,-1,95,96,97,-1,96,98,97,-1,97,98,99,-1,97,99,100,-1,100,99,101,-1,100,101,102,-1,15,14,103,-1,102,101,104,-1,102,104,105,-1,105,104,106,-1,105,106,107,-1,107,106,108,-1,107,108,103,-1,103,108,109,-1,103,109,15,-1,56,58,77,-1,48,50,86,-1,86,50,84,-1,77,58,72,-1,93,46,91,-1,91,46,48,-1,91,48,88,-1,88,48,86,-1,58,60,72,-1,72,60,62,-1,72,62,74,-1,74,62,64,-1,74,64,69,-1,69,64,66,-1,69,66,68,-1,22,23,20,-1,20,23,26,-1,20,26,16,-1,16,26,28,-1,16,28,14,-1,14,28,30,-1,14,30,103,-1,103,30,32,-1,103,32,107,-1,107,32,34,-1,107,34,105,-1,105,34,36,-1,105,36,102,-1,102,36,38,-1,102,38,100,-1,100,38,40,-1,100,40,97,-1,97,40,95,-1,95,40,42,-1,95,42,93,-1,93,42,44,-1,93,44,46,-1,50,52,84,-1,84,52,54,-1,84,54,82,-1,82,54,56,-1,82,56,80,-1,80,56,77,-1,110,111,112,-1,112,111,113,-1,114,115,116,-1,116,115,110,-1,116,110,112,-1,117,115,118,-1,118,115,114,-1,117,118,119,-1,119,118,120,-1,119,120,121,-1,122,119,123,-1,123,119,121,-1,124,125,126,-1,126,125,122,-1,126,122,123,-1,127,125,128,-1,128,125,124,-1,127,128,129,-1,129,128,130,-1,129,130,131,-1,132,129,133,-1,133,129,131,-1,134,135,136,-1,136,135,132,-1,136,132,133,-1,137,135,138,-1,138,135,134,-1,137,138,111,-1,111,138,139,-1,111,139,113,-1,137,111,110,-1,110,115,137,-1,137,115,117,-1,137,117,135,-1,129,132,127,-1,127,132,135,-1,127,135,125,-1,125,135,117,-1,125,117,122,-1,122,117,119,-1,140,141,142,-1,142,141,143,-1,142,143,144,-1,144,143,145,-1,144,145,146,-1,146,145,147,-1,146,147,148,-1,148,147,149,-1,148,149,150,-1,150,149,151,-1,150,151,152,-1,151,153,152,-1,152,153,154,-1,152,154,155,-1,155,154,156,-1,155,156,157,-1,157,156,158,-1,157,158,159,-1,159,158,160,-1,159,160,161,-1,161,160,162,-1,161,162,163,-1,163,162,164,-1,163,164,165,-1,165,164,166,-1,165,166,167,-1,167,166,168,-1,167,168,169,-1,169,168,170,-1,169,170,171,-1,171,170,172,-1,171,172,173,-1,173,172,174,-1,173,174,140,-1,140,174,175,-1,140,175,141,-1,146,148,176,-1,176,148,177,-1,178,140,142,-1,146,176,179,-1,146,179,144,-1,144,179,180,-1,144,180,142,-1,142,180,181,-1,142,181,178,-1,140,178,182,-1,140,182,173,-1,173,182,183,-1,173,183,171,-1,171,183,184,-1,171,184,169,-1,169,184,185,-1,169,185,167,-1,167,185,186,-1,167,186,165,-1,165,186,187,-1,165,187,163,-1,163,187,188,-1,163,188,161,-1,161,188,189,-1,161,189,159,-1,190,152,155,-1,159,189,191,-1,159,191,157,-1,157,191,192,-1,157,192,155,-1,155,192,193,-1,155,193,190,-1,150,152,194,-1,194,152,190,-1,148,150,177,-1,177,150,194,-1,153,151,195,-1,195,151,196,-1,151,149,196,-1,196,149,197,-1,149,147,197,-1,197,147,198,-1,175,199,200,-1,175,200,141,-1,141,200,201,-1,141,201,143,-1,143,201,202,-1,143,202,145,-1,145,202,198,-1,145,198,147,-1,168,203,204,-1,168,204,170,-1,170,204,205,-1,170,205,172,-1,172,205,206,-1,172,206,174,-1,174,206,199,-1,174,199,175,-1,160,207,208,-1,160,208,162,-1,162,208,209,-1,162,209,164,-1,164,209,210,-1,164,210,166,-1,166,210,203,-1,166,203,168,-1,153,195,211,-1,153,211,154,-1,154,211,212,-1,154,212,156,-1,156,212,213,-1,156,213,158,-1,158,213,207,-1,158,207,160,-1,
        ]
    }
}
Shape{
    appearance Appearance {
        material  Material 	{
            diffuseColor 0.25098039215686274 0.25098039215686274 0.25098039215686274
            specularColor 0.12549019607843137 0.12549019607843137 0.12549019607843137
            ambientIntensity 0.251
            transparency 0.0
            shininess 0.5
        }
    }
    geometry IndexedFaceSet {
        ccw TRUE
        solid FALSE
        coord DEF co Coordinate {
            point [
                -0.434 -0.5851 0.3031, -0.4316 -0.5834 0.3031, -0.4416 -0.5583 0.3031, -0.4476 -0.5583 0.3031, -0.4476 -0.5869 0.3031, -0.442 -0.5583 0.3031, -0.4422 -0.5869 0.3031, -0.4371 -0.5863 0.3031, -0.4312 -0.583 0.3031, -0.4294 -0.5809 0.3031, -0.4281 -0.5781 0.3031, -0.4272 -0.5722 0.3031, -0.4313 -0.5618 0.3031, -0.4337 -0.5601 0.3031, -0.4278 -0.5676 0.3031, -0.4288 -0.5649 0.3031, -0.4303 -0.5628 0.3031, -0.4274 -0.5748 0.3031, -0.4369 -0.5589 0.3031
            ]
        }
        coordIndex [
            0,1,2,-1,3,4,5,-1,5,4,6,-1,5,6,2,-1,2,6,7,-1,2,7,0,-1,1,8,2,-1,2,8,9,-1,2,9,10,-1,11,12,13,-1,14,15,11,-1,11,15,16,-1,11,16,12,-1,10,17,2,-1,2,17,11,-1,2,11,18,-1,18,11,13,-1,
        ]
    }
}
Shape{
    appearance Appearance {
        material  Material 	{
            diffuseColor 1.0 1.0 1.0
            specularColor 0.5019607843137255 0.5019607843137255 0.5019607843137255
            ambientIntensity 1.0
            transparency 0.0
            shininess 0.5
        }
    }
    geometry IndexedFaceSet {
        ccw TRUE
        solid FALSE
        coord DEF co Coordinate {
            point [
                -0.4098 -0.5768 0.3071, -0.4113 -0.581 0.3071, -0.3973 -0.5768 0.3071, -0.3959 -0.581 0.3071, -0.4042 -0.5614 0.3071, -0.406 -0.5541 0.3071, -0.4201 -0.5911 0.3071, -0.4149 -0.5911 0.3071, -0.4039 -0.5603 0.3071, -0.4036 -0.5588 0.3071, -0.4009 -0.5541 0.3071, -0.4035 -0.5588 0.3071, -0.4032 -0.5604 0.3071, -0.4029 -0.5614 0.3071, -0.3868 -0.5911 0.3071, -0.3921 -0.5911 0.3071, -0.4009 -0.5541 0.3031, -0.3868 -0.5911 0.3031, -0.406 -0.5541 0.3031, -0.4201 -0.5911 0.3031, -0.4095 -0.5631 0.3031, -0.4149 -0.5911 0.3031, -0.4113 -0.581 0.3031, -0.3959 -0.581 0.3031, -0.4095 -0.581 0.3031, -0.3921 -0.5911 0.3031, -0.4098 -0.5768 0.3031, -0.3973 -0.5768 0.3031, -0.4029 -0.5614 0.3031, -0.4035 -0.5588 0.3031, -0.4032 -0.5604 0.3031, -0.4036 -0.5588 0.3031, -0.4042 -0.5614 0.3031, -0.4039 -0.5603 0.3031
            ]
        }
        coordIndex [
            0,1,2,-1,2,1,3,-1,4,5,0,-1,0,5,6,-1,0,6,1,-1,1,6,7,-1,4,8,5,-1,5,8,9,-1,5,9,10,-1,10,9,11,-1,10,11,12,-1,12,13,10,-1,10,13,2,-1,10,2,14,-1,14,2,3,-1,14,3,15,-1,10,14,16,-1,16,14,17,-1,5,10,18,-1,18,10,16,-1,19,6,20,-1,20,6,5,-1,20,5,18,-1,7,6,21,-1,21,6,19,-1,1,7,22,-1,22,7,21,-1,23,3,24,-1,24,3,1,-1,24,1,22,-1,15,3,25,-1,25,3,23,-1,14,15,17,-1,17,15,25,-1,0,2,26,-1,26,2,27,-1,2,13,27,-1,27,13,28,-1,11,29,30,-1,11,30,12,-1,12,30,28,-1,12,28,13,-1,11,9,29,-1,29,9,31,-1,4,32,33,-1,4,33,8,-1,8,33,31,-1,8,31,9,-1,4,0,32,-1,32,0,26,-1,
        ]
    }
}
Shape{
    appearance Appearance {
        material  Material 	{
            diffuseColor 0.25098039215686274 0.25098039215686274 0.25098039215686274
            specularColor 0.12549019607843137 0.12549019607843137 0.12549019607843137
            ambientIntensity 0.251
            transparency 0.0
            shininess 0.5
        }
    }
    geometry IndexedFaceSet {
        ccw TRUE
        solid FALSE
        coord DEF co Coordinate {
            point [
                -0.4035 -0.5588 0.3031, -0.4036 -0.5588 0.3031, -0.4032 -0.5604 0.3031, -0.4039 -0.5603 0.3031, -0.4029 -0.5614 0.3031, -0.4042 -0.5614 0.3031, -0.3973 -0.5768 0.3031, -0.4098 -0.5768 0.3031
            ]
        }
        coordIndex [
            0,1,2,-1,2,1,3,-1,2,3,4,-1,4,3,5,-1,4,5,6,-1,6,5,7,-1,
        ]
    }
}
Shape{
    appearance Appearance {
        material  Material 	{
            diffuseColor 1.0 1.0 1.0
            specularColor 0.5019607843137255 0.5019607843137255 0.5019607843137255
            ambientIntensity 1.0
            transparency 0.0
            shininess 0.5
        }
    }
    geometry IndexedFaceSet {
        ccw TRUE
        solid FALSE
        coord DEF co Coordinate {
            point [
                -0.5156 -0.6457 0.3071, -0.5156 -0.6499 0.3071, -0.5156 -0.6457 0.3031, -0.5156 -0.6499 0.3031, -0.5308 -0.6457 0.3071, -0.5235 -0.6457 0.3031, -0.5308 -0.6457 0.3031, -0.5308 -0.6332 0.3071, -0.5308 -0.6332 0.3031, -0.5175 -0.6332 0.3071, -0.5235 -0.6332 0.3031, -0.5175 -0.6332 0.3031, -0.5175 -0.629 0.3071, -0.5175 -0.629 0.3031, -0.5308 -0.629 0.3031, -0.5308 -0.629 0.3071, -0.5235 -0.629 0.3031, -0.5308 -0.6171 0.3071, -0.5308 -0.6171 0.3031, -0.5165 -0.6171 0.3071, -0.5235 -0.6171 0.3031, -0.5165 -0.6171 0.3031, -0.5165 -0.6129 0.3071, -0.5165 -0.6129 0.3031, -0.5356 -0.6129 0.3031, -0.5356 -0.6129 0.3071, -0.5235 -0.6129 0.3031, -0.5356 -0.6499 0.3071, -0.5356 -0.6499 0.3031, -0.5235 -0.6499 0.3031, -0.4946 -0.6499 0.3071, -0.4899 -0.6499 0.3071, -0.4946 -0.6458 0.3071, -0.4899 -0.6329 0.3071, -0.5007 -0.6375 0.3071, -0.4946 -0.6366 0.3071, -0.4946 -0.6392 0.3071, -0.4947 -0.6458 0.3071, -0.4971 -0.6452 0.3071, -0.4959 -0.6476 0.3071, -0.4984 -0.646 0.3071, -0.5078 -0.636 0.3071, -0.5092 -0.6372 0.3071, -0.5058 -0.6398 0.3071, -0.4946 -0.6395 0.3071, -0.4949 -0.6416 0.3071, -0.4955 -0.6432 0.3071, -0.4965 -0.6446 0.3071, -0.5086 -0.6253 0.3071, -0.5086 -0.6298 0.3071, -0.5076 -0.6247 0.3071, -0.5059 -0.628 0.3071, -0.5042 -0.6234 0.3071, -0.503 -0.627 0.3071, -0.4995 -0.6228 0.3071, -0.4999 -0.6266 0.3071, -0.4966 -0.6231 0.3071, -0.4983 -0.6268 0.3071, -0.4947 -0.6237 0.3071, -0.4973 -0.6272 0.3071, -0.4931 -0.6246 0.3071, -0.4964 -0.6277 0.3071, -0.4919 -0.6258 0.3071, -0.4957 -0.6284 0.3071, -0.491 -0.6273 0.3071, -0.4952 -0.6294 0.3071, -0.4902 -0.6295 0.3071, -0.4947 -0.631 0.3071, -0.4946 -0.6331 0.3071, -0.5062 -0.6407 0.3071, -0.5102 -0.6386 0.3071, -0.5064 -0.6417 0.3071, -0.5024 -0.6342 0.3071, -0.5047 -0.6387 0.3071, -0.5036 -0.6381 0.3071, -0.5055 -0.6452 0.3071, -0.5089 -0.6485 0.3071, -0.5051 -0.6455 0.3071, -0.5073 -0.6496 0.3071, -0.5042 -0.6462 0.3071, -0.5056 -0.6502 0.3071, -0.5032 -0.6466 0.3071, -0.5028 -0.6506 0.3071, -0.5016 -0.6467 0.3071, -0.5001 -0.6502 0.3071, -0.4998 -0.6465 0.3071, -0.4983 -0.6495 0.3071, -0.4974 -0.649 0.3071, -0.5052 -0.6391 0.3071, -0.5058 -0.635 0.3071, -0.5108 -0.6402 0.3071, -0.5112 -0.6422 0.3071, -0.5065 -0.6425 0.3071, -0.5112 -0.6428 0.3071, -0.5064 -0.6435 0.3071, -0.511 -0.645 0.3071, -0.506 -0.6444 0.3071, -0.5104 -0.6465 0.3071, -0.5094 -0.6479 0.3071, -0.4995 -0.6228 0.3031, -0.5042 -0.6234 0.3031, -0.5076 -0.6247 0.3031, -0.5086 -0.6253 0.3031, -0.5086 -0.6298 0.3031, -0.5059 -0.628 0.3031, -0.503 -0.627 0.3031, -0.4999 -0.6266 0.3031, -0.4983 -0.6268 0.3031, -0.4973 -0.6272 0.3031, -0.4964 -0.6277 0.3031, -0.4957 -0.6284 0.3031, -0.4952 -0.6294 0.3031, -0.4947 -0.631 0.3031, -0.4946 -0.6331 0.3031, -0.5024 -0.6342 0.3031, -0.5058 -0.635 0.3031, -0.5078 -0.636 0.3031, -0.5092 -0.6372 0.3031, -0.5102 -0.6386 0.3031, -0.5108 -0.6402 0.3031, -0.5112 -0.6422 0.3031, -0.5112 -0.6428 0.3031, -0.511 -0.645 0.3031, -0.5104 -0.6465 0.3031, -0.5094 -0.6479 0.3031, -0.5089 -0.6485 0.3031, -0.5028 -0.6506 0.3031, -0.5055 -0.6502 0.3031, -0.5056 -0.6502 0.3031, -0.5073 -0.6496 0.3031, -0.5003 -0.6502 0.3031, -0.5001 -0.6502 0.3031, -0.4983 -0.6495 0.3031, -0.4974 -0.649 0.3031, -0.4959 -0.6476 0.3031, -0.4947 -0.6458 0.3031, -0.4946 -0.6458 0.3031, -0.4946 -0.6499 0.3031, -0.4899 -0.6499 0.3031, -0.4899 -0.6329 0.3031, -0.4902 -0.6295 0.3031, -0.491 -0.6273 0.3031, -0.4919 -0.6258 0.3031, -0.4931 -0.6246 0.3031, -0.4947 -0.6237 0.3031, -0.4966 -0.6231 0.3031, -0.5052 -0.6391 0.3031, -0.5047 -0.6387 0.3031, -0.5036 -0.6381 0.3031, -0.5007 -0.6375 0.3031, -0.5065 -0.6425 0.3031, -0.5064 -0.6417 0.3031, -0.5062 -0.6407 0.3031, -0.5058 -0.6398 0.3031, -0.5051 -0.6455 0.3031, -0.5055 -0.6452 0.3031, -0.506 -0.6444 0.3031, -0.5064 -0.6435 0.3031, -0.5016 -0.6467 0.3031, -0.5032 -0.6466 0.3031, -0.5042 -0.6462 0.3031, -0.4965 -0.6446 0.3031, -0.4971 -0.6452 0.3031, -0.4984 -0.646 0.3031, -0.4998 -0.6465 0.3031, -0.4946 -0.6392 0.3031, -0.4946 -0.6395 0.3031, -0.4949 -0.6416 0.3031, -0.4955 -0.6432 0.3031, -0.4946 -0.6366 0.3031
            ]
        }
        coordIndex [
            0,1,2,-1,2,1,3,-1,0,2,4,-1,4,2,5,-1,4,5,6,-1,7,4,8,-1,8,4,6,-1,7,8,9,-1,9,8,10,-1,9,10,11,-1,12,9,13,-1,13,9,11,-1,14,15,16,-1,16,15,12,-1,16,12,13,-1,17,15,18,-1,18,15,14,-1,17,18,19,-1,19,18,20,-1,19,20,21,-1,22,19,23,-1,23,19,21,-1,24,25,26,-1,26,25,22,-1,26,22,23,-1,27,25,28,-1,28,25,24,-1,27,28,1,-1,1,28,29,-1,1,29,3,-1,27,1,0,-1,0,4,27,-1,27,4,7,-1,27,7,25,-1,19,22,17,-1,17,22,25,-1,17,25,15,-1,15,25,7,-1,15,7,12,-1,12,7,9,-1,30,31,32,-1,32,31,33,-1,34,35,33,-1,33,35,36,-1,37,38,39,-1,39,38,40,-1,41,42,43,-1,36,44,33,-1,33,44,45,-1,33,45,32,-1,32,45,46,-1,32,46,37,-1,37,46,47,-1,37,47,38,-1,48,49,50,-1,50,49,51,-1,50,51,52,-1,52,51,53,-1,52,53,54,-1,54,53,55,-1,54,55,56,-1,56,55,57,-1,56,57,58,-1,58,57,59,-1,58,59,60,-1,60,59,61,-1,60,61,62,-1,62,61,63,-1,62,63,64,-1,64,63,65,-1,64,65,66,-1,66,65,67,-1,66,67,33,-1,33,67,68,-1,33,68,34,-1,43,42,69,-1,69,42,70,-1,69,70,71,-1,72,73,68,-1,68,73,74,-1,68,74,34,-1,75,76,77,-1,77,76,78,-1,77,78,79,-1,79,78,80,-1,79,80,81,-1,81,80,82,-1,81,82,83,-1,83,82,84,-1,83,84,85,-1,85,84,86,-1,85,86,40,-1,40,86,87,-1,40,87,39,-1,43,88,41,-1,41,88,73,-1,41,73,89,-1,89,73,72,-1,70,90,71,-1,71,90,91,-1,71,91,92,-1,92,91,93,-1,92,93,94,-1,94,93,95,-1,94,95,96,-1,96,95,97,-1,96,97,75,-1,75,97,98,-1,75,98,76,-1,54,99,100,-1,54,100,52,-1,52,100,101,-1,52,101,50,-1,50,101,102,-1,50,102,48,-1,49,48,103,-1,103,48,102,-1,49,103,104,-1,49,104,51,-1,51,104,105,-1,51,105,53,-1,53,105,106,-1,53,106,55,-1,55,106,107,-1,55,107,57,-1,57,107,108,-1,57,108,59,-1,59,108,109,-1,59,109,61,-1,61,109,110,-1,61,110,63,-1,63,110,111,-1,63,111,65,-1,65,111,112,-1,65,112,67,-1,67,112,113,-1,67,113,68,-1,72,68,114,-1,114,68,113,-1,72,114,115,-1,72,115,89,-1,89,115,116,-1,89,116,41,-1,41,116,117,-1,41,117,42,-1,42,117,118,-1,42,118,70,-1,70,118,119,-1,70,119,90,-1,90,119,120,-1,90,120,91,-1,91,120,121,-1,91,121,93,-1,93,121,122,-1,93,122,95,-1,95,122,123,-1,95,123,97,-1,97,123,124,-1,97,124,98,-1,98,124,125,-1,98,125,76,-1,126,82,127,-1,127,82,80,-1,127,80,128,-1,128,80,78,-1,128,78,129,-1,129,78,76,-1,129,76,125,-1,126,130,82,-1,82,130,84,-1,130,131,84,-1,84,131,132,-1,84,132,86,-1,86,132,133,-1,86,133,87,-1,87,133,134,-1,87,134,39,-1,39,134,135,-1,39,135,37,-1,32,37,136,-1,136,37,135,-1,30,32,137,-1,137,32,136,-1,31,30,138,-1,138,30,137,-1,33,31,139,-1,139,31,138,-1,33,139,140,-1,33,140,66,-1,66,140,141,-1,66,141,64,-1,64,141,142,-1,64,142,62,-1,62,142,143,-1,62,143,60,-1,60,143,144,-1,60,144,58,-1,58,144,145,-1,58,145,56,-1,56,145,99,-1,56,99,54,-1,88,146,147,-1,88,147,73,-1,73,147,148,-1,73,148,74,-1,74,148,149,-1,74,149,34,-1,92,150,151,-1,92,151,71,-1,71,151,152,-1,71,152,69,-1,69,152,153,-1,69,153,43,-1,43,153,146,-1,43,146,88,-1,77,154,155,-1,77,155,75,-1,75,155,156,-1,75,156,96,-1,96,156,157,-1,96,157,94,-1,94,157,150,-1,94,150,92,-1,83,158,159,-1,83,159,81,-1,81,159,160,-1,81,160,79,-1,79,160,154,-1,79,154,77,-1,47,161,162,-1,47,162,38,-1,38,162,163,-1,38,163,40,-1,40,163,164,-1,40,164,85,-1,85,164,158,-1,85,158,83,-1,36,165,166,-1,36,166,44,-1,44,166,167,-1,44,167,45,-1,45,167,168,-1,45,168,46,-1,46,168,161,-1,46,161,47,-1,36,35,165,-1,165,35,169,-1,35,34,169,-1,169,34,149,-1,
        ]
    }
}
Shape{
    appearance Appearance {
        material  Material 	{
            diffuseColor 0.25098039215686274 0.25098039215686274 0.25098039215686274
            specularColor 0.12549019607843137 0.12549019607843137 0.12549019607843137
            ambientIntensity 0.251
            transparency 0.0
            shininess 0.5
        }
    }
    geometry IndexedFaceSet {
        ccw TRUE
        solid FALSE
        coord DEF co Coordinate {
            point [
                -0.4946 -0.6395 0.3031, -0.4946 -0.6392 0.3031, -0.5052 -0.6391 0.3031, -0.4946 -0.6366 0.3031, -0.5007 -0.6375 0.3031, -0.5036 -0.6381 0.3031, -0.5047 -0.6387 0.3031, -0.4949 -0.6416 0.3031, -0.5058 -0.6398 0.3031, -0.4955 -0.6432 0.3031, -0.5055 -0.6452 0.3031, -0.5051 -0.6455 0.3031, -0.4971 -0.6452 0.3031, -0.506 -0.6444 0.3031, -0.4984 -0.646 0.3031, -0.4998 -0.6465 0.3031, -0.5016 -0.6467 0.3031, -0.5062 -0.6407 0.3031, -0.5064 -0.6417 0.3031, -0.4965 -0.6446 0.3031, -0.5065 -0.6425 0.3031, -0.5064 -0.6435 0.3031, -0.5042 -0.6462 0.3031, -0.5032 -0.6466 0.3031
            ]
        }
        coordIndex [
            0,1,2,-1,1,3,4,-1,4,5,1,-1,1,5,6,-1,1,6,2,-1,0,2,7,-1,7,2,8,-1,7,8,9,-1,10,11,12,-1,10,12,13,-1,14,12,15,-1,15,12,16,-1,8,17,9,-1,9,17,18,-1,9,18,19,-1,19,18,20,-1,19,20,12,-1,12,20,21,-1,12,21,13,-1,11,22,12,-1,12,22,23,-1,12,23,16,-1,
        ]
    }
}
Shape{
    appearance Appearance {
        material  Material 	{
            diffuseColor 1.0 1.0 1.0
            specularColor 0.5019607843137255 0.5019607843137255 0.5019607843137255
            ambientIntensity 1.0
            transparency 0.0
            shininess 0.5
        }
    }
    geometry IndexedFaceSet {
        ccw TRUE
        solid FALSE
        coord DEF co Coordinate {
            point [
                -0.4836 -0.6442 0.3031, -0.4836 -0.6442 0.3071, -0.4818 -0.6453 0.3071, -0.476 -0.6468 0.3071, -0.476 -0.6468 0.3031, -0.4788 -0.6464 0.3031, -0.4788 -0.6464 0.3071, -0.4815 -0.6455 0.3031, -0.4818 -0.6453 0.3031, -0.4836 -0.649 0.3071, -0.4836 -0.649 0.3031, -0.4815 -0.6498 0.3031, -0.4808 -0.65 0.3071, -0.4764 -0.6506 0.3031, -0.4764 -0.6506 0.3071, -0.4791 -0.6502 0.3031, -0.4808 -0.65 0.3031, -0.4738 -0.6502 0.3031, -0.4723 -0.6501 0.3071, -0.4723 -0.6501 0.3031, -0.4698 -0.6491 0.3031, -0.4698 -0.6491 0.3071, -0.4687 -0.6484 0.3031, -0.4687 -0.6484 0.3071, -0.4674 -0.6473 0.3031, -0.4674 -0.6473 0.3071, -0.4665 -0.6461 0.3031, -0.4665 -0.6461 0.3071, -0.466 -0.6446 0.3031, -0.466 -0.6446 0.3071, -0.4657 -0.6427 0.3031, -0.4657 -0.6427 0.3071, -0.4659 -0.641 0.3031, -0.4659 -0.641 0.3071, -0.4664 -0.6396 0.3031, -0.4664 -0.6396 0.3071, -0.4673 -0.6383 0.3031, -0.4673 -0.6383 0.3071, -0.4684 -0.6374 0.3031, -0.4684 -0.6374 0.3071, -0.4715 -0.6356 0.3031, -0.4715 -0.6356 0.3071, -0.4733 -0.6349 0.3031, -0.4733 -0.6349 0.3071, -0.4762 -0.6337 0.3031, -0.4762 -0.6337 0.3071, -0.4778 -0.6326 0.3031, -0.4778 -0.6326 0.3071, -0.4782 -0.6321 0.3031, -0.4782 -0.6321 0.3071, -0.4786 -0.6315 0.3031, -0.4786 -0.6315 0.3071, -0.4788 -0.6308 0.3031, -0.4788 -0.6308 0.3071, -0.4788 -0.6302 0.3031, -0.4788 -0.6302 0.3071, -0.4787 -0.6294 0.3031, -0.4787 -0.6294 0.3071, -0.4785 -0.6288 0.3031, -0.4785 -0.6288 0.3071, -0.4781 -0.6282 0.3031, -0.4781 -0.6282 0.3071, -0.4774 -0.6276 0.3031, -0.4774 -0.6276 0.3071, -0.4764 -0.627 0.3031, -0.4764 -0.627 0.3071, -0.4751 -0.6267 0.3031, -0.4751 -0.6267 0.3071, -0.4737 -0.6266 0.3031, -0.4737 -0.6266 0.3071, -0.4708 -0.6269 0.3031, -0.4708 -0.6269 0.3071, -0.4681 -0.6279 0.3031, -0.4681 -0.6279 0.3071, -0.467 -0.6285 0.3031, -0.467 -0.6285 0.3071, -0.467 -0.624 0.3071, -0.467 -0.624 0.3031, -0.47 -0.6231 0.3031, -0.47 -0.6231 0.3071, -0.4733 -0.6228 0.3031, -0.4733 -0.6228 0.3071, -0.4765 -0.6232 0.3031, -0.4765 -0.6232 0.3071, -0.4791 -0.6241 0.3031, -0.4791 -0.6241 0.3071, -0.4806 -0.6249 0.3031, -0.4806 -0.6249 0.3071, -0.4815 -0.6257 0.3031, -0.482 -0.6262 0.3071, -0.482 -0.6262 0.3031, -0.4829 -0.6274 0.3031, -0.4829 -0.6274 0.3071, -0.4834 -0.6289 0.3031, -0.4834 -0.6289 0.3071, -0.4836 -0.6306 0.3031, -0.4836 -0.6306 0.3071, -0.4834 -0.6324 0.3031, -0.4834 -0.6324 0.3071, -0.4829 -0.6338 0.3031, -0.4829 -0.6338 0.3071, -0.4823 -0.6348 0.3031, -0.4823 -0.6348 0.3071, -0.4766 -0.6383 0.3031, -0.4766 -0.6383 0.3071, -0.4793 -0.637 0.3071, -0.4815 -0.6356 0.3031, -0.4815 -0.6356 0.3071, -0.4815 -0.6356 0.3031, -0.4793 -0.637 0.3031, -0.4735 -0.6396 0.3031, -0.4735 -0.6396 0.3071, -0.4717 -0.6407 0.3031, -0.4717 -0.6407 0.3071, -0.4711 -0.6413 0.3031, -0.4711 -0.6413 0.3071, -0.4708 -0.6419 0.3031, -0.4708 -0.6419 0.3071, -0.4705 -0.6426 0.3031, -0.4705 -0.6426 0.3071, -0.4705 -0.6432 0.3031, -0.4705 -0.6432 0.3071, -0.4706 -0.6441 0.3031, -0.4706 -0.6441 0.3071, -0.4708 -0.6447 0.3031, -0.4708 -0.6447 0.3071, -0.4712 -0.6453 0.3031, -0.4712 -0.6453 0.3071, -0.4718 -0.6458 0.3031, -0.4718 -0.6458 0.3071, -0.4722 -0.6461 0.3031, -0.4722 -0.6461 0.3071, -0.4734 -0.6465 0.3031, -0.4734 -0.6465 0.3071, -0.4758 -0.6468 0.3031, -0.4758 -0.6468 0.3071, -0.4427 -0.6235 0.3071, -0.4379 -0.6235 0.3071, -0.4427 -0.6235 0.3031, -0.4379 -0.6235 0.3031, -0.45 -0.6434 0.3071, -0.45 -0.6434 0.3031, -0.4503 -0.6446 0.3031, -0.4503 -0.6446 0.3071, -0.4505 -0.6455 0.3031, -0.4505 -0.6455 0.3071, -0.4506 -0.6455 0.3071, -0.4506 -0.6455 0.3031, -0.4512 -0.6433 0.3071, -0.4512 -0.6433 0.3031, -0.4581 -0.6235 0.3071, -0.4559 -0.6299 0.3031, -0.4581 -0.6235 0.3031, -0.4633 -0.6235 0.3071, -0.4633 -0.6235 0.3031, -0.4529 -0.6499 0.3071, -0.4559 -0.6424 0.3031, -0.4529 -0.6499 0.3031, -0.455 -0.6547 0.3031, -0.455 -0.6547 0.3071, -0.4531 -0.6502 0.3031, -0.4559 -0.6564 0.3031, -0.4559 -0.6564 0.3071, -0.4559 -0.6564 0.3031, -0.4568 -0.6573 0.3031, -0.4568 -0.6573 0.3071, -0.4576 -0.6579 0.3031, -0.4576 -0.6579 0.3071, -0.4586 -0.6583 0.3031, -0.4586 -0.6583 0.3071, -0.4597 -0.6584 0.3031, -0.4597 -0.6584 0.3071, -0.4614 -0.6582 0.3031, -0.4614 -0.6582 0.3071, -0.4624 -0.6579 0.3031, -0.4624 -0.6579 0.3071, -0.4624 -0.662 0.3071, -0.4624 -0.662 0.3031, -0.4604 -0.6624 0.3031, -0.4604 -0.6624 0.3071, -0.4594 -0.6624 0.3031, -0.4594 -0.6624 0.3071, -0.4575 -0.6622 0.3031, -0.4575 -0.6622 0.3071, -0.4559 -0.6616 0.3031, -0.4557 -0.6615 0.3071, -0.4557 -0.6615 0.3031, -0.454 -0.6603 0.3031, -0.454 -0.6603 0.3071, -0.4537 -0.6601 0.3031, -0.4537 -0.6601 0.3071, -0.452 -0.658 0.3031, -0.452 -0.658 0.3071, -0.4499 -0.6539 0.3031, -0.4499 -0.6539 0.3071, -0.4485 -0.6502 0.3031, -0.413 -0.6457 0.3071, -0.413 -0.6499 0.3071, -0.413 -0.6457 0.3031, -0.413 -0.6499 0.3031, -0.4281 -0.6457 0.3071, -0.4212 -0.6457 0.3031, -0.4281 -0.6457 0.3031, -0.4281 -0.6332 0.3071, -0.4281 -0.6332 0.3031, -0.4149 -0.6332 0.3071, -0.4212 -0.6332 0.3031, -0.4149 -0.6332 0.3031, -0.4149 -0.629 0.3071, -0.4149 -0.629 0.3031, -0.4281 -0.629 0.3031, -0.4281 -0.629 0.3071, -0.4212 -0.629 0.3031, -0.4281 -0.6171 0.3071, -0.4281 -0.6171 0.3031, -0.4138 -0.6171 0.3031, -0.4138 -0.6171 0.3071, -0.4212 -0.6171 0.3031, -0.4138 -0.6129 0.3071, -0.4138 -0.6129 0.3031, -0.4329 -0.6129 0.3031, -0.4329 -0.6129 0.3071, -0.4212 -0.6129 0.3031, -0.4329 -0.6499 0.3071, -0.4329 -0.6499 0.3031, -0.4212 -0.6499 0.3031, -0.3814 -0.6447 0.3071, -0.3852 -0.6422 0.3071, -0.3853 -0.6475 0.3071, -0.3876 -0.6439 0.3071, -0.3895 -0.6492 0.3071, -0.3907 -0.6451 0.3071, -0.3958 -0.6499 0.3071, -0.3958 -0.6457 0.3071, -0.406 -0.6499 0.3071, -0.4012 -0.6457 0.3071, -0.406 -0.6129 0.3071, -0.4012 -0.6171 0.3071, -0.3954 -0.6129 0.3071, -0.3956 -0.6171 0.3071, -0.3952 -0.6171 0.3071, -0.3897 -0.6135 0.3071, -0.3905 -0.6177 0.3071, -0.3853 -0.6151 0.3071, -0.3873 -0.6189 0.3071, -0.3814 -0.6178 0.3071, -0.3849 -0.6206 0.3071, -0.3801 -0.619 0.3071, -0.3838 -0.6216 0.3071, -0.3778 -0.6223 0.3071, -0.3824 -0.6237 0.3071, -0.3764 -0.6258 0.3071, -0.3814 -0.6264 0.3071, -0.3758 -0.6309 0.3071, -0.3808 -0.631 0.3071, -0.3759 -0.6333 0.3071, -0.381 -0.6336 0.3071, -0.3768 -0.6376 0.3071, -0.3817 -0.6369 0.3071, -0.3786 -0.6415 0.3071, -0.383 -0.6397 0.3071, -0.3848 -0.6418 0.3071, -0.3958 -0.6499 0.3031, -0.406 -0.6499 0.3031, -0.3895 -0.6492 0.3031, -0.3853 -0.6475 0.3031, -0.3814 -0.6447 0.3031, -0.3786 -0.6415 0.3031, -0.3768 -0.6376 0.3031, -0.3759 -0.6333 0.3031, -0.3758 -0.6309 0.3031, -0.3764 -0.6258 0.3031, -0.3778 -0.6223 0.3031, -0.3801 -0.619 0.3031, -0.3814 -0.6178 0.3031, -0.3853 -0.6151 0.3031, -0.3897 -0.6135 0.3031, -0.3954 -0.6129 0.3031, -0.406 -0.6129 0.3031, -0.3956 -0.6171 0.3031, -0.4012 -0.6171 0.3031, -0.4012 -0.6457 0.3031, -0.3958 -0.6457 0.3031, -0.3848 -0.6418 0.3031, -0.3852 -0.6422 0.3031, -0.3876 -0.6439 0.3031, -0.3907 -0.6451 0.3031, -0.3808 -0.631 0.3031, -0.381 -0.6336 0.3031, -0.3817 -0.6369 0.3031, -0.383 -0.6397 0.3031, -0.3849 -0.6206 0.3031, -0.3838 -0.6216 0.3031, -0.3824 -0.6237 0.3031, -0.3814 -0.6264 0.3031, -0.3952 -0.6171 0.3031, -0.3905 -0.6177 0.3031, -0.3873 -0.6189 0.3031
            ]
        }
        coordIndex [
            0,1,2,-1,3,4,5,-1,3,5,6,-1,6,5,7,-1,6,7,2,-1,2,7,8,-1,2,8,0,-1,9,1,10,-1,10,1,0,-1,10,11,9,-1,9,11,12,-1,13,14,15,-1,15,14,12,-1,15,12,16,-1,16,12,11,-1,13,17,14,-1,14,17,18,-1,17,19,18,-1,18,19,20,-1,18,20,21,-1,21,20,22,-1,21,22,23,-1,23,22,24,-1,23,24,25,-1,25,24,26,-1,25,26,27,-1,27,26,28,-1,27,28,29,-1,29,28,30,-1,29,30,31,-1,31,30,32,-1,31,32,33,-1,33,32,34,-1,33,34,35,-1,35,34,36,-1,35,36,37,-1,37,36,38,-1,37,38,39,-1,39,38,40,-1,39,40,41,-1,41,40,42,-1,41,42,43,-1,43,42,44,-1,43,44,45,-1,45,44,46,-1,45,46,47,-1,47,46,48,-1,47,48,49,-1,49,48,50,-1,49,50,51,-1,51,50,52,-1,51,52,53,-1,53,52,54,-1,53,54,55,-1,55,54,56,-1,55,56,57,-1,57,56,58,-1,57,58,59,-1,59,58,60,-1,59,60,61,-1,61,60,62,-1,61,62,63,-1,63,62,64,-1,63,64,65,-1,65,64,66,-1,65,66,67,-1,67,66,68,-1,67,68,69,-1,69,68,70,-1,69,70,71,-1,71,70,72,-1,71,72,73,-1,73,72,74,-1,73,74,75,-1,76,75,77,-1,77,75,74,-1,76,77,78,-1,76,78,79,-1,79,78,80,-1,79,80,81,-1,81,80,82,-1,81,82,83,-1,83,82,84,-1,83,84,85,-1,85,84,86,-1,85,86,87,-1,86,88,87,-1,87,88,89,-1,88,90,89,-1,89,90,91,-1,89,91,92,-1,92,91,93,-1,92,93,94,-1,94,93,95,-1,94,95,96,-1,96,95,97,-1,96,97,98,-1,98,97,99,-1,98,99,100,-1,100,99,101,-1,100,101,102,-1,103,104,105,-1,102,101,106,-1,102,106,107,-1,107,106,108,-1,107,108,105,-1,105,108,109,-1,105,109,103,-1,104,103,110,-1,104,110,111,-1,111,110,112,-1,111,112,113,-1,113,112,114,-1,113,114,115,-1,115,114,116,-1,115,116,117,-1,117,116,118,-1,117,118,119,-1,119,118,120,-1,119,120,121,-1,121,120,122,-1,121,122,123,-1,123,122,124,-1,123,124,125,-1,125,124,126,-1,125,126,127,-1,127,126,128,-1,127,128,129,-1,129,128,130,-1,129,130,131,-1,131,130,132,-1,131,132,133,-1,133,132,134,-1,133,134,135,-1,135,134,4,-1,135,4,3,-1,61,63,85,-1,85,63,83,-1,111,43,104,-1,104,43,45,-1,21,23,127,-1,127,23,25,-1,127,25,125,-1,125,25,27,-1,125,27,123,-1,123,27,29,-1,123,29,121,-1,121,29,31,-1,121,31,119,-1,119,31,33,-1,119,33,117,-1,117,33,35,-1,117,35,115,-1,115,35,37,-1,115,37,113,-1,113,37,39,-1,113,39,111,-1,111,39,41,-1,111,41,43,-1,14,3,12,-1,12,3,6,-1,12,6,9,-1,9,6,2,-1,9,2,1,-1,63,65,83,-1,83,65,67,-1,83,67,81,-1,81,67,69,-1,81,69,79,-1,79,69,71,-1,79,71,76,-1,76,71,73,-1,76,73,75,-1,127,129,21,-1,21,129,131,-1,21,131,18,-1,18,131,133,-1,18,133,14,-1,14,133,135,-1,14,135,3,-1,85,87,61,-1,61,87,89,-1,61,89,59,-1,59,89,92,-1,59,92,57,-1,57,92,94,-1,57,94,55,-1,55,94,96,-1,55,96,53,-1,53,96,98,-1,53,98,51,-1,51,98,100,-1,51,100,49,-1,49,100,102,-1,49,102,47,-1,47,102,107,-1,47,107,45,-1,45,107,105,-1,45,105,104,-1,136,137,138,-1,138,137,139,-1,140,136,141,-1,141,136,138,-1,140,141,142,-1,140,142,143,-1,143,142,144,-1,143,144,145,-1,146,145,147,-1,147,145,144,-1,148,146,149,-1,149,146,147,-1,148,149,150,-1,150,149,151,-1,150,151,152,-1,153,150,154,-1,154,150,152,-1,153,154,155,-1,155,154,156,-1,155,156,157,-1,158,159,160,-1,160,159,155,-1,160,155,157,-1,158,161,159,-1,159,161,162,-1,161,163,162,-1,162,163,164,-1,162,164,165,-1,165,164,166,-1,165,166,167,-1,167,166,168,-1,167,168,169,-1,169,168,170,-1,169,170,171,-1,171,170,172,-1,171,172,173,-1,173,172,174,-1,173,174,175,-1,176,175,177,-1,177,175,174,-1,176,177,178,-1,176,178,179,-1,179,178,180,-1,179,180,181,-1,181,180,182,-1,181,182,183,-1,183,182,184,-1,183,184,185,-1,184,186,185,-1,185,186,187,-1,185,187,188,-1,188,187,189,-1,188,189,190,-1,190,189,191,-1,190,191,192,-1,192,191,193,-1,192,193,194,-1,139,137,195,-1,195,137,194,-1,195,194,193,-1,143,145,194,-1,137,136,194,-1,194,136,140,-1,194,140,143,-1,150,153,148,-1,148,153,155,-1,148,155,146,-1,175,176,173,-1,173,176,179,-1,173,179,171,-1,171,179,181,-1,171,181,169,-1,169,181,183,-1,169,183,167,-1,167,183,185,-1,167,185,165,-1,145,146,194,-1,194,146,155,-1,194,155,192,-1,155,159,192,-1,192,159,162,-1,192,162,190,-1,190,162,165,-1,190,165,188,-1,188,165,185,-1,196,197,198,-1,198,197,199,-1,196,198,200,-1,200,198,201,-1,200,201,202,-1,203,200,204,-1,204,200,202,-1,203,204,205,-1,205,204,206,-1,205,206,207,-1,208,205,209,-1,209,205,207,-1,210,211,212,-1,212,211,208,-1,212,208,209,-1,213,211,214,-1,214,211,210,-1,215,216,217,-1,217,216,213,-1,217,213,214,-1,218,216,219,-1,219,216,215,-1,220,221,222,-1,222,221,218,-1,222,218,219,-1,223,221,224,-1,224,221,220,-1,223,224,197,-1,197,224,225,-1,197,225,199,-1,223,197,196,-1,196,200,223,-1,223,200,203,-1,223,203,221,-1,216,218,213,-1,213,218,221,-1,213,221,211,-1,211,221,203,-1,211,203,208,-1,208,203,205,-1,226,227,228,-1,228,227,229,-1,228,229,230,-1,230,229,231,-1,230,231,232,-1,232,231,233,-1,232,233,234,-1,234,233,235,-1,234,235,236,-1,236,235,237,-1,236,237,238,-1,237,239,238,-1,238,239,240,-1,238,240,241,-1,241,240,242,-1,241,242,243,-1,243,242,244,-1,243,244,245,-1,245,244,246,-1,245,246,247,-1,247,246,248,-1,247,248,249,-1,249,248,250,-1,249,250,251,-1,251,250,252,-1,251,252,253,-1,253,252,254,-1,253,254,255,-1,255,254,256,-1,255,256,257,-1,257,256,258,-1,257,258,259,-1,259,258,260,-1,259,260,226,-1,226,260,261,-1,226,261,227,-1,232,234,262,-1,262,234,263,-1,232,262,264,-1,232,264,230,-1,230,264,265,-1,230,265,228,-1,228,265,266,-1,228,266,226,-1,226,266,267,-1,226,267,259,-1,259,267,268,-1,259,268,257,-1,257,268,269,-1,257,269,255,-1,255,269,270,-1,255,270,253,-1,253,270,271,-1,253,271,251,-1,251,271,272,-1,251,272,249,-1,249,272,273,-1,249,273,247,-1,247,273,274,-1,247,274,245,-1,245,274,275,-1,245,275,243,-1,243,275,276,-1,243,276,241,-1,241,276,277,-1,241,277,238,-1,236,238,278,-1,278,238,277,-1,234,236,263,-1,263,236,278,-1,239,237,279,-1,279,237,280,-1,237,235,280,-1,280,235,281,-1,235,233,281,-1,281,233,282,-1,261,283,284,-1,261,284,227,-1,227,284,285,-1,227,285,229,-1,229,285,286,-1,229,286,231,-1,231,286,282,-1,231,282,233,-1,254,287,288,-1,254,288,256,-1,256,288,289,-1,256,289,258,-1,258,289,290,-1,258,290,260,-1,260,290,283,-1,260,283,261,-1,246,291,292,-1,246,292,248,-1,248,292,293,-1,248,293,250,-1,250,293,294,-1,250,294,252,-1,252,294,287,-1,252,287,254,-1,239,279,295,-1,239,295,240,-1,240,295,296,-1,240,296,242,-1,242,296,297,-1,242,297,244,-1,244,297,291,-1,244,291,246,-1,
        ]
    }
}
Shape{
    appearance Appearance {
        material  Material 	{
            diffuseColor 0.25098039215686274 0.25098039215686274 0.25098039215686274
            specularColor 0.12549019607843137 0.12549019607843137 0.12549019607843137
            ambientIntensity 0.251
            transparency 0.0
            shininess 0.5
        }
    }
    geometry IndexedFaceSet {
        ccw TRUE
        solid FALSE
        coord DEF co Coordinate {
            point [
                -0.3876 -0.6439 0.3031, -0.3852 -0.6422 0.3031, -0.3952 -0.6171 0.3031, -0.4012 -0.6171 0.3031, -0.4012 -0.6457 0.3031, -0.3956 -0.6171 0.3031, -0.3958 -0.6457 0.3031, -0.3907 -0.6451 0.3031, -0.3848 -0.6418 0.3031, -0.383 -0.6397 0.3031, -0.3817 -0.6369 0.3031, -0.3808 -0.631 0.3031, -0.3849 -0.6206 0.3031, -0.3873 -0.6189 0.3031, -0.3814 -0.6264 0.3031, -0.3824 -0.6237 0.3031, -0.3838 -0.6216 0.3031, -0.381 -0.6336 0.3031, -0.3905 -0.6177 0.3031
            ]
        }
        coordIndex [
            0,1,2,-1,3,4,5,-1,5,4,6,-1,5,6,2,-1,2,6,7,-1,2,7,0,-1,1,8,2,-1,2,8,9,-1,2,9,10,-1,11,12,13,-1,14,15,11,-1,11,15,16,-1,11,16,12,-1,10,17,2,-1,2,17,11,-1,2,11,18,-1,18,11,13,-1,
        ]
    }
}
Shape{
    appearance Appearance {
        material  Material 	{
            diffuseColor 1.0 1.0 1.0
            specularColor 0.5019607843137255 0.5019607843137255 0.5019607843137255
            ambientIntensity 1.0
            transparency 0.0
            shininess 0.5
        }
    }
    geometry IndexedFaceSet {
        ccw TRUE
        solid FALSE
        coord DEF co Coordinate {
            point [
                -0.3634 -0.6356 0.3071, -0.3649 -0.6398 0.3071, -0.3509 -0.6356 0.3071, -0.3494 -0.6398 0.3071, -0.3578 -0.6202 0.3071, -0.3596 -0.6129 0.3071, -0.3737 -0.6499 0.3071, -0.3684 -0.6499 0.3071, -0.3575 -0.6191 0.3071, -0.3572 -0.6176 0.3071, -0.3545 -0.6129 0.3071, -0.3571 -0.6176 0.3071, -0.3568 -0.6192 0.3071, -0.3565 -0.6202 0.3071, -0.3404 -0.6499 0.3071, -0.3457 -0.6499 0.3071, -0.3545 -0.6129 0.3031, -0.3404 -0.6499 0.3031, -0.3596 -0.6129 0.3031, -0.3737 -0.6499 0.3031, -0.3684 -0.6499 0.3031, -0.3649 -0.6398 0.3031, -0.3494 -0.6398 0.3031, -0.3457 -0.6499 0.3031, -0.3634 -0.6356 0.3031, -0.3509 -0.6356 0.3031, -0.3565 -0.6202 0.3031, -0.3571 -0.6176 0.3031, -0.3568 -0.6192 0.3031, -0.3572 -0.6176 0.3031, -0.3578 -0.6202 0.3031, -0.3575 -0.6191 0.3031
            ]
        }
        coordIndex [
            0,1,2,-1,2,1,3,-1,4,5,0,-1,0,5,6,-1,0,6,1,-1,1,6,7,-1,4,8,5,-1,5,8,9,-1,5,9,10,-1,10,9,11,-1,10,11,12,-1,12,13,10,-1,10,13,2,-1,10,2,14,-1,14,2,3,-1,14,3,15,-1,10,14,16,-1,16,14,17,-1,5,10,18,-1,18,10,16,-1,6,5,19,-1,19,5,18,-1,7,6,20,-1,20,6,19,-1,1,7,21,-1,21,7,20,-1,3,1,22,-1,22,1,21,-1,15,3,23,-1,23,3,22,-1,14,15,17,-1,17,15,23,-1,0,2,24,-1,24,2,25,-1,2,13,25,-1,25,13,26,-1,11,27,28,-1,11,28,12,-1,12,28,26,-1,12,26,13,-1,11,9,27,-1,27,9,29,-1,4,30,31,-1,4,31,8,-1,8,31,29,-1,8,29,9,-1,4,0,30,-1,30,0,24,-1,
        ]
    }
}
Shape{
    appearance Appearance {
        material  Material 	{
            diffuseColor 0.25098039215686274 0.25098039215686274 0.25098039215686274
            specularColor 0.12549019607843137 0.12549019607843137 0.12549019607843137
            ambientIntensity 0.251
            transparency 0.0
            shininess 0.5
        }
    }
    geometry IndexedFaceSet {
        ccw TRUE
        solid FALSE
        coord DEF co Coordinate {
            point [
                -0.3571 -0.6176 0.3031, -0.3572 -0.6176 0.3031, -0.3568 -0.6192 0.3031, -0.3575 -0.6191 0.3031, -0.3565 -0.6202 0.3031, -0.3578 -0.6202 0.3031, -0.3509 -0.6356 0.3031, -0.3634 -0.6356 0.3031
            ]
        }
        coordIndex [
            0,1,2,-1,2,1,3,-1,2,3,4,-1,4,3,5,-1,4,5,6,-1,6,5,7,-1,
        ]
    }
}
Shape{
    appearance Appearance {
        material  Material 	{
            diffuseColor 1.0 1.0 1.0
            specularColor 0.5019607843137255 0.5019607843137255 0.5019607843137255
            ambientIntensity 1.0
            transparency 0.0
            shininess 0.5
        }
    }
    geometry IndexedFaceSet {
        ccw TRUE
        solid FALSE
        coord DEF co Coordinate {
            point [
                -0.6993 -0.6552 0.3071, -0.6954 -0.66 0.3071, -0.7017 -0.6319 0.3071, -0.7062 -0.5861 0.3071, -0.7004 -0.5829 0.3071, -0.7018 -0.5667 0.3071, -0.6853 -0.566 0.3071, -0.6771 -0.5852 0.3071, -0.6731 -0.5769 0.3071, -0.6505 -0.6411 0.3071, -0.6505 -0.6385 0.3071, -0.6729 -0.632 0.3071, -0.6754 -0.6312 0.3071, -0.7074 -0.6283 0.3071, -0.7052 -0.6485 0.3071, -0.7019 -0.6495 0.3071, -0.6914 -0.5655 0.3071, -0.6689 -0.6352 0.3071, -0.6677 -0.6373 0.3071, -0.6507 -0.6438 0.3071, -0.6136 -0.619 0.3071, -0.6218 -0.605 0.3071, -0.6571 -0.6234 0.3071, -0.6771 -0.6311 0.3071, -0.6797 -0.6314 0.3071, -0.6832 -0.6152 0.3071, -0.682 -0.6323 0.3071, -0.689 -0.6175 0.3071, -0.684 -0.6337 0.3071, -0.6944 -0.6212 0.3071, -0.6853 -0.6351 0.3071, -0.6987 -0.6262 0.3071, -0.6866 -0.6373 0.3071, -0.6873 -0.6398 0.3071, -0.6874 -0.6423 0.3071, -0.6673 -0.6162 0.3071, -0.6737 -0.6147 0.3071, -0.6769 -0.6145 0.3071, -0.6707 -0.6334 0.3071, -0.6049 -0.5929 0.3071, -0.6028 -0.5929 0.3071, -0.592 -0.5786 0.3071, -0.5978 -0.5935 0.3071, -0.5907 -0.5791 0.3071, -0.5932 -0.5953 0.3071, -0.5829 -0.583 0.3071, -0.5757 -0.589 0.3071, -0.6799 -0.5597 0.3071, -0.6672 -0.5698 0.3071, -0.6737 -0.5544 0.3071, -0.6601 -0.5647 0.3071, -0.6663 -0.5499 0.3071, -0.6939 -0.5814 0.3071, -0.6911 -0.5813 0.3071, -0.6883 -0.5656 0.3071, -0.6849 -0.582 0.3071, -0.679 -0.5842 0.3071, -0.6868 -0.6448 0.3071, -0.6857 -0.647 0.3071, -0.6617 -0.6192 0.3071, -0.5757 -0.6382 0.3071, -0.588 -0.6277 0.3071, -0.5828 -0.6443 0.3071, -0.5919 -0.6309 0.3071, -0.5909 -0.6482 0.3071, -0.5965 -0.6331 0.3071, -0.5997 -0.6501 0.3071, -0.6012 -0.634 0.3071, -0.6152 -0.6501 0.3071, -0.6131 -0.634 0.3071, -0.6167 -0.6498 0.3071, -0.5891 -0.5981 0.3071, -0.5861 -0.6015 0.3071, -0.5703 -0.5965 0.3071, -0.5836 -0.606 0.3071, -0.5671 -0.6046 0.3071, -0.5824 -0.6111 0.3071, -0.5659 -0.6132 0.3071, -0.5823 -0.6134 0.3071, -0.5671 -0.6226 0.3071, -0.5829 -0.6186 0.3071, -0.5704 -0.6309 0.3071, -0.5847 -0.6232 0.3071, -0.5876 -0.6274 0.3071, -0.6062 -0.5578 0.3071, -0.6166 -0.5699 0.3071, -0.5972 -0.5685 0.3071, -0.6106 -0.577 0.3071, -0.6065 -0.5855 0.3071, -0.7167 -0.6012 0.3071, -0.734 -0.6056 0.3071, -0.7175 -0.6076 0.3071, -0.7341 -0.6081 0.3071, -0.7172 -0.6117 0.3071, -0.7328 -0.6185 0.3071, -0.7153 -0.6181 0.3071, -0.729 -0.6283 0.3071, -0.7121 -0.6235 0.3071, -0.723 -0.6369 0.3071, -0.7148 -0.6439 0.3071, -0.654 -0.5454 0.3071, -0.6515 -0.5612 0.3071, -0.6421 -0.5441 0.3071, -0.6418 -0.5599 0.3071, -0.6296 -0.5456 0.3071, -0.6329 -0.561 0.3071, -0.6166 -0.5507 0.3071, -0.6246 -0.5642 0.3071, -0.6172 -0.5693 0.3071, -0.7115 -0.5705 0.3071, -0.7199 -0.5764 0.3071, -0.7108 -0.5901 0.3071, -0.7217 -0.5781 0.3071, -0.7144 -0.5954 0.3071, -0.728 -0.5862 0.3071, -0.7322 -0.5957 0.3071, -0.667 -0.6397 0.3071, -0.6669 -0.6422 0.3071, -0.6522 -0.6503 0.3071, -0.6675 -0.6448 0.3071, -0.6553 -0.6562 0.3071, -0.6686 -0.6471 0.3071, -0.6594 -0.6608 0.3071, -0.6703 -0.649 0.3071, -0.6646 -0.6644 0.3071, -0.6723 -0.6504 0.3071, -0.6705 -0.6667 0.3071, -0.6746 -0.6513 0.3071, -0.6769 -0.6674 0.3071, -0.6771 -0.6516 0.3071, -0.6779 -0.6674 0.3071, -0.6776 -0.6516 0.3071, -0.6841 -0.6665 0.3071, -0.68 -0.6512 0.3071, -0.6902 -0.6639 0.3071, -0.6823 -0.6502 0.3071, -0.6844 -0.6487 0.3071, -0.6144 -0.6337 0.3071, -0.6208 -0.6473 0.3071, -0.6201 -0.6479 0.3071, -0.6136 -0.6339 0.3071, -0.6184 -0.6491 0.3071, -0.6229 -0.6419 0.3071, -0.6226 -0.6438 0.3071, -0.6219 -0.6456 0.3071, -0.6167 -0.634 0.3071, -0.6185 -0.6347 0.3071, -0.6228 -0.6408 0.3071, -0.6202 -0.6358 0.3071, -0.6212 -0.637 0.3071, -0.6223 -0.6388 0.3071, -0.6147 -0.6337 0.3071, -0.574 -0.5914 0.3031, -0.5703 -0.5965 0.3031, -0.568 -0.6023 0.3031, -0.5671 -0.6046 0.3031, -0.5659 -0.6132 0.3031, -0.5757 -0.589 0.3031, -0.5829 -0.583 0.3031, -0.5907 -0.5791 0.3031, -0.592 -0.5786 0.3031, -0.5972 -0.5685 0.3031, -0.6062 -0.5578 0.3031, -0.6121 -0.5537 0.3031, -0.6166 -0.5507 0.3031, -0.6296 -0.5456 0.3031, -0.6421 -0.5441 0.3031, -0.6737 -0.5544 0.3031, -0.6727 -0.5537 0.3031, -0.6663 -0.5499 0.3031, -0.654 -0.5454 0.3031, -0.6799 -0.5597 0.3031, -0.6853 -0.566 0.3031, -0.6883 -0.5656 0.3031, -0.6914 -0.5655 0.3031, -0.7018 -0.5667 0.3031, -0.7051 -0.568 0.3031, -0.7115 -0.5705 0.3031, -0.7199 -0.5764 0.3031, -0.7217 -0.5781 0.3031, -0.728 -0.5862 0.3031, -0.7303 -0.5914 0.3031, -0.7322 -0.5957 0.3031, -0.7334 -0.6023 0.3031, -0.734 -0.6056 0.3031, -0.7341 -0.6081 0.3031, -0.7328 -0.6185 0.3031, -0.729 -0.6283 0.3031, -0.723 -0.6369 0.3031, -0.7019 -0.6495 0.3031, -0.7051 -0.6486 0.3031, -0.7052 -0.6485 0.3031, -0.7148 -0.6439 0.3031, -0.7016 -0.6502 0.3031, -0.6993 -0.6552 0.3031, -0.6954 -0.66 0.3031, -0.6902 -0.6639 0.3031, -0.6878 -0.6649 0.3031, -0.6841 -0.6665 0.3031, -0.6779 -0.6674 0.3031, -0.6769 -0.6674 0.3031, -0.6505 -0.6411 0.3031, -0.6705 -0.6667 0.3031, -0.666 -0.6649 0.3031, -0.6646 -0.6644 0.3031, -0.6594 -0.6608 0.3031, -0.6553 -0.6562 0.3031, -0.6522 -0.6503 0.3031, -0.6522 -0.6502 0.3031, -0.6507 -0.6438 0.3031, -0.6505 -0.6385 0.3031, -0.6136 -0.619 0.3031, -0.6218 -0.605 0.3031, -0.6571 -0.6234 0.3031, -0.6617 -0.6192 0.3031, -0.6673 -0.6162 0.3031, -0.6737 -0.6147 0.3031, -0.6769 -0.6145 0.3031, -0.6832 -0.6152 0.3031, -0.689 -0.6175 0.3031, -0.6944 -0.6212 0.3031, -0.6987 -0.6262 0.3031, -0.7017 -0.6319 0.3031, -0.7051 -0.6297 0.3031, -0.7074 -0.6283 0.3031, -0.7121 -0.6235 0.3031, -0.7153 -0.6181 0.3031, -0.7172 -0.6117 0.3031, -0.7175 -0.6076 0.3031, -0.7168 -0.6023 0.3031, -0.7167 -0.6012 0.3031, -0.7144 -0.5954 0.3031, -0.7117 -0.5914 0.3031, -0.7108 -0.5901 0.3031, -0.7062 -0.5861 0.3031, -0.7051 -0.5855 0.3031, -0.7004 -0.5829 0.3031, -0.6939 -0.5814 0.3031, -0.6911 -0.5813 0.3031, -0.6849 -0.582 0.3031, -0.679 -0.5842 0.3031, -0.6771 -0.5852 0.3031, -0.6731 -0.5769 0.3031, -0.6672 -0.5698 0.3031, -0.6601 -0.5647 0.3031, -0.6515 -0.5612 0.3031, -0.6418 -0.5599 0.3031, -0.6049 -0.5929 0.3031, -0.6052 -0.5914 0.3031, -0.6065 -0.5855 0.3031, -0.6106 -0.577 0.3031, -0.6166 -0.5699 0.3031, -0.6172 -0.5693 0.3031, -0.6246 -0.5642 0.3031, -0.6329 -0.561 0.3031, -0.6028 -0.5929 0.3031, -0.5978 -0.5935 0.3031, -0.5932 -0.5953 0.3031, -0.5891 -0.5981 0.3031, -0.5861 -0.6015 0.3031, -0.5856 -0.6023 0.3031, -0.5836 -0.606 0.3031, -0.5824 -0.6111 0.3031, -0.5823 -0.6134 0.3031, -0.5829 -0.6186 0.3031, -0.5847 -0.6232 0.3031, -0.5876 -0.6274 0.3031, -0.588 -0.6277 0.3031, -0.5919 -0.6309 0.3031, -0.5965 -0.6331 0.3031, -0.6012 -0.634 0.3031, -0.6131 -0.634 0.3031, -0.6136 -0.6339 0.3031, -0.6144 -0.6337 0.3031, -0.6147 -0.6337 0.3031, -0.6167 -0.634 0.3031, -0.6185 -0.6347 0.3031, -0.6202 -0.6358 0.3031, -0.6212 -0.637 0.3031, -0.6223 -0.6388 0.3031, -0.6228 -0.6408 0.3031, -0.6229 -0.6419 0.3031, -0.6226 -0.6438 0.3031, -0.6219 -0.6456 0.3031, -0.6208 -0.6473 0.3031, -0.6201 -0.6479 0.3031, -0.6184 -0.6491 0.3031, -0.6167 -0.6498 0.3031, -0.6152 -0.6501 0.3031, -0.5997 -0.6501 0.3031, -0.5909 -0.6482 0.3031, -0.5828 -0.6443 0.3031, -0.5757 -0.6382 0.3031, -0.5704 -0.6309 0.3031, -0.5671 -0.6226 0.3031, -0.6771 -0.6311 0.3031, -0.6754 -0.6312 0.3031, -0.6729 -0.632 0.3031, -0.6707 -0.6334 0.3031, -0.6689 -0.6352 0.3031, -0.6677 -0.6373 0.3031, -0.667 -0.6397 0.3031, -0.6669 -0.6422 0.3031, -0.6675 -0.6448 0.3031, -0.6686 -0.6471 0.3031, -0.6703 -0.649 0.3031, -0.6723 -0.6504 0.3031, -0.6746 -0.6513 0.3031, -0.6771 -0.6516 0.3031, -0.6776 -0.6516 0.3031, -0.68 -0.6512 0.3031, -0.6823 -0.6502 0.3031, -0.6844 -0.6487 0.3031, -0.6857 -0.647 0.3031, -0.6868 -0.6448 0.3031, -0.6874 -0.6423 0.3031, -0.6873 -0.6398 0.3031, -0.6866 -0.6373 0.3031, -0.6853 -0.6351 0.3031, -0.684 -0.6337 0.3031, -0.682 -0.6323 0.3031, -0.6797 -0.6314 0.3031
            ]
        }
        coordIndex [
            0,1,2,-1,3,4,5,-1,6,7,8,-1,9,10,11,-1,11,10,12,-1,13,14,2,-1,2,14,15,-1,2,15,0,-1,5,4,16,-1,17,18,19,-1,20,21,10,-1,10,21,22,-1,10,22,12,-1,12,22,23,-1,24,25,26,-1,26,25,27,-1,26,27,28,-1,28,27,29,-1,28,29,30,-1,30,29,31,-1,30,31,32,-1,32,31,2,-1,32,2,33,-1,33,2,34,-1,35,36,24,-1,24,36,37,-1,24,37,25,-1,9,11,19,-1,19,11,38,-1,19,38,17,-1,39,40,41,-1,41,40,42,-1,41,42,43,-1,43,42,44,-1,43,44,45,-1,45,44,46,-1,6,8,47,-1,47,8,48,-1,47,48,49,-1,49,48,50,-1,49,50,51,-1,4,52,16,-1,16,52,53,-1,16,53,54,-1,54,53,55,-1,54,55,6,-1,6,55,56,-1,6,56,7,-1,34,2,57,-1,57,2,1,-1,57,1,58,-1,23,22,24,-1,24,22,59,-1,24,59,35,-1,60,61,62,-1,62,61,63,-1,62,63,64,-1,64,63,65,-1,64,65,66,-1,66,65,67,-1,66,67,68,-1,68,67,69,-1,68,69,70,-1,44,71,46,-1,46,71,72,-1,46,72,73,-1,73,72,74,-1,73,74,75,-1,75,74,76,-1,75,76,77,-1,77,76,78,-1,77,78,79,-1,79,78,80,-1,79,80,81,-1,81,80,82,-1,81,82,60,-1,60,82,83,-1,60,83,61,-1,84,85,86,-1,86,85,87,-1,86,87,41,-1,41,87,88,-1,41,88,39,-1,89,90,91,-1,91,90,92,-1,91,92,93,-1,93,92,94,-1,93,94,95,-1,95,94,96,-1,95,96,97,-1,97,96,98,-1,97,98,13,-1,13,98,99,-1,13,99,14,-1,51,50,100,-1,100,50,101,-1,100,101,102,-1,102,101,103,-1,102,103,104,-1,104,103,105,-1,104,105,106,-1,106,105,107,-1,106,107,84,-1,84,107,108,-1,84,108,85,-1,5,109,3,-1,3,109,110,-1,3,110,111,-1,111,110,112,-1,111,112,113,-1,113,112,114,-1,113,114,89,-1,89,114,115,-1,89,115,90,-1,18,116,19,-1,19,116,117,-1,19,117,118,-1,118,117,119,-1,118,119,120,-1,120,119,121,-1,120,121,122,-1,122,121,123,-1,122,123,124,-1,124,123,125,-1,124,125,126,-1,126,125,127,-1,126,127,128,-1,128,127,129,-1,128,129,130,-1,130,129,131,-1,130,131,132,-1,132,131,133,-1,132,133,134,-1,134,133,135,-1,134,135,1,-1,1,135,136,-1,1,136,58,-1,137,138,139,-1,69,140,70,-1,70,140,137,-1,70,137,141,-1,141,137,139,-1,142,143,137,-1,137,143,144,-1,137,144,138,-1,145,146,147,-1,146,148,147,-1,147,148,149,-1,147,149,150,-1,142,137,147,-1,147,137,151,-1,147,151,145,-1,152,46,153,-1,153,46,73,-1,153,73,154,-1,154,73,75,-1,154,75,155,-1,155,75,77,-1,155,77,156,-1,152,157,46,-1,46,157,158,-1,46,158,45,-1,45,158,159,-1,45,159,43,-1,43,159,160,-1,43,160,41,-1,41,160,161,-1,41,161,86,-1,86,161,162,-1,86,162,84,-1,84,162,106,-1,106,162,163,-1,163,164,106,-1,106,164,165,-1,106,165,104,-1,104,165,166,-1,104,166,102,-1,167,49,168,-1,168,49,51,-1,168,51,169,-1,169,51,100,-1,169,100,170,-1,170,100,102,-1,170,102,166,-1,49,167,171,-1,49,171,47,-1,47,171,172,-1,47,172,6,-1,6,172,173,-1,6,173,54,-1,54,173,174,-1,54,174,16,-1,16,174,175,-1,16,175,5,-1,5,175,176,-1,5,176,109,-1,176,177,109,-1,109,177,178,-1,109,178,110,-1,110,178,179,-1,110,179,112,-1,115,114,180,-1,180,114,112,-1,180,112,179,-1,180,181,115,-1,115,181,182,-1,115,182,90,-1,90,182,183,-1,183,184,90,-1,90,184,185,-1,90,185,92,-1,92,185,186,-1,92,186,94,-1,94,186,187,-1,94,187,96,-1,96,187,188,-1,96,188,98,-1,189,15,190,-1,190,15,14,-1,190,14,191,-1,191,14,99,-1,191,99,192,-1,192,99,98,-1,192,98,188,-1,15,189,193,-1,15,193,0,-1,193,194,0,-1,0,194,195,-1,0,195,1,-1,1,195,196,-1,1,196,134,-1,134,196,197,-1,134,197,132,-1,197,198,132,-1,132,198,199,-1,132,199,130,-1,130,199,200,-1,130,200,128,-1,201,9,19,-1,128,200,202,-1,128,202,126,-1,126,202,203,-1,126,203,124,-1,203,204,124,-1,124,204,205,-1,124,205,122,-1,122,205,206,-1,122,206,120,-1,120,206,207,-1,120,207,118,-1,118,207,208,-1,118,208,19,-1,19,208,209,-1,19,209,201,-1,10,9,210,-1,210,9,201,-1,20,10,211,-1,211,10,210,-1,21,20,212,-1,212,20,211,-1,22,21,213,-1,213,21,212,-1,22,213,214,-1,22,214,59,-1,59,214,215,-1,59,215,35,-1,35,215,216,-1,35,216,36,-1,36,216,217,-1,36,217,37,-1,37,217,218,-1,37,218,25,-1,25,218,219,-1,25,219,27,-1,27,219,220,-1,27,220,29,-1,29,220,221,-1,29,221,31,-1,31,221,222,-1,31,222,2,-1,2,222,13,-1,13,222,223,-1,223,224,13,-1,13,224,225,-1,13,225,97,-1,97,225,226,-1,97,226,95,-1,95,226,227,-1,95,227,93,-1,93,227,228,-1,93,228,91,-1,228,229,91,-1,91,229,89,-1,229,230,89,-1,89,230,231,-1,89,231,113,-1,113,231,232,-1,113,232,111,-1,232,233,111,-1,111,233,234,-1,111,234,3,-1,3,234,235,-1,3,235,4,-1,235,236,4,-1,4,236,237,-1,4,237,52,-1,52,237,238,-1,52,238,53,-1,53,238,239,-1,53,239,55,-1,55,239,240,-1,55,240,56,-1,56,240,241,-1,56,241,7,-1,7,241,242,-1,7,242,8,-1,8,242,243,-1,8,243,48,-1,48,243,244,-1,48,244,50,-1,50,244,245,-1,50,245,101,-1,101,245,246,-1,101,246,103,-1,247,39,248,-1,248,39,88,-1,248,88,249,-1,249,88,87,-1,249,87,250,-1,250,87,85,-1,250,85,251,-1,251,85,108,-1,251,108,252,-1,252,108,107,-1,252,107,253,-1,253,107,105,-1,253,105,254,-1,254,105,103,-1,254,103,246,-1,40,39,255,-1,255,39,247,-1,40,255,256,-1,40,256,42,-1,42,256,257,-1,42,257,44,-1,44,257,258,-1,44,258,71,-1,71,258,259,-1,71,259,72,-1,72,259,260,-1,72,260,74,-1,260,261,74,-1,74,261,262,-1,74,262,76,-1,76,262,263,-1,76,263,78,-1,78,263,264,-1,78,264,80,-1,80,264,265,-1,80,265,82,-1,82,265,266,-1,82,266,83,-1,83,266,267,-1,83,267,61,-1,61,267,268,-1,61,268,63,-1,63,268,269,-1,63,269,65,-1,65,269,270,-1,65,270,67,-1,69,67,271,-1,271,67,270,-1,69,271,272,-1,69,272,140,-1,140,272,273,-1,140,273,137,-1,137,273,274,-1,137,274,151,-1,151,274,275,-1,151,275,145,-1,145,275,276,-1,145,276,146,-1,146,276,277,-1,146,277,148,-1,148,277,278,-1,148,278,149,-1,149,278,279,-1,149,279,150,-1,150,279,280,-1,150,280,147,-1,147,280,281,-1,147,281,142,-1,142,281,282,-1,142,282,143,-1,143,282,283,-1,143,283,144,-1,144,283,284,-1,144,284,138,-1,138,284,285,-1,138,285,139,-1,139,285,286,-1,139,286,141,-1,141,286,287,-1,141,287,70,-1,70,287,288,-1,70,288,68,-1,66,68,289,-1,289,68,288,-1,66,289,290,-1,66,290,64,-1,64,290,291,-1,64,291,62,-1,62,291,292,-1,62,292,60,-1,60,292,293,-1,60,293,81,-1,81,293,294,-1,81,294,79,-1,79,294,156,-1,79,156,77,-1,23,295,296,-1,23,296,12,-1,12,296,297,-1,12,297,11,-1,11,297,298,-1,11,298,38,-1,38,298,299,-1,38,299,17,-1,17,299,300,-1,17,300,18,-1,18,300,301,-1,18,301,116,-1,116,301,302,-1,116,302,117,-1,117,302,303,-1,117,303,119,-1,119,303,304,-1,119,304,121,-1,121,304,305,-1,121,305,123,-1,123,305,306,-1,123,306,125,-1,125,306,307,-1,125,307,127,-1,127,307,308,-1,127,308,129,-1,129,308,309,-1,129,309,131,-1,131,309,310,-1,131,310,133,-1,133,310,311,-1,133,311,135,-1,135,311,312,-1,135,312,136,-1,136,312,313,-1,136,313,58,-1,58,313,314,-1,58,314,57,-1,57,314,315,-1,57,315,34,-1,34,315,316,-1,34,316,33,-1,33,316,317,-1,33,317,32,-1,32,317,318,-1,32,318,30,-1,30,318,319,-1,30,319,28,-1,28,319,320,-1,28,320,26,-1,26,320,321,-1,26,321,24,-1,24,321,295,-1,24,295,23,-1,
        ]
    }
}
Shape{
    appearance Appearance {
        material  Material 	{
            diffuseColor 0.25098039215686274 0.25098039215686274 0.25098039215686274
            specularColor 0.12549019607843137 0.12549019607843137 0.12549019607843137
            ambientIntensity 0.251
            transparency 0.0
            shininess 0.5
        }
    }
    geometry IndexedFaceSet {
        ccw TRUE
        solid FALSE
        coord DEF co Coordinate {
            point [
                -0.6797 -0.6314 0.3031, -0.682 -0.6323 0.3031, -0.6776 -0.6516 0.3031, -0.684 -0.6337 0.3031, -0.6853 -0.6351 0.3031, -0.6754 -0.6312 0.3031, -0.6771 -0.6516 0.3031, -0.6746 -0.6513 0.3031, -0.6771 -0.6311 0.3031, -0.6868 -0.6448 0.3031, -0.6857 -0.647 0.3031, -0.6844 -0.6487 0.3031, -0.6703 -0.649 0.3031, -0.6689 -0.6352 0.3031, -0.6707 -0.6334 0.3031, -0.6866 -0.6373 0.3031, -0.6873 -0.6398 0.3031, -0.6874 -0.6423 0.3031, -0.6823 -0.6502 0.3031, -0.68 -0.6512 0.3031, -0.6723 -0.6504 0.3031, -0.6729 -0.632 0.3031, -0.6675 -0.6448 0.3031, -0.6669 -0.6422 0.3031, -0.6686 -0.6471 0.3031, -0.667 -0.6397 0.3031, -0.6677 -0.6373 0.3031
            ]
        }
        coordIndex [
            0,1,2,-1,2,1,3,-1,2,3,4,-1,5,6,7,-1,6,5,2,-1,2,5,8,-1,2,8,0,-1,9,10,4,-1,4,10,11,-1,12,13,14,-1,15,16,4,-1,4,16,17,-1,4,17,9,-1,11,18,4,-1,4,18,19,-1,4,19,2,-1,7,20,5,-1,5,20,12,-1,5,12,21,-1,21,12,14,-1,22,23,24,-1,24,23,25,-1,24,25,12,-1,12,25,26,-1,12,26,13,-1,
        ]
    }
}
Shape{
    appearance Appearance {
        material  Material 	{
            diffuseColor 0.7529411764705882 0.7529411764705882 0.7529411764705882
            specularColor 0.3764705882352941 0.3764705882352941 0.3764705882352941
            ambientIntensity 0.7529
            transparency 0.0
            shininess 0.5
        }
    }
    geometry IndexedFaceSet {
        ccw TRUE
        solid FALSE
        coord DEF co Coordinate {
            point [
                -0.5315 0.3937 0.0079, -0.3937 0.5315 0.0079, -0.5315 0.3937 0.0, -0.3937 0.5315 0.0
            ]
        }
        coordIndex [
            0,1,2,-1,2,1,3,-1,
        ]
    }
}